Komentar,Username,Like,Sentimen,cleaning,case_folding,token,stopword,stemming
Ingat Bro..ubah cara pandang mu terhadap NKRI. Bahwa Dunia Butuh Indonesia ❤❤❤,@athilahkhaira979,0,Netral,Ingat Broubah cara pandang mu terhadap NKRI Bahwa Dunia Butuh Indonesia,ingat broubah cara pandang mu terhadap nkri bahwa dunia butuh indonesia,"['ingat', 'broubah', 'cara', 'pandang', 'mu', 'terhadap', 'nkri', 'bahwa', 'dunia', 'butuh', 'indonesia']","['ingat', 'broubah', 'cara', 'pandang', 'mu', 'terhadap', 'nkri', 'bahwa', 'dunia', 'butuh', 'indonesia']",ingat broubah cara pandang mu hadap nkri bahwa dunia butuh indonesia
Komparasi real dg negara2 yg relate sangat membantu pemahaman masyarakat awam👍,@JustEntpurposeo,0,Positif,Komparasi real dg negara yg relate sangat membantu pemahaman masyarakat awam,komparasi real dg negara yg relate sangat membantu pemahaman masyarakat awam,"['komparasi', 'real', 'dg', 'negara', 'yg', 'relate', 'sangat', 'membantu', 'pemahaman', 'masyarakat', 'awam']","['komparasi', 'real', 'dg', 'negara', 'yg', 'relate', 'sangat', 'membantu', 'pemahaman', 'masyarakat', 'awam']",komparasi real dg negara yg relate sangat bantu paham masyarakat awam
"SELL SINGAPORE AJA BIAR,JGN LIBURAN KE SINGAPORE BNYK UANG KORUPTOR DISANA",@AldyPurnomo-z2y,0,Netral,SELL SINGAPORE AJA BIARJGN LIBURAN KE SINGAPORE BNYK UANG KORUPTOR DISANA,sell singapore aja biarjgn liburan ke singapore bnyk uang koruptor disana,"['sell', 'singapore', 'aja', 'biarjgn', 'liburan', 'ke', 'singapore', 'bnyk', 'uang', 'koruptor', 'disana']","['sell', 'singapore', 'aja', 'biarjgn', 'liburan', 'singapore', 'bnyk', 'uang', 'koruptor', 'disana']",sell singapore aja biarjgn libur singapore bnyk uang koruptor sana
InsyaAllah Indonesia sangat baik bsik saja... Yakinlah Alloh SWT tdk tidur dalam serangan² media influenser g bertanggung jawab... Bravo NKRI... JANCURKAN MSCI,@edyhariprasetyo2905,0,Positif,InsyaAllah Indonesia sangat baik bsik saja Yakinlah Alloh SWT tdk tidur dalam serangan media influenser g bertanggung jawab Bravo NKRI JANCURKAN MSCI,insyaallah indonesia sangat baik bsik saja yakinlah alloh swt tdk tidur dalam serangan media influenser g bertanggung jawab bravo nkri jancurkan msci,"['insyaallah', 'indonesia', 'sangat', 'baik', 'bsik', 'saja', 'yakinlah', 'alloh', 'swt', 'tdk', 'tidur', 'dalam', 'serangan', 'media', 'influenser', 'g', 'bertanggung', 'jawab', 'bravo', 'nkri', 'jancurkan', 'msci']","['insyaallah', 'indonesia', 'sangat', 'baik', 'bsik', 'saja', 'yakinlah', 'alloh', 'swt', 'tdk', 'tidur', 'dalam', 'serangan', 'media', 'influenser', 'g', 'bertanggung', 'jawab', 'bravo', 'nkri', 'jancurkan', 'msci']",insyaallah indonesia sangat baik bsik saja yakin alloh swt tdk tidur dalam serang media influenser g tanggung jawab bravo nkri jancurkan msci
"prediksi om ben di secret level terkait review msci ditunda beneran terjadi 

ga masuk akal padahal penilaian kita termasuk yang bagus di EM",@isinyarandom8287,0,Positif,prediksi om ben di secret level terkait review msci ditunda beneran terjadi ga masuk akal padahal penilaian kita termasuk yang bagus di EM,prediksi om ben di secret level terkait review msci ditunda beneran terjadi ga masuk akal padahal penilaian kita termasuk yang bagus di em,"['prediksi', 'om', 'ben', 'di', 'secret', 'level', 'terkait', 'review', 'msci', 'ditunda', 'beneran', 'terjadi', 'ga', 'masuk', 'akal', 'padahal', 'penilaian', 'kita', 'termasuk', 'yang', 'bagus', 'di', 'em']","['prediksi', 'om', 'ben', 'secret', 'level', 'terkait', 'review', 'msci', 'ditunda', 'beneran', 'terjadi', 'ga', 'masuk', 'akal', 'padahal', 'penilaian', 'termasuk', 'bagus', 'em']",prediksi om ben secret level kait review msci tunda beneran jadi ga masuk akal padahal nilai masuk bagus em
"Itu aseng lagi bagi2x rejeki, tungguin aja ampe bottom ntar serok lage. Karena market indo ngga bisa short selling ini justru ngasih cuan",@philiphobbies,0,Netral,Itu aseng lagi bagix rejeki tungguin aja ampe bottom ntar serok lage Karena market indo ngga bisa short selling ini justru ngasih cuan,itu aseng lagi bagix rejeki tungguin aja ampe bottom ntar serok lage karena market indo ngga bisa short selling ini justru ngasih cuan,"['itu', 'aseng', 'lagi', 'bagix', 'rejeki', 'tungguin', 'aja', 'ampe', 'bottom', 'ntar', 'serok', 'lage', 'karena', 'market', 'indo', 'ngga', 'bisa', 'short', 'selling', 'ini', 'justru', 'ngasih', 'cuan']","['aseng', 'lagi', 'bagix', 'rejeki', 'tungguin', 'aja', 'ampe', 'bottom', 'ntar', 'serok', 'lage', 'market', 'indo', 'ngga', 'bisa', 'short', 'selling', 'justru', 'ngasih', 'cuan']",aseng lagi bagix rejeki tungguin aja ampe bottom ntar serok lage market indo ngga bisa short selling justru ngasih cuan
Tutup mbg&kmp hancurkan singapura,@bayenxzireq,0,Netral,Tutup mbgkmp hancurkan singapura,tutup mbgkmp hancurkan singapura,"['tutup', 'mbgkmp', 'hancurkan', 'singapura']","['tutup', 'mbgkmp', 'hancurkan', 'singapura']",tutup mbgkmp hancur singapura
"Kluarnya investor Singapura gak rugi banyak, bahkan akan untung banyak Indonesia tidak sampai krisis kolep di tinggal Singapura malah investor negara besar berdatangan Rusia cina Jerman bahkan Amerika Serikat tunduk keberanian kebijakan Indonesia menuju kemajuan Indonesia kedepannya akan menjadi pemain inti Indonesia menang banyaknya sumber daya alam dengan di olah sendiri Indonesia tingal menciptakan industri Alustista modern dan energi terbarukan di tambah banyaknya pertanian modern kemakmuran menyeluruh rakyat Indonesia akan terwujud Indonesia selamat tidak ada ketimpangan yang aktif banyak uang yang malas masih bisa dapat makan dari negara populasi rakyat Indonesia selamat",@budibudengg-28,0,Netral,Kluarnya investor Singapura gak rugi banyak bahkan akan untung banyak Indonesia tidak sampai krisis kolep di tinggal Singapura malah investor negara besar berdatangan Rusia cina Jerman bahkan Amerika Serikat tunduk keberanian kebijakan Indonesia menuju kemajuan Indonesia kedepannya akan menjadi pemain inti Indonesia menang banyaknya sumber daya alam dengan di olah sendiri Indonesia tingal menciptakan industri Alustista modern dan energi terbarukan di tambah banyaknya pertanian modern kemakmuran menyeluruh rakyat Indonesia akan terwujud Indonesia selamat tidak ada ketimpangan yang aktif banyak uang yang malas masih bisa dapat makan dari negara populasi rakyat Indonesia selamat,kluarnya investor singapura gak rugi banyak bahkan akan untung banyak indonesia tidak sampai krisis kolep di tinggal singapura malah investor negara besar berdatangan rusia cina jerman bahkan amerika serikat tunduk keberanian kebijakan indonesia menuju kemajuan indonesia kedepannya akan menjadi pemain inti indonesia menang banyaknya sumber daya alam dengan di olah sendiri indonesia tingal menciptakan industri alustista modern dan energi terbarukan di tambah banyaknya pertanian modern kemakmuran menyeluruh rakyat indonesia akan terwujud indonesia selamat tidak ada ketimpangan yang aktif banyak uang yang malas masih bisa dapat makan dari negara populasi rakyat indonesia selamat,"['kluarnya', 'investor', 'singapura', 'gak', 'rugi', 'banyak', 'bahkan', 'akan', 'untung', 'banyak', 'indonesia', 'tidak', 'sampai', 'krisis', 'kolep', 'di', 'tinggal', 'singapura', 'malah', 'investor', 'negara', 'besar', 'berdatangan', 'rusia', 'cina', 'jerman', 'bahkan', 'amerika', 'serikat', 'tunduk', 'keberanian', 'kebijakan', 'indonesia', 'menuju', 'kemajuan', 'indonesia', 'kedepannya', 'akan', 'menjadi', 'pemain', 'inti', 'indonesia', 'menang', 'banyaknya', 'sumber', 'daya', 'alam', 'dengan', 'di', 'olah', 'sendiri', 'indonesia', 'tingal', 'menciptakan', 'industri', 'alustista', 'modern', 'dan', 'energi', 'terbarukan', 'di', 'tambah', 'banyaknya', 'pertanian', 'modern', 'kemakmuran', 'menyeluruh', 'rakyat', 'indonesia', 'akan', 'terwujud', 'indonesia', 'selamat', 'tidak', 'ada', 'ketimpangan', 'yang', 'aktif', 'banyak', 'uang', 'yang', 'malas', 'masih', 'bisa', 'dapat', 'makan', 'dari', 'negara', 'populasi', 'rakyat', 'indonesia', 'selamat']","['kluarnya', 'investor', 'singapura', 'gak', 'rugi', 'banyak', 'bahkan', 'akan', 'untung', 'banyak', 'indonesia', 'tidak', 'sampai', 'krisis', 'kolep', 'tinggal', 'singapura', 'malah', 'investor', 'negara', 'besar', 'berdatangan', 'rusia', 'cina', 'jerman', 'bahkan', 'amerika', 'serikat', 'tunduk', 'keberanian', 'kebijakan', 'indonesia', 'menuju', 'kemajuan', 'indonesia', 'kedepannya', 'akan', 'menjadi', 'pemain', 'inti', 'indonesia', 'menang', 'banyaknya', 'sumber', 'daya', 'alam', 'olah', 'sendiri', 'indonesia', 'tingal', 'menciptakan', 'industri', 'alustista', 'modern', 'energi', 'terbarukan', 'tambah', 'banyaknya', 'pertanian', 'modern', 'kemakmuran', 'menyeluruh', 'rakyat', 'indonesia', 'akan', 'terwujud', 'indonesia', 'selamat', 'tidak', 'ada', 'ketimpangan', 'aktif', 'banyak', 'uang', 'malas', 'masih', 'bisa', 'dapat', 'makan', 'negara', 'populasi', 'rakyat', 'indonesia', 'selamat']",kluarnya investor singapura gak rugi banyak bahkan akan untung banyak indonesia tidak sampai krisis kolep tinggal singapura malah investor negara besar datang rusia cina jerman bahkan amerika serikat tunduk berani bijak indonesia tuju maju indonesia depan akan jadi main inti indonesia menang banyak sumber daya alam olah sendiri indonesia tingal cipta industri alustista modern energi baru tambah banyak tani modern makmur seluruh rakyat indonesia akan wujud indonesia selamat tidak ada timpang aktif banyak uang malas masih bisa dapat makan negara populasi rakyat indonesia selamat
enakan pake kemeja bang,@muhammadhamzah7762,0,Netral,enakan pake kemeja bang,enakan pake kemeja bang,"['enakan', 'pake', 'kemeja', 'bang']","['enakan', 'pake', 'kemeja', 'bang']",enak pake kemeja bang
Anjing² jos soros mana like nya 😂,@ahmadcasab84,0,Netral,Anjing jos soros mana like nya,anjing jos soros mana like nya,"['anjing', 'jos', 'soros', 'mana', 'like', 'nya']","['anjing', 'jos', 'soros', 'mana', 'like', 'nya']",anjing jos soros mana like nya
"banyak netizen bocah ngak ngerti cuman ikutan aja jelekin diri sendiri, inferiority complex parah, ya anggap itu 50%, sisanya buzzer soros atau pengkhianat bangsa.",@krisnandihs.8839,0,Negatif,banyak netizen bocah ngak ngerti cuman ikutan aja jelekin diri sendiri inferiority complex parah ya anggap itu sisanya buzzer soros atau pengkhianat bangsa,banyak netizen bocah ngak ngerti cuman ikutan aja jelekin diri sendiri inferiority complex parah ya anggap itu sisanya buzzer soros atau pengkhianat bangsa,"['banyak', 'netizen', 'bocah', 'ngak', 'ngerti', 'cuman', 'ikutan', 'aja', 'jelekin', 'diri', 'sendiri', 'inferiority', 'complex', 'parah', 'ya', 'anggap', 'itu', 'sisanya', 'buzzer', 'soros', 'atau', 'pengkhianat', 'bangsa']","['banyak', 'netizen', 'bocah', 'ngak', 'ngerti', 'cuman', 'ikutan', 'aja', 'jelekin', 'diri', 'sendiri', 'inferiority', 'complex', 'parah', 'ya', 'anggap', 'sisanya', 'buzzer', 'soros', 'pengkhianat', 'bangsa']",banyak netizen bocah ngak ngerti cuman ikut aja jelekin diri sendiri inferiority complex parah ya anggap sisa buzzer soros khianat bangsa
Ini hrus dibacah sma yg demo” mlu kerjaannya,@allucky3182,0,Netral,Ini hrus dibacah sma yg demo mlu kerjaannya,ini hrus dibacah sma yg demo mlu kerjaannya,"['ini', 'hrus', 'dibacah', 'sma', 'yg', 'demo', 'mlu', 'kerjaannya']","['hrus', 'dibacah', 'sma', 'yg', 'demo', 'mlu', 'kerjaannya']",hrus bacah sma yg demo mlu kerja
Saya setuju Dengan Benix pemikiran nya seperti prof Gema Astronaci ❤ berdasarkan data dan fakta... tp ya masih banyak rakyat dungu otak nasi bungkus lauk tahu bacem suka minum cendol,@leozimets1665,0,Positif,Saya setuju Dengan Benix pemikiran nya seperti prof Gema Astronaci berdasarkan data dan fakta tp ya masih banyak rakyat dungu otak nasi bungkus lauk tahu bacem suka minum cendol,saya setuju dengan benix pemikiran nya seperti prof gema astronaci berdasarkan data dan fakta tp ya masih banyak rakyat dungu otak nasi bungkus lauk tahu bacem suka minum cendol,"['saya', 'setuju', 'dengan', 'benix', 'pemikiran', 'nya', 'seperti', 'prof', 'gema', 'astronaci', 'berdasarkan', 'data', 'dan', 'fakta', 'tp', 'ya', 'masih', 'banyak', 'rakyat', 'dungu', 'otak', 'nasi', 'bungkus', 'lauk', 'tahu', 'bacem', 'suka', 'minum', 'cendol']","['setuju', 'benix', 'pemikiran', 'nya', 'seperti', 'prof', 'gema', 'astronaci', 'berdasarkan', 'data', 'fakta', 'tp', 'ya', 'masih', 'banyak', 'rakyat', 'dungu', 'otak', 'nasi', 'bungkus', 'lauk', 'tahu', 'bacem', 'suka', 'minum', 'cendol']",tuju benix pikir nya seperti prof gema astronaci dasar data fakta tp ya masih banyak rakyat dungu otak nasi bungkus lauk tahu bacem suka minum cendol
"aplikasi singapura perlu dikeluarkan dari indonesia seperti GRAB,SHOPIE,LAZADA",@SaukyIbra,0,Netral,aplikasi singapura perlu dikeluarkan dari indonesia seperti GRABSHOPIELAZADA,aplikasi singapura perlu dikeluarkan dari indonesia seperti grabshopielazada,"['aplikasi', 'singapura', 'perlu', 'dikeluarkan', 'dari', 'indonesia', 'seperti', 'grabshopielazada']","['aplikasi', 'singapura', 'perlu', 'dikeluarkan', 'indonesia', 'seperti', 'grabshopielazada']",aplikasi singapura perlu keluar indonesia seperti grabshopielazada
Kasi paham ben para antek2 asing,@Revolussioner,0,Netral,Kasi paham ben para antek asing,kasi paham ben para antek asing,"['kasi', 'paham', 'ben', 'para', 'antek', 'asing']","['kasi', 'paham', 'ben', 'para', 'antek', 'asing']",kasi paham ben para antek asing
"Mumpung harga saham lagi anjlok gegara orang² bodoh yg gampang di takut²i orang soros dan antek Singapura, mendingan kita yg waras saatnya beli...mumpung lagih murah😊",@pahreppy,0,Netral,Mumpung harga saham lagi anjlok gegara orang bodoh yg gampang di takuti orang soros dan antek Singapura mendingan kita yg waras saatnya belimumpung lagih murah,mumpung harga saham lagi anjlok gegara orang bodoh yg gampang di takuti orang soros dan antek singapura mendingan kita yg waras saatnya belimumpung lagih murah,"['mumpung', 'harga', 'saham', 'lagi', 'anjlok', 'gegara', 'orang', 'bodoh', 'yg', 'gampang', 'di', 'takuti', 'orang', 'soros', 'dan', 'antek', 'singapura', 'mendingan', 'kita', 'yg', 'waras', 'saatnya', 'belimumpung', 'lagih', 'murah']","['mumpung', 'harga', 'saham', 'lagi', 'anjlok', 'gegara', 'orang', 'bodoh', 'yg', 'gampang', 'takuti', 'orang', 'soros', 'antek', 'singapura', 'mendingan', 'yg', 'waras', 'saatnya', 'belimumpung', 'lagih', 'murah']",mumpung harga saham lagi anjlok gegara orang bodoh yg gampang takut orang soros antek singapura mending yg waras saat belimumpung lagih murah
Kominfo ga ada fungsi nya. Masa makin kesini makin banyak berita dan konten hoax. Gila kaya ga ada filter nya,@sailormoon3943,0,Netral,Kominfo ga ada fungsi nya Masa makin kesini makin banyak berita dan konten hoax Gila kaya ga ada filter nya,kominfo ga ada fungsi nya masa makin kesini makin banyak berita dan konten hoax gila kaya ga ada filter nya,"['kominfo', 'ga', 'ada', 'fungsi', 'nya', 'masa', 'makin', 'kesini', 'makin', 'banyak', 'berita', 'dan', 'konten', 'hoax', 'gila', 'kaya', 'ga', 'ada', 'filter', 'nya']","['kominfo', 'ga', 'ada', 'fungsi', 'nya', 'masa', 'makin', 'kesini', 'makin', 'banyak', 'berita', 'konten', 'hoax', 'gila', 'kaya', 'ga', 'ada', 'filter', 'nya']",kominfo ga ada fungsi nya masa makin kesini makin banyak berita konten hoax gila kaya ga ada filter nya
Monggo cabut. Biar prusahaan indo milik orang indo 🥳 harga turun itu saatnya kulakan 🤑,@denis.setiawn,0,Netral,Monggo cabut Biar prusahaan indo milik orang indo harga turun itu saatnya kulakan,monggo cabut biar prusahaan indo milik orang indo harga turun itu saatnya kulakan,"['monggo', 'cabut', 'biar', 'prusahaan', 'indo', 'milik', 'orang', 'indo', 'harga', 'turun', 'itu', 'saatnya', 'kulakan']","['monggo', 'cabut', 'biar', 'prusahaan', 'indo', 'milik', 'orang', 'indo', 'harga', 'turun', 'saatnya', 'kulakan']",monggo cabut biar prusahaan indo milik orang indo harga turun saat kulak
Siapa si msci itu😅,@salfa.petualang,0,Netral,Siapa si msci itu,siapa si msci itu,"['siapa', 'si', 'msci', 'itu']","['siapa', 'si', 'msci']",siapa si msci
Klo gua jadi presidennya....dah gua coret dari wni tu monyet2 yg berfikir 0,@harunmustofa5208,0,Netral,Klo gua jadi presidennyadah gua coret dari wni tu monyet yg berfikir,klo gua jadi presidennyadah gua coret dari wni tu monyet yg berfikir,"['klo', 'gua', 'jadi', 'presidennyadah', 'gua', 'coret', 'dari', 'wni', 'tu', 'monyet', 'yg', 'berfikir']","['klo', 'gua', 'jadi', 'presidennyadah', 'gua', 'coret', 'wni', 'tu', 'monyet', 'yg', 'berfikir']",klo gua jadi presidennyadah gua coret wni tu monyet yg berfikir
Go coin Sama marketchap  mirip bulan??,@erique_charles,0,Netral,Go coin Sama marketchap mirip bulan,go coin sama marketchap mirip bulan,"['go', 'coin', 'sama', 'marketchap', 'mirip', 'bulan']","['go', 'coin', 'sama', 'marketchap', 'mirip', 'bulan']",go coin sama marketchap mirip bulan
"wkwkwkw... selalu seru dengar ulasan Om Bennix... (spill donk kaos polo nya beli dimana, keren tuh.. hehehe , ada yang endorse..?) hihihi",@Fung-w8t,0,Netral,wkwkwkw selalu seru dengar ulasan Om Bennix spill donk kaos polo nya beli dimana keren tuh hehehe ada yang endorse hihihi,wkwkwkw selalu seru dengar ulasan om bennix spill donk kaos polo nya beli dimana keren tuh hehehe ada yang endorse hihihi,"['wkwkwkw', 'selalu', 'seru', 'dengar', 'ulasan', 'om', 'bennix', 'spill', 'donk', 'kaos', 'polo', 'nya', 'beli', 'dimana', 'keren', 'tuh', 'hehehe', 'ada', 'yang', 'endorse', 'hihihi']","['wkwkwkw', 'selalu', 'seru', 'dengar', 'ulasan', 'om', 'bennix', 'spill', 'donk', 'kaos', 'polo', 'nya', 'beli', 'dimana', 'keren', 'tuh', 'hehehe', 'ada', 'endorse', 'hihihi']",wkwkwkw selalu seru dengar ulas om bennix spill donk kaos polo nya beli mana keren tuh hehehe ada endorse hihihi
besok.saham meroket amin,@ferdywijaya3847,1,Netral,besoksaham meroket amin,besoksaham meroket amin,"['besoksaham', 'meroket', 'amin']","['besoksaham', 'meroket', 'amin']",besoksaham roket amin
Suarakan terus kebenaran..bung bennix..terlalu banyak yg tolol di Indonesia.,@despiliang4995,0,Netral,Suarakan terus kebenaranbung bennixterlalu banyak yg tolol di Indonesia,suarakan terus kebenaranbung bennixterlalu banyak yg tolol di indonesia,"['suarakan', 'terus', 'kebenaranbung', 'bennixterlalu', 'banyak', 'yg', 'tolol', 'di', 'indonesia']","['suarakan', 'terus', 'kebenaranbung', 'bennixterlalu', 'banyak', 'yg', 'tolol', 'indonesia']",suara terus kebenaranbung bennixterlalu banyak yg tolol indonesia
👍🙏🇮🇩,@jajangsaepudin-23,0,Netral,,,[],[],
"Banyak warga Indonesia yg dibayar sm George Soros makanya komennya pada negatif ke negara sendiri. 😂🤣
Maklum lah SDM rendah makanya gampang dibayar yg penting perut kenyang. 🤮😏",@jojo.1896,0,Netral,Banyak warga Indonesia yg dibayar sm George Soros makanya komennya pada negatif ke negara sendiri Maklum lah SDM rendah makanya gampang dibayar yg penting perut kenyang,banyak warga indonesia yg dibayar sm george soros makanya komennya pada negatif ke negara sendiri maklum lah sdm rendah makanya gampang dibayar yg penting perut kenyang,"['banyak', 'warga', 'indonesia', 'yg', 'dibayar', 'sm', 'george', 'soros', 'makanya', 'komennya', 'pada', 'negatif', 'ke', 'negara', 'sendiri', 'maklum', 'lah', 'sdm', 'rendah', 'makanya', 'gampang', 'dibayar', 'yg', 'penting', 'perut', 'kenyang']","['banyak', 'warga', 'indonesia', 'yg', 'dibayar', 'sm', 'george', 'soros', 'makanya', 'komennya', 'negatif', 'negara', 'sendiri', 'maklum', 'lah', 'sdm', 'rendah', 'makanya', 'gampang', 'dibayar', 'yg', 'penting', 'perut', 'kenyang']",banyak warga indonesia yg bayar sm george soros makanya komennya negatif negara sendiri maklum lah sdm rendah makanya gampang bayar yg penting perut kenyang
"Cara dapat uang saat ini: tebak2an saham yg akan naik dan turun ditambah frame seolah2 analisa dan fundamental. Kalau tebakan benar maka akan ngmg ""tuh kan saya udh ngmg"", kalau tebakan salah ""itu karena soros, elit global bla bla"". Sayangnya, ada aja orang orang berlagak pintar mempercayainya tanpa mengkritisi",@rakyatbiasa837,0,Netral,Cara dapat uang saat ini tebakan saham yg akan naik dan turun ditambah frame seolah analisa dan fundamental Kalau tebakan benar maka akan ngmg tuh kan saya udh ngmg kalau tebakan salah itu karena soros elit global bla bla Sayangnya ada aja orang orang berlagak pintar mempercayainya tanpa mengkritisi,cara dapat uang saat ini tebakan saham yg akan naik dan turun ditambah frame seolah analisa dan fundamental kalau tebakan benar maka akan ngmg tuh kan saya udh ngmg kalau tebakan salah itu karena soros elit global bla bla sayangnya ada aja orang orang berlagak pintar mempercayainya tanpa mengkritisi,"['cara', 'dapat', 'uang', 'saat', 'ini', 'tebakan', 'saham', 'yg', 'akan', 'naik', 'dan', 'turun', 'ditambah', 'frame', 'seolah', 'analisa', 'dan', 'fundamental', 'kalau', 'tebakan', 'benar', 'maka', 'akan', 'ngmg', 'tuh', 'kan', 'saya', 'udh', 'ngmg', 'kalau', 'tebakan', 'salah', 'itu', 'karena', 'soros', 'elit', 'global', 'bla', 'bla', 'sayangnya', 'ada', 'aja', 'orang', 'orang', 'berlagak', 'pintar', 'mempercayainya', 'tanpa', 'mengkritisi']","['cara', 'dapat', 'uang', 'saat', 'tebakan', 'saham', 'yg', 'akan', 'naik', 'turun', 'ditambah', 'frame', 'seolah', 'analisa', 'fundamental', 'kalau', 'tebakan', 'benar', 'maka', 'akan', 'ngmg', 'tuh', 'kan', 'udh', 'ngmg', 'kalau', 'tebakan', 'salah', 'soros', 'elit', 'global', 'bla', 'bla', 'sayangnya', 'ada', 'aja', 'orang', 'orang', 'berlagak', 'pintar', 'mempercayainya', 'tanpa', 'mengkritisi']",cara dapat uang saat tebak saham yg akan naik turun tambah frame olah analisa fundamental kalau tebak benar maka akan ngmg tuh kan udh ngmg kalau tebak salah soros elit global bla bla sayang ada aja orang orang lagak pintar percaya tanpa kritisi
"Sejak gw ngikutin chanel ini gw jdi semakin yakin klo emiten yg harga sahamnya naik dua kali,  tiga kali lipat di bursa itu hanya mainan.,",@mizukiakira2996,0,Netral,Sejak gw ngikutin chanel ini gw jdi semakin yakin klo emiten yg harga sahamnya naik dua kali tiga kali lipat di bursa itu hanya mainan,sejak gw ngikutin chanel ini gw jdi semakin yakin klo emiten yg harga sahamnya naik dua kali tiga kali lipat di bursa itu hanya mainan,"['sejak', 'gw', 'ngikutin', 'chanel', 'ini', 'gw', 'jdi', 'semakin', 'yakin', 'klo', 'emiten', 'yg', 'harga', 'sahamnya', 'naik', 'dua', 'kali', 'tiga', 'kali', 'lipat', 'di', 'bursa', 'itu', 'hanya', 'mainan']","['sejak', 'gw', 'ngikutin', 'chanel', 'gw', 'jdi', 'semakin', 'yakin', 'klo', 'emiten', 'yg', 'harga', 'sahamnya', 'naik', 'dua', 'kali', 'tiga', 'kali', 'lipat', 'bursa', 'hanya', 'mainan']",sejak gw ngikutin chanel gw jdi makin yakin klo emiten yg harga saham naik dua kali tiga kali lipat bursa hanya main
"GA MUNGKIN  Morgan Stanley salah  lapor. Data yang mereka kumpulin adalah profesional, terkutip dari real player & real investor. 

HARUSNYA Indonesia baiki diri sendiri secara jujur.",@mahdiismail8853,0,Positif,GA MUNGKIN Morgan Stanley salah lapor Data yang mereka kumpulin adalah profesional terkutip dari real player real investor HARUSNYA Indonesia baiki diri sendiri secara jujur,ga mungkin morgan stanley salah lapor data yang mereka kumpulin adalah profesional terkutip dari real player real investor harusnya indonesia baiki diri sendiri secara jujur,"['ga', 'mungkin', 'morgan', 'stanley', 'salah', 'lapor', 'data', 'yang', 'mereka', 'kumpulin', 'adalah', 'profesional', 'terkutip', 'dari', 'real', 'player', 'real', 'investor', 'harusnya', 'indonesia', 'baiki', 'diri', 'sendiri', 'secara', 'jujur']","['ga', 'mungkin', 'morgan', 'stanley', 'salah', 'lapor', 'data', 'mereka', 'kumpulin', 'profesional', 'terkutip', 'real', 'player', 'real', 'investor', 'harusnya', 'indonesia', 'baiki', 'diri', 'sendiri', 'secara', 'jujur']",ga mungkin morgan stanley salah lapor data mereka kumpulin profesional kutip real player real investor harus indonesia baik diri sendiri cara jujur
#SELL_SINGAPUR beli Genset dan Baterai A3 Buat Remot Ac Non Karbon...,@joni29927,0,Netral,beli Genset dan Baterai A Buat Remot Ac Non Karbon,beli genset dan baterai a buat remot ac non karbon,"['beli', 'genset', 'dan', 'baterai', 'a', 'buat', 'remot', 'ac', 'non', 'karbon']","['beli', 'genset', 'baterai', 'a', 'buat', 'remot', 'ac', 'non', 'karbon']",beli genset baterai a buat remot ac non karbon
ihsg juli akan 🚀🚀🚀🚀🚀,@solichanahmad,0,Netral,ihsg juli akan,ihsg juli akan,"['ihsg', 'juli', 'akan']","['ihsg', 'juli', 'akan']",ihsg juli akan
Tidak Usah Indonesia kerjasama apapun dengan Singapura tidak ada manfaatnya.,@igedematra7338,0,Netral,Tidak Usah Indonesia kerjasama apapun dengan Singapura tidak ada manfaatnya,tidak usah indonesia kerjasama apapun dengan singapura tidak ada manfaatnya,"['tidak', 'usah', 'indonesia', 'kerjasama', 'apapun', 'dengan', 'singapura', 'tidak', 'ada', 'manfaatnya']","['tidak', 'usah', 'indonesia', 'kerjasama', 'apapun', 'singapura', 'tidak', 'ada', 'manfaatnya']",tidak usah indonesia kerjasama apa singapura tidak ada manfaat
GUE HIMBAU KE SELURUH BANGSA INDONESIA 278 JUTA RAKYAT INDONESIA UNTUK RAME2 KENCINGIN PULAU SINGAPORE BIAR TENGGELAM....,@saifullahalamsyah7765,1,Netral,GUE HIMBAU KE SELURUH BANGSA INDONESIA JUTA RAKYAT INDONESIA UNTUK RAME KENCINGIN PULAU SINGAPORE BIAR TENGGELAM,gue himbau ke seluruh bangsa indonesia juta rakyat indonesia untuk rame kencingin pulau singapore biar tenggelam,"['gue', 'himbau', 'ke', 'seluruh', 'bangsa', 'indonesia', 'juta', 'rakyat', 'indonesia', 'untuk', 'rame', 'kencingin', 'pulau', 'singapore', 'biar', 'tenggelam']","['gue', 'himbau', 'seluruh', 'bangsa', 'indonesia', 'juta', 'rakyat', 'indonesia', 'rame', 'kencingin', 'pulau', 'singapore', 'biar', 'tenggelam']",gue himbau seluruh bangsa indonesia juta rakyat indonesia rame kencingin pulau singapore biar tenggelam
"Stuju  pak benix.. Mari kita sama memberitakan indonesia yang positif sya tidak bisa berkuntribusi kenegara karna kterbatasan pengetahuan tapi sedikitnya saya tiap bulan megirim ringgit ke kampung walau tidak seberapa tapi setidaknya ada devisa negara yg saya buat utk memajukan negara indonesiaku dengan bekerja di luar negri, daripada orang2 yang asyik menyalahkan pemerintah apalagi sampai trima uang dari orang yg mau merusak negara, salam orang lombok dari serawak malaysia",@MahmudZaeniah,1,Netral,Stuju pak benix Mari kita sama memberitakan indonesia yang positif sya tidak bisa berkuntribusi kenegara karna kterbatasan pengetahuan tapi sedikitnya saya tiap bulan megirim ringgit ke kampung walau tidak seberapa tapi setidaknya ada devisa negara yg saya buat utk memajukan negara indonesiaku dengan bekerja di luar negri daripada orang yang asyik menyalahkan pemerintah apalagi sampai trima uang dari orang yg mau merusak negara salam orang lombok dari serawak malaysia,stuju pak benix mari kita sama memberitakan indonesia yang positif sya tidak bisa berkuntribusi kenegara karna kterbatasan pengetahuan tapi sedikitnya saya tiap bulan megirim ringgit ke kampung walau tidak seberapa tapi setidaknya ada devisa negara yg saya buat utk memajukan negara indonesiaku dengan bekerja di luar negri daripada orang yang asyik menyalahkan pemerintah apalagi sampai trima uang dari orang yg mau merusak negara salam orang lombok dari serawak malaysia,"['stuju', 'pak', 'benix', 'mari', 'kita', 'sama', 'memberitakan', 'indonesia', 'yang', 'positif', 'sya', 'tidak', 'bisa', 'berkuntribusi', 'kenegara', 'karna', 'kterbatasan', 'pengetahuan', 'tapi', 'sedikitnya', 'saya', 'tiap', 'bulan', 'megirim', 'ringgit', 'ke', 'kampung', 'walau', 'tidak', 'seberapa', 'tapi', 'setidaknya', 'ada', 'devisa', 'negara', 'yg', 'saya', 'buat', 'utk', 'memajukan', 'negara', 'indonesiaku', 'dengan', 'bekerja', 'di', 'luar', 'negri', 'daripada', 'orang', 'yang', 'asyik', 'menyalahkan', 'pemerintah', 'apalagi', 'sampai', 'trima', 'uang', 'dari', 'orang', 'yg', 'mau', 'merusak', 'negara', 'salam', 'orang', 'lombok', 'dari', 'serawak', 'malaysia']","['stuju', 'pak', 'benix', 'mari', 'sama', 'memberitakan', 'indonesia', 'positif', 'sya', 'tidak', 'bisa', 'berkuntribusi', 'kenegara', 'karna', 'kterbatasan', 'pengetahuan', 'tapi', 'sedikitnya', 'tiap', 'bulan', 'megirim', 'ringgit', 'kampung', 'walau', 'tidak', 'seberapa', 'tapi', 'setidaknya', 'ada', 'devisa', 'negara', 'yg', 'buat', 'utk', 'memajukan', 'negara', 'indonesiaku', 'bekerja', 'luar', 'negri', 'daripada', 'orang', 'asyik', 'menyalahkan', 'pemerintah', 'apalagi', 'sampai', 'trima', 'uang', 'orang', 'yg', 'mau', 'merusak', 'negara', 'salam', 'orang', 'lombok', 'serawak', 'malaysia']",stuju pak benix mari sama berita indonesia positif sya tidak bisa berkuntribusi negara karna kterbatasan tahu tapi sedikit tiap bulan megirim ringgit kampung walau tidak berapa tapi tidak ada devisa negara yg buat utk maju negara indonesia kerja luar negri daripada orang asyik salah perintah apalagi sampai trima uang orang yg mau rusak negara salam orang lombok serawak malaysia
Kumpulan orang2 tolol....yang mengatakan Indonesia bangkrut....cuci otak sama asing.....,@bangsonni,0,Netral,Kumpulan orang tololyang mengatakan Indonesia bangkrutcuci otak sama asing,kumpulan orang tololyang mengatakan indonesia bangkrutcuci otak sama asing,"['kumpulan', 'orang', 'tololyang', 'mengatakan', 'indonesia', 'bangkrutcuci', 'otak', 'sama', 'asing']","['kumpulan', 'orang', 'tololyang', 'mengatakan', 'indonesia', 'bangkrutcuci', 'otak', 'sama', 'asing']",kumpul orang tololyang kata indonesia bangkrutcuci otak sama asing
Asing itu oligarki yang simpan duit diluar ntar juga balik lagi,@adnantambun8907,0,Netral,Asing itu oligarki yang simpan duit diluar ntar juga balik lagi,asing itu oligarki yang simpan duit diluar ntar juga balik lagi,"['asing', 'itu', 'oligarki', 'yang', 'simpan', 'duit', 'diluar', 'ntar', 'juga', 'balik', 'lagi']","['asing', 'oligarki', 'simpan', 'duit', 'diluar', 'ntar', 'balik', 'lagi']",asing oligarki simpan duit luar ntar balik lagi
"TEMPO,KOMPAS,TRIBUN...BBC.....",@YutupePro,0,Netral,TEMPOKOMPASTRIBUNBBC,tempokompastribunbbc,['tempokompastribunbbc'],['tempokompastribunbbc'],tempokompastribunbbc
Good news 🎉🎉,@aanandiyanto2023,0,Netral,Good news,good news,"['good', 'news']","['good', 'news']",good news
G ada emerging market g ada frontier ihsg baek ke develpoment market,@GearShiftNation7,0,Netral,G ada emerging market g ada frontier ihsg baek ke develpoment market,g ada emerging market g ada frontier ihsg baek ke develpoment market,"['g', 'ada', 'emerging', 'market', 'g', 'ada', 'frontier', 'ihsg', 'baek', 'ke', 'develpoment', 'market']","['g', 'ada', 'emerging', 'market', 'g', 'ada', 'frontier', 'ihsg', 'baek', 'develpoment', 'market']",g ada emerging market g ada frontier ihsg baek develpoment market
10+2 = 13,@MuhamadAkil-fx3gc,0,Netral,,,[],[],
Pasti meroket !!!!! 🚀🚀🚀🚀🚀🎉🎉🎉💥💥💥🔥🔥🔥,@rensylorens2349,0,Netral,Pasti meroket,pasti meroket,"['pasti', 'meroket']","['pasti', 'meroket']",pasti roket
"Berita paling aktual dari majalah pak tani indonesia tambah terang karena brangkat ke sawah dan ladang pagi dan siang apalagi musim kemarau, kwkw...yang pasti petani makin makmur",@bujangumbaranchannel1729,0,Netral,Berita paling aktual dari majalah pak tani indonesia tambah terang karena brangkat ke sawah dan ladang pagi dan siang apalagi musim kemarau kwkwyang pasti petani makin makmur,berita paling aktual dari majalah pak tani indonesia tambah terang karena brangkat ke sawah dan ladang pagi dan siang apalagi musim kemarau kwkwyang pasti petani makin makmur,"['berita', 'paling', 'aktual', 'dari', 'majalah', 'pak', 'tani', 'indonesia', 'tambah', 'terang', 'karena', 'brangkat', 'ke', 'sawah', 'dan', 'ladang', 'pagi', 'dan', 'siang', 'apalagi', 'musim', 'kemarau', 'kwkwyang', 'pasti', 'petani', 'makin', 'makmur']","['berita', 'paling', 'aktual', 'majalah', 'pak', 'tani', 'indonesia', 'tambah', 'terang', 'brangkat', 'sawah', 'ladang', 'pagi', 'siang', 'apalagi', 'musim', 'kemarau', 'kwkwyang', 'pasti', 'petani', 'makin', 'makmur']",berita paling aktual majalah pak tani indonesia tambah terang brangkat sawah ladang pagi siang apalagi musim kemarau kwkwyang pasti tani makin makmur
Kita harus bersatu untuk Indonesia lebih baik.jangan mau di adu domba oleh bangsa asing.,@ilyas7765,0,Positif,Kita harus bersatu untuk Indonesia lebih baikjangan mau di adu domba oleh bangsa asing,kita harus bersatu untuk indonesia lebih baikjangan mau di adu domba oleh bangsa asing,"['kita', 'harus', 'bersatu', 'untuk', 'indonesia', 'lebih', 'baikjangan', 'mau', 'di', 'adu', 'domba', 'oleh', 'bangsa', 'asing']","['harus', 'bersatu', 'indonesia', 'lebih', 'baikjangan', 'mau', 'adu', 'domba', 'oleh', 'bangsa', 'asing']",harus satu indonesia lebih baikjangan mau adu domba oleh bangsa asing
Krn dibayar,@aguspurnomo8937,0,Netral,Krn dibayar,krn dibayar,"['krn', 'dibayar']","['krn', 'dibayar']",krn bayar
"Iblis menyesatkan lwt Brita bohong,panik,bingung,takut,,ditangkap antek iblis,LSM,media dana asing",@HamkaZaki-z6y,0,Negatif,Iblis menyesatkan lwt Brita bohongpanikbingungtakutditangkap antek iblisLSMmedia dana asing,iblis menyesatkan lwt brita bohongpanikbingungtakutditangkap antek iblislsmmedia dana asing,"['iblis', 'menyesatkan', 'lwt', 'brita', 'bohongpanikbingungtakutditangkap', 'antek', 'iblislsmmedia', 'dana', 'asing']","['iblis', 'menyesatkan', 'lwt', 'brita', 'bohongpanikbingungtakutditangkap', 'antek', 'iblislsmmedia', 'dana', 'asing']",iblis sesat lwt brita bohongpanikbingungtakutditangkap antek iblislsmmedia dana asing
"Pasar modal tidak bergerak karena narasi viral, tapi karena data dan kepercayaan jangka panjang. Jika isu MSCI bisa memicu kepanikan dan outflow besar, maka yang perlu dievaluasi bukan hanya kabarnya benar atau hoax, tapi juga seberapa rapuh kepercayaan investor terhadap pasar kita.🇮🇩",@febriannur796,0,Netral,Pasar modal tidak bergerak karena narasi viral tapi karena data dan kepercayaan jangka panjang Jika isu MSCI bisa memicu kepanikan dan outflow besar maka yang perlu dievaluasi bukan hanya kabarnya benar atau hoax tapi juga seberapa rapuh kepercayaan investor terhadap pasar kita,pasar modal tidak bergerak karena narasi viral tapi karena data dan kepercayaan jangka panjang jika isu msci bisa memicu kepanikan dan outflow besar maka yang perlu dievaluasi bukan hanya kabarnya benar atau hoax tapi juga seberapa rapuh kepercayaan investor terhadap pasar kita,"['pasar', 'modal', 'tidak', 'bergerak', 'karena', 'narasi', 'viral', 'tapi', 'karena', 'data', 'dan', 'kepercayaan', 'jangka', 'panjang', 'jika', 'isu', 'msci', 'bisa', 'memicu', 'kepanikan', 'dan', 'outflow', 'besar', 'maka', 'yang', 'perlu', 'dievaluasi', 'bukan', 'hanya', 'kabarnya', 'benar', 'atau', 'hoax', 'tapi', 'juga', 'seberapa', 'rapuh', 'kepercayaan', 'investor', 'terhadap', 'pasar', 'kita']","['pasar', 'modal', 'tidak', 'bergerak', 'narasi', 'viral', 'tapi', 'data', 'kepercayaan', 'jangka', 'panjang', 'jika', 'isu', 'msci', 'bisa', 'memicu', 'kepanikan', 'outflow', 'besar', 'maka', 'perlu', 'dievaluasi', 'bukan', 'hanya', 'kabarnya', 'benar', 'hoax', 'tapi', 'seberapa', 'rapuh', 'kepercayaan', 'investor', 'terhadap', 'pasar']",pasar modal tidak gerak narasi viral tapi data percaya jangka panjang jika isu msci bisa picu panik outflow besar maka perlu evaluasi bukan hanya kabar benar hoax tapi berapa rapuh percaya investor hadap pasar
"Kalo kata benix bagus ya bagus,, klo nggak ya nggak,, data bicara",@aliarman7232,0,Positif,Kalo kata benix bagus ya bagus klo nggak ya nggak data bicara,kalo kata benix bagus ya bagus klo nggak ya nggak data bicara,"['kalo', 'kata', 'benix', 'bagus', 'ya', 'bagus', 'klo', 'nggak', 'ya', 'nggak', 'data', 'bicara']","['kalo', 'kata', 'benix', 'bagus', 'ya', 'bagus', 'klo', 'nggak', 'ya', 'nggak', 'data', 'bicara']",kalo kata benix bagus ya bagus klo nggak ya nggak data bicara
23 Juni to the moon❤🎉,@GrosirKarakter,0,Netral,Juni to the moon,juni to the moon,"['juni', 'to', 'the', 'moon']","['juni', 'to', 'the', 'moon']",juni to the moon
"Kayaknya bg bennix lagi sibuk,ga upload video baru.",@Go_bidku,0,Netral,Kayaknya bg bennix lagi sibukga upload video baru,kayaknya bg bennix lagi sibukga upload video baru,"['kayaknya', 'bg', 'bennix', 'lagi', 'sibukga', 'upload', 'video', 'baru']","['kayaknya', 'bg', 'bennix', 'lagi', 'sibukga', 'upload', 'video', 'baru']",kayak bg bennix lagi sibukga upload video baru
"Lebih bagus dari Korsel, tapi downgrade karena GK ada fitur b inggris 😂",@Muhie99,0,Positif,Lebih bagus dari Korsel tapi downgrade karena GK ada fitur b inggris,lebih bagus dari korsel tapi downgrade karena gk ada fitur b inggris,"['lebih', 'bagus', 'dari', 'korsel', 'tapi', 'downgrade', 'karena', 'gk', 'ada', 'fitur', 'b', 'inggris']","['lebih', 'bagus', 'korsel', 'tapi', 'downgrade', 'gk', 'ada', 'fitur', 'b', 'inggris']",lebih bagus korsel tapi downgrade gk ada fitur b inggris
Indonesia gk butuh singapura,@BASSFISM,0,Netral,Indonesia gk butuh singapura,indonesia gk butuh singapura,"['indonesia', 'gk', 'butuh', 'singapura']","['indonesia', 'gk', 'butuh', 'singapura']",indonesia gk butuh singapura
"Bang ben, asli masalah kepemilikan saham indonesia itu sangat dipertanyakan. udh pernah investigasi soal ini dan banyak perusahaan yg kepemilikan ga transparan. jadinya harga sahamnya juga mereka yang atur.",@Rynaldi_Rizwan,0,Negatif,Bang ben asli masalah kepemilikan saham indonesia itu sangat dipertanyakan udh pernah investigasi soal ini dan banyak perusahaan yg kepemilikan ga transparan jadinya harga sahamnya juga mereka yang atur,bang ben asli masalah kepemilikan saham indonesia itu sangat dipertanyakan udh pernah investigasi soal ini dan banyak perusahaan yg kepemilikan ga transparan jadinya harga sahamnya juga mereka yang atur,"['bang', 'ben', 'asli', 'masalah', 'kepemilikan', 'saham', 'indonesia', 'itu', 'sangat', 'dipertanyakan', 'udh', 'pernah', 'investigasi', 'soal', 'ini', 'dan', 'banyak', 'perusahaan', 'yg', 'kepemilikan', 'ga', 'transparan', 'jadinya', 'harga', 'sahamnya', 'juga', 'mereka', 'yang', 'atur']","['bang', 'ben', 'asli', 'masalah', 'kepemilikan', 'saham', 'indonesia', 'sangat', 'dipertanyakan', 'udh', 'pernah', 'investigasi', 'soal', 'banyak', 'perusahaan', 'yg', 'kepemilikan', 'ga', 'transparan', 'jadinya', 'harga', 'sahamnya', 'mereka', 'atur']",bang ben asli masalah milik saham indonesia sangat tanya udh pernah investigasi soal banyak usaha yg milik ga transparan jadi harga saham mereka atur
"Om ben tolong dengan sangat angkat durian varietas mantuala batuhayam 🙏 varietas ini baru di temukan 5 tahun belakangan, sekarang baru viral di kalangan petani durian. Sumpah saya tidak ada maksud nyari keuntungan sama sekali, saya tidak jual bibitnya, saya juga belum punya pohonnya. Murni tulus demi kebaikan dunia pertanian indonesia. Sumpah om ben, durian ini unik dan amat sangat potensial sekali menjadi komoditas andalan indonesia kelak, bahkan saya yakin akan mengalahkan montong. Karna 2 hal, rasa istimewa, ramah pemula, bau yang tidak seperti durian sehingga orang yang tidak doyan durian insyaAllah doyan mantuala batuhayam. Orang eropa dan amerika yang mayoritas gak doyan durian bakal doyan varietas ini !. Selain itu om ben, mantuala batuhayam punya daya simpan yang gila. Difrozen berbulan bulan rasanya tidak berubah. Ini yang bikin saya yakin durian ini amat sangat potensial jadi maskot pertanian indonesia. Tolong om ben 🙏 boleh dipelajari dulu apa itu mantuala batuhayam karna ini varietas baru, persilangan dari kalimantan selatan. Dicicipi dulu juga boleh. Syukur syukur kalau om ben mau buka kebun durian mantuala batuhayam atau sekedar investasi",@Baramada_channel,0,Positif,Om ben tolong dengan sangat angkat durian varietas mantuala batuhayam varietas ini baru di temukan tahun belakangan sekarang baru viral di kalangan petani durian Sumpah saya tidak ada maksud nyari keuntungan sama sekali saya tidak jual bibitnya saya juga belum punya pohonnya Murni tulus demi kebaikan dunia pertanian indonesia Sumpah om ben durian ini unik dan amat sangat potensial sekali menjadi komoditas andalan indonesia kelak bahkan saya yakin akan mengalahkan montong Karna hal rasa istimewa ramah pemula bau yang tidak seperti durian sehingga orang yang tidak doyan durian insyaAllah doyan mantuala batuhayam Orang eropa dan amerika yang mayoritas gak doyan durian bakal doyan varietas ini Selain itu om ben mantuala batuhayam punya daya simpan yang gila Difrozen berbulan bulan rasanya tidak berubah Ini yang bikin saya yakin durian ini amat sangat potensial jadi maskot pertanian indonesia Tolong om ben boleh dipelajari dulu apa itu mantuala batuhayam karna ini varietas baru persilangan dari kalimantan selatan Dicicipi dulu juga boleh Syukur syukur kalau om ben mau buka kebun durian mantuala batuhayam atau sekedar investasi,om ben tolong dengan sangat angkat durian varietas mantuala batuhayam varietas ini baru di temukan tahun belakangan sekarang baru viral di kalangan petani durian sumpah saya tidak ada maksud nyari keuntungan sama sekali saya tidak jual bibitnya saya juga belum punya pohonnya murni tulus demi kebaikan dunia pertanian indonesia sumpah om ben durian ini unik dan amat sangat potensial sekali menjadi komoditas andalan indonesia kelak bahkan saya yakin akan mengalahkan montong karna hal rasa istimewa ramah pemula bau yang tidak seperti durian sehingga orang yang tidak doyan durian insyaallah doyan mantuala batuhayam orang eropa dan amerika yang mayoritas gak doyan durian bakal doyan varietas ini selain itu om ben mantuala batuhayam punya daya simpan yang gila difrozen berbulan bulan rasanya tidak berubah ini yang bikin saya yakin durian ini amat sangat potensial jadi maskot pertanian indonesia tolong om ben boleh dipelajari dulu apa itu mantuala batuhayam karna ini varietas baru persilangan dari kalimantan selatan dicicipi dulu juga boleh syukur syukur kalau om ben mau buka kebun durian mantuala batuhayam atau sekedar investasi,"['om', 'ben', 'tolong', 'dengan', 'sangat', 'angkat', 'durian', 'varietas', 'mantuala', 'batuhayam', 'varietas', 'ini', 'baru', 'di', 'temukan', 'tahun', 'belakangan', 'sekarang', 'baru', 'viral', 'di', 'kalangan', 'petani', 'durian', 'sumpah', 'saya', 'tidak', 'ada', 'maksud', 'nyari', 'keuntungan', 'sama', 'sekali', 'saya', 'tidak', 'jual', 'bibitnya', 'saya', 'juga', 'belum', 'punya', 'pohonnya', 'murni', 'tulus', 'demi', 'kebaikan', 'dunia', 'pertanian', 'indonesia', 'sumpah', 'om', 'ben', 'durian', 'ini', 'unik', 'dan', 'amat', 'sangat', 'potensial', 'sekali', 'menjadi', 'komoditas', 'andalan', 'indonesia', 'kelak', 'bahkan', 'saya', 'yakin', 'akan', 'mengalahkan', 'montong', 'karna', 'hal', 'rasa', 'istimewa', 'ramah', 'pemula', 'bau', 'yang', 'tidak', 'seperti', 'durian', 'sehingga', 'orang', 'yang', 'tidak', 'doyan', 'durian', 'insyaallah', 'doyan', 'mantuala', 'batuhayam', 'orang', 'eropa', 'dan', 'amerika', 'yang', 'mayoritas', 'gak', 'doyan', 'durian', 'bakal', 'doyan', 'varietas', 'ini', 'selain', 'itu', 'om', 'ben', 'mantuala', 'batuhayam', 'punya', 'daya', 'simpan', 'yang', 'gila', 'difrozen', 'berbulan', 'bulan', 'rasanya', 'tidak', 'berubah', 'ini', 'yang', 'bikin', 'saya', 'yakin', 'durian', 'ini', 'amat', 'sangat', 'potensial', 'jadi', 'maskot', 'pertanian', 'indonesia', 'tolong', 'om', 'ben', 'boleh', 'dipelajari', 'dulu', 'apa', 'itu', 'mantuala', 'batuhayam', 'karna', 'ini', 'varietas', 'baru', 'persilangan', 'dari', 'kalimantan', 'selatan', 'dicicipi', 'dulu', 'juga', 'boleh', 'syukur', 'syukur', 'kalau', 'om', 'ben', 'mau', 'buka', 'kebun', 'durian', 'mantuala', 'batuhayam', 'atau', 'sekedar', 'investasi']","['om', 'ben', 'tolong', 'sangat', 'angkat', 'durian', 'varietas', 'mantuala', 'batuhayam', 'varietas', 'baru', 'temukan', 'tahun', 'belakangan', 'sekarang', 'baru', 'viral', 'kalangan', 'petani', 'durian', 'sumpah', 'tidak', 'ada', 'maksud', 'nyari', 'keuntungan', 'sama', 'sekali', 'tidak', 'jual', 'bibitnya', 'belum', 'punya', 'pohonnya', 'murni', 'tulus', 'demi', 'kebaikan', 'dunia', 'pertanian', 'indonesia', 'sumpah', 'om', 'ben', 'durian', 'unik', 'amat', 'sangat', 'potensial', 'sekali', 'menjadi', 'komoditas', 'andalan', 'indonesia', 'kelak', 'bahkan', 'yakin', 'akan', 'mengalahkan', 'montong', 'karna', 'hal', 'rasa', 'istimewa', 'ramah', 'pemula', 'bau', 'tidak', 'seperti', 'durian', 'sehingga', 'orang', 'tidak', 'doyan', 'durian', 'insyaallah', 'doyan', 'mantuala', 'batuhayam', 'orang', 'eropa', 'amerika', 'mayoritas', 'gak', 'doyan', 'durian', 'bakal', 'doyan', 'varietas', 'selain', 'om', 'ben', 'mantuala', 'batuhayam', 'punya', 'daya', 'simpan', 'gila', 'difrozen', 'berbulan', 'bulan', 'rasanya', 'tidak', 'berubah', 'bikin', 'yakin', 'durian', 'amat', 'sangat', 'potensial', 'jadi', 'maskot', 'pertanian', 'indonesia', 'tolong', 'om', 'ben', 'boleh', 'dipelajari', 'dulu', 'apa', 'mantuala', 'batuhayam', 'karna', 'varietas', 'baru', 'persilangan', 'kalimantan', 'selatan', 'dicicipi', 'dulu', 'boleh', 'syukur', 'syukur', 'kalau', 'om', 'ben', 'mau', 'buka', 'kebun', 'durian', 'mantuala', 'batuhayam', 'sekedar', 'investasi']",om ben tolong sangat angkat durian varietas mantuala batuhayam varietas baru temu tahun belakang sekarang baru viral kalang tani durian sumpah tidak ada maksud nyari untung sama sekali tidak jual bibit belum punya pohon murni tulus demi baik dunia tani indonesia sumpah om ben durian unik amat sangat potensial sekali jadi komoditas andal indonesia kelak bahkan yakin akan kalah montong karna hal rasa istimewa ramah mula bau tidak seperti durian sehingga orang tidak doyan durian insyaallah doyan mantuala batuhayam orang eropa amerika mayoritas gak doyan durian bakal doyan varietas selain om ben mantuala batuhayam punya daya simpan gila difrozen bulan bulan rasa tidak ubah bikin yakin durian amat sangat potensial jadi maskot tani indonesia tolong om ben boleh ajar dulu apa mantuala batuhayam karna varietas baru silang kalimantan selatan cicip dulu boleh syukur syukur kalau om ben mau buka kebun durian mantuala batuhayam dar investasi
penyebar hoaaks itu manusia2 goblok,@wayanadiantara6035,0,Netral,penyebar hoaaks itu manusia goblok,penyebar hoaaks itu manusia goblok,"['penyebar', 'hoaaks', 'itu', 'manusia', 'goblok']","['penyebar', 'hoaaks', 'manusia', 'goblok']",sebar hoaaks manusia goblok
Correct,@GrandSire-p4w,0,Netral,Correct,correct,['correct'],['correct'],correct
"Mau dijelasin bagaimanapun. Meski IHSG & Rupiah terus menguat, meski harga pertamax diturunkan, andaikan MBG dihapus. Mereka para oposan liberalism tetap tdk akan percaya, karena pada dasarnya otak & hati mereka sdh diliputi rasa benci ke pemerintah.",@imiam-c1h,0,Netral,Mau dijelasin bagaimanapun Meski IHSG Rupiah terus menguat meski harga pertamax diturunkan andaikan MBG dihapus Mereka para oposan liberalism tetap tdk akan percaya karena pada dasarnya otak hati mereka sdh diliputi rasa benci ke pemerintah,mau dijelasin bagaimanapun meski ihsg rupiah terus menguat meski harga pertamax diturunkan andaikan mbg dihapus mereka para oposan liberalism tetap tdk akan percaya karena pada dasarnya otak hati mereka sdh diliputi rasa benci ke pemerintah,"['mau', 'dijelasin', 'bagaimanapun', 'meski', 'ihsg', 'rupiah', 'terus', 'menguat', 'meski', 'harga', 'pertamax', 'diturunkan', 'andaikan', 'mbg', 'dihapus', 'mereka', 'para', 'oposan', 'liberalism', 'tetap', 'tdk', 'akan', 'percaya', 'karena', 'pada', 'dasarnya', 'otak', 'hati', 'mereka', 'sdh', 'diliputi', 'rasa', 'benci', 'ke', 'pemerintah']","['mau', 'dijelasin', 'bagaimanapun', 'meski', 'ihsg', 'rupiah', 'terus', 'menguat', 'meski', 'harga', 'pertamax', 'diturunkan', 'andaikan', 'mbg', 'dihapus', 'mereka', 'para', 'oposan', 'liberalism', 'tetap', 'tdk', 'akan', 'percaya', 'dasarnya', 'otak', 'hati', 'mereka', 'sdh', 'diliputi', 'rasa', 'benci', 'pemerintah']",mau dijelasin bagaimana meski ihsg rupiah terus kuat meski harga pertamax turun andai mbg hapus mereka para oposan liberalism tetap tdk akan percaya dasar otak hati mereka sdh liput rasa benci perintah
"Go to hell with MSCI 
Mereka hanya mencari rente buat aturan investor asing masuk ke bursa efek",@basukiUtomo,1,Netral,Go to hell with MSCI Mereka hanya mencari rente buat aturan investor asing masuk ke bursa efek,go to hell with msci mereka hanya mencari rente buat aturan investor asing masuk ke bursa efek,"['go', 'to', 'hell', 'with', 'msci', 'mereka', 'hanya', 'mencari', 'rente', 'buat', 'aturan', 'investor', 'asing', 'masuk', 'ke', 'bursa', 'efek']","['go', 'to', 'hell', 'with', 'msci', 'mereka', 'hanya', 'mencari', 'rente', 'buat', 'aturan', 'investor', 'asing', 'masuk', 'bursa', 'efek']",go to hell with msci mereka hanya cari rente buat atur investor asing masuk bursa efek
bang... bahas ttg pungutan2x pajak dan retribusi yg memberatkan pelaku usaha dunk... terutama retribusi daerah... bagi investor,@taufanirza5203,0,Netral,bang bahas ttg pungutanx pajak dan retribusi yg memberatkan pelaku usaha dunk terutama retribusi daerah bagi investor,bang bahas ttg pungutanx pajak dan retribusi yg memberatkan pelaku usaha dunk terutama retribusi daerah bagi investor,"['bang', 'bahas', 'ttg', 'pungutanx', 'pajak', 'dan', 'retribusi', 'yg', 'memberatkan', 'pelaku', 'usaha', 'dunk', 'terutama', 'retribusi', 'daerah', 'bagi', 'investor']","['bang', 'bahas', 'ttg', 'pungutanx', 'pajak', 'retribusi', 'yg', 'memberatkan', 'pelaku', 'usaha', 'dunk', 'terutama', 'retribusi', 'daerah', 'bagi', 'investor']",bang bahas ttg pungutanx pajak retribusi yg berat laku usaha dunk utama retribusi daerah bagi investor
"Seandainya negara Indonesia bangkrut dan bubar, maka tidak akan bubar rakyatnya.
😂😂😂😂😂😂😂😂😂",@asehdihan2461,0,Netral,Seandainya negara Indonesia bangkrut dan bubar maka tidak akan bubar rakyatnya,seandainya negara indonesia bangkrut dan bubar maka tidak akan bubar rakyatnya,"['seandainya', 'negara', 'indonesia', 'bangkrut', 'dan', 'bubar', 'maka', 'tidak', 'akan', 'bubar', 'rakyatnya']","['seandainya', 'negara', 'indonesia', 'bangkrut', 'bubar', 'maka', 'tidak', 'akan', 'bubar', 'rakyatnya']",anda negara indonesia bangkrut bubar maka tidak akan bubar rakyat
"Waw. 
Soros ?",@rh2576,0,Netral,Waw Soros,waw soros,"['waw', 'soros']","['waw', 'soros']",waw soros
coba kantor berita tempe ditutup aja jgn kasih ijin media busuk sperti itu trus menjelekkan negara Indonesia,@wayanadiantara6035,0,Negatif,coba kantor berita tempe ditutup aja jgn kasih ijin media busuk sperti itu trus menjelekkan negara Indonesia,coba kantor berita tempe ditutup aja jgn kasih ijin media busuk sperti itu trus menjelekkan negara indonesia,"['coba', 'kantor', 'berita', 'tempe', 'ditutup', 'aja', 'jgn', 'kasih', 'ijin', 'media', 'busuk', 'sperti', 'itu', 'trus', 'menjelekkan', 'negara', 'indonesia']","['coba', 'kantor', 'berita', 'tempe', 'ditutup', 'aja', 'jgn', 'kasih', 'ijin', 'media', 'busuk', 'sperti', 'trus', 'menjelekkan', 'negara', 'indonesia']",coba kantor berita tempe tutup aja jgn kasih ijin media busuk sperti trus jelek negara indonesia
Media dapat kucuran dana asing,@dermawantasitepu4560,0,Netral,Media dapat kucuran dana asing,media dapat kucuran dana asing,"['media', 'dapat', 'kucuran', 'dana', 'asing']","['media', 'dapat', 'kucuran', 'dana', 'asing']",media dapat kucur dana asing
"Om ben update videonny sesuai timeline, analisis lu cukup decisive tp klo ketinggalan isue 1 atau 2 hari kemudian video bru muncul its too bad",@andiwarna9930,0,Netral,Om ben update videonny sesuai timeline analisis lu cukup decisive tp klo ketinggalan isue atau hari kemudian video bru muncul its too bad,om ben update videonny sesuai timeline analisis lu cukup decisive tp klo ketinggalan isue atau hari kemudian video bru muncul its too bad,"['om', 'ben', 'update', 'videonny', 'sesuai', 'timeline', 'analisis', 'lu', 'cukup', 'decisive', 'tp', 'klo', 'ketinggalan', 'isue', 'atau', 'hari', 'kemudian', 'video', 'bru', 'muncul', 'its', 'too', 'bad']","['om', 'ben', 'update', 'videonny', 'sesuai', 'timeline', 'analisis', 'lu', 'cukup', 'decisive', 'tp', 'klo', 'ketinggalan', 'isue', 'hari', 'kemudian', 'video', 'bru', 'muncul', 'its', 'too', 'bad']",om ben update videonny sesuai timeline analisis lu cukup decisive tp klo tinggal isue hari kemudian video bru muncul its too bad
Tolong media indo harus ada perhatian dr pemerintah yang tegas biar gak sembarang dalam memberitakan sesuatu,@Wongjowoasli-zv7kr,0,Netral,Tolong media indo harus ada perhatian dr pemerintah yang tegas biar gak sembarang dalam memberitakan sesuatu,tolong media indo harus ada perhatian dr pemerintah yang tegas biar gak sembarang dalam memberitakan sesuatu,"['tolong', 'media', 'indo', 'harus', 'ada', 'perhatian', 'dr', 'pemerintah', 'yang', 'tegas', 'biar', 'gak', 'sembarang', 'dalam', 'memberitakan', 'sesuatu']","['tolong', 'media', 'indo', 'harus', 'ada', 'perhatian', 'dr', 'pemerintah', 'tegas', 'biar', 'gak', 'sembarang', 'dalam', 'memberitakan', 'sesuatu']",tolong media indo harus ada perhati dr perintah tegas biar gak sembarang dalam berita sesuatu
Indonesia pada dasarnya literasinya buruk atau memang sebodoh itu ya,@JohnLeton82,0,Negatif,Indonesia pada dasarnya literasinya buruk atau memang sebodoh itu ya,indonesia pada dasarnya literasinya buruk atau memang sebodoh itu ya,"['indonesia', 'pada', 'dasarnya', 'literasinya', 'buruk', 'atau', 'memang', 'sebodoh', 'itu', 'ya']","['indonesia', 'dasarnya', 'literasinya', 'buruk', 'memang', 'sebodoh', 'ya']",indonesia dasar literasinya buruk memang bodoh ya
Kenapa ya kalo bukan partai Redbull yang megang kendali sering banyak demo dan kerusuhan .,@WeednimNemo,0,Netral,Kenapa ya kalo bukan partai Redbull yang megang kendali sering banyak demo dan kerusuhan,kenapa ya kalo bukan partai redbull yang megang kendali sering banyak demo dan kerusuhan,"['kenapa', 'ya', 'kalo', 'bukan', 'partai', 'redbull', 'yang', 'megang', 'kendali', 'sering', 'banyak', 'demo', 'dan', 'kerusuhan']","['kenapa', 'ya', 'kalo', 'bukan', 'partai', 'redbull', 'megang', 'kendali', 'sering', 'banyak', 'demo', 'kerusuhan']",kenapa ya kalo bukan partai redbull megang kendali sering banyak demo rusuh
TEMPE BACEM LAGI BIKIN ULAH!! JANGAN MAU KITA DIADU DOMBA LAGI GAES,@Gungkurosaki,0,Netral,TEMPE BACEM LAGI BIKIN ULAH JANGAN MAU KITA DIADU DOMBA LAGI GAES,tempe bacem lagi bikin ulah jangan mau kita diadu domba lagi gaes,"['tempe', 'bacem', 'lagi', 'bikin', 'ulah', 'jangan', 'mau', 'kita', 'diadu', 'domba', 'lagi', 'gaes']","['tempe', 'bacem', 'lagi', 'bikin', 'ulah', 'jangan', 'mau', 'diadu', 'domba', 'lagi', 'gaes']",tempe bacem lagi bikin ulah jangan mau adu domba lagi gaes
Mampus,@muhammadsadan4842,0,Netral,Mampus,mampus,['mampus'],['mampus'],mampus
"Malah enakan bursa indo nampak antrian bid offernya, saham as dan negara lain ga nampak bid offernya, kayak beli kucing dalam kaleng😂😂😂",@studiofasolasido9222,0,Netral,Malah enakan bursa indo nampak antrian bid offernya saham as dan negara lain ga nampak bid offernya kayak beli kucing dalam kaleng,malah enakan bursa indo nampak antrian bid offernya saham as dan negara lain ga nampak bid offernya kayak beli kucing dalam kaleng,"['malah', 'enakan', 'bursa', 'indo', 'nampak', 'antrian', 'bid', 'offernya', 'saham', 'as', 'dan', 'negara', 'lain', 'ga', 'nampak', 'bid', 'offernya', 'kayak', 'beli', 'kucing', 'dalam', 'kaleng']","['malah', 'enakan', 'bursa', 'indo', 'nampak', 'antrian', 'bid', 'offernya', 'saham', 'as', 'negara', 'lain', 'ga', 'nampak', 'bid', 'offernya', 'kayak', 'beli', 'kucing', 'dalam', 'kaleng']",malah enak bursa indo nampak antri bid offernya saham as negara lain ga nampak bid offernya kayak beli kucing dalam kaleng
"Salam sehat, salam cuan, bye bye *Musik Outro",@letgenmahendra7873,0,Netral,Salam sehat salam cuan bye bye Musik Outro,salam sehat salam cuan bye bye musik outro,"['salam', 'sehat', 'salam', 'cuan', 'bye', 'bye', 'musik', 'outro']","['salam', 'sehat', 'salam', 'cuan', 'bye', 'bye', 'musik', 'outro']",salam sehat salam cuan bye bye musik outro
"Yg penting presiden omon2 jangan pidato lagi,karena pidatonya ngaco dan blunder melulu",@ahmadmubarok1832,0,Netral,Yg penting presiden omon jangan pidato lagikarena pidatonya ngaco dan blunder melulu,yg penting presiden omon jangan pidato lagikarena pidatonya ngaco dan blunder melulu,"['yg', 'penting', 'presiden', 'omon', 'jangan', 'pidato', 'lagikarena', 'pidatonya', 'ngaco', 'dan', 'blunder', 'melulu']","['yg', 'penting', 'presiden', 'omon', 'jangan', 'pidato', 'lagikarena', 'pidatonya', 'ngaco', 'blunder', 'melulu']",yg penting presiden omon jangan pidato lagikarena pidato ngaco blunder melulu
MSCI IS TERORIST,@Atm_-br2rl,0,Netral,MSCI IS TERORIST,msci is terorist,"['msci', 'is', 'terorist']","['msci', 'is', 'terorist']",msci is terorist
@Bennix tolong share url dari tabel MSCI tadi❤,@TheArif99,0,Netral,tolong share url dari tabel MSCI tadi,tolong share url dari tabel msci tadi,"['tolong', 'share', 'url', 'dari', 'tabel', 'msci', 'tadi']","['tolong', 'share', 'url', 'tabel', 'msci', 'tadi']",tolong share url tabel msci tadi
"Hari ini saya merayakan portofolio ETF saham senilai 130 ribu dolar. Saya memulai perjalanan ini dengan 16 ribu dolar, saya senang akhirnya banyak orang yang tertarik dengan ETF saham. Saat ini saya memiliki portofolio senilai 130 ribu dolar dan saya bersedia membeli lebih banyak saham, saya akan berinvestasi di saham-saham lainnya.",@JamesBill-q1h,7,Positif,Hari ini saya merayakan portofolio ETF saham senilai ribu dolar Saya memulai perjalanan ini dengan ribu dolar saya senang akhirnya banyak orang yang tertarik dengan ETF saham Saat ini saya memiliki portofolio senilai ribu dolar dan saya bersedia membeli lebih banyak saham saya akan berinvestasi di sahamsaham lainnya,hari ini saya merayakan portofolio etf saham senilai ribu dolar saya memulai perjalanan ini dengan ribu dolar saya senang akhirnya banyak orang yang tertarik dengan etf saham saat ini saya memiliki portofolio senilai ribu dolar dan saya bersedia membeli lebih banyak saham saya akan berinvestasi di sahamsaham lainnya,"['hari', 'ini', 'saya', 'merayakan', 'portofolio', 'etf', 'saham', 'senilai', 'ribu', 'dolar', 'saya', 'memulai', 'perjalanan', 'ini', 'dengan', 'ribu', 'dolar', 'saya', 'senang', 'akhirnya', 'banyak', 'orang', 'yang', 'tertarik', 'dengan', 'etf', 'saham', 'saat', 'ini', 'saya', 'memiliki', 'portofolio', 'senilai', 'ribu', 'dolar', 'dan', 'saya', 'bersedia', 'membeli', 'lebih', 'banyak', 'saham', 'saya', 'akan', 'berinvestasi', 'di', 'sahamsaham', 'lainnya']","['hari', 'merayakan', 'portofolio', 'etf', 'saham', 'senilai', 'ribu', 'dolar', 'memulai', 'perjalanan', 'ribu', 'dolar', 'senang', 'akhirnya', 'banyak', 'orang', 'tertarik', 'etf', 'saham', 'saat', 'memiliki', 'portofolio', 'senilai', 'ribu', 'dolar', 'bersedia', 'membeli', 'lebih', 'banyak', 'saham', 'akan', 'berinvestasi', 'sahamsaham', 'lainnya']",hari raya portofolio etf saham nila ribu dolar mulai jalan ribu dolar senang akhir banyak orang tarik etf saham saat milik portofolio nila ribu dolar sedia beli lebih banyak saham akan investasi sahamsaham lain
"MCSI TERLALU TAKUT DENGAN INDO MAKANYA MAU DI TURUNUN,kocag emang",@YosuaSatriaEkatama,0,Netral,MCSI TERLALU TAKUT DENGAN INDO MAKANYA MAU DI TURUNUNkocag emang,mcsi terlalu takut dengan indo makanya mau di turununkocag emang,"['mcsi', 'terlalu', 'takut', 'dengan', 'indo', 'makanya', 'mau', 'di', 'turununkocag', 'emang']","['mcsi', 'terlalu', 'takut', 'indo', 'makanya', 'mau', 'turununkocag', 'emang']",mcsi terlalu takut indo makanya mau turununkocag emang
Menurutku sih pemerintah wajib babat semua media cap tai.,@AhoAho-m4z8b,0,Netral,Menurutku sih pemerintah wajib babat semua media cap tai,menurutku sih pemerintah wajib babat semua media cap tai,"['menurutku', 'sih', 'pemerintah', 'wajib', 'babat', 'semua', 'media', 'cap', 'tai']","['menurutku', 'sih', 'pemerintah', 'wajib', 'babat', 'semua', 'media', 'cap', 'tai']",turut sih perintah wajib babat semua media cap tai
"org2 kbnykan jdi agen asing, tmbah lgi mlas baca & nelan mntah2 btita hoax",@kandarraja,0,Netral,org kbnykan jdi agen asing tmbah lgi mlas baca nelan mntah btita hoax,org kbnykan jdi agen asing tmbah lgi mlas baca nelan mntah btita hoax,"['org', 'kbnykan', 'jdi', 'agen', 'asing', 'tmbah', 'lgi', 'mlas', 'baca', 'nelan', 'mntah', 'btita', 'hoax']","['org', 'kbnykan', 'jdi', 'agen', 'asing', 'tmbah', 'lgi', 'mlas', 'baca', 'nelan', 'mntah', 'btita', 'hoax']",org kbnykan jdi agen asing tmbah lgi mlas baca nan mntah btita hoax
"Selama hilirisasi tetap dijalankan, ekspor 1 pintu direalisasikan, Indonesia bakalan terus diteken sama jaing-jaing peliharaan George Soros",@ChaiyoRadioID,0,Netral,Selama hilirisasi tetap dijalankan ekspor pintu direalisasikan Indonesia bakalan terus diteken sama jaingjaing peliharaan George Soros,selama hilirisasi tetap dijalankan ekspor pintu direalisasikan indonesia bakalan terus diteken sama jaingjaing peliharaan george soros,"['selama', 'hilirisasi', 'tetap', 'dijalankan', 'ekspor', 'pintu', 'direalisasikan', 'indonesia', 'bakalan', 'terus', 'diteken', 'sama', 'jaingjaing', 'peliharaan', 'george', 'soros']","['selama', 'hilirisasi', 'tetap', 'dijalankan', 'ekspor', 'pintu', 'direalisasikan', 'indonesia', 'bakalan', 'terus', 'diteken', 'sama', 'jaingjaing', 'peliharaan', 'george', 'soros']",lama hilir tetap jalan ekspor pintu realisasi indonesia bakal terus teken sama jaingjaing pelihara george soros
Chanel bang Ben ibarat hujan di tengah kemarau... dengan nonton chanel ini hati yang resah karena kabar²  di luar sana kembali tenang...,@nadineolid818,0,Netral,Chanel bang Ben ibarat hujan di tengah kemarau dengan nonton chanel ini hati yang resah karena kabar di luar sana kembali tenang,chanel bang ben ibarat hujan di tengah kemarau dengan nonton chanel ini hati yang resah karena kabar di luar sana kembali tenang,"['chanel', 'bang', 'ben', 'ibarat', 'hujan', 'di', 'tengah', 'kemarau', 'dengan', 'nonton', 'chanel', 'ini', 'hati', 'yang', 'resah', 'karena', 'kabar', 'di', 'luar', 'sana', 'kembali', 'tenang']","['chanel', 'bang', 'ben', 'ibarat', 'hujan', 'tengah', 'kemarau', 'nonton', 'chanel', 'hati', 'resah', 'kabar', 'luar', 'sana', 'kembali', 'tenang']",chanel bang ben ibarat hujan tengah kemarau nonton chanel hati resah kabar luar sana kembali tenang
Cabut izin nya tuh tempo sampah.pengkhianat bangsa,@Pendukungtimnas79,0,Netral,Cabut izin nya tuh tempo sampahpengkhianat bangsa,cabut izin nya tuh tempo sampahpengkhianat bangsa,"['cabut', 'izin', 'nya', 'tuh', 'tempo', 'sampahpengkhianat', 'bangsa']","['cabut', 'izin', 'nya', 'tuh', 'tempo', 'sampahpengkhianat', 'bangsa']",cabut izin nya tuh tempo sampahpengkhianat bangsa
"Indonesia kacau, indonesia bubar, Indonesia gelap tapi ada masyarakat yg penghasilannya 100juta perbulan apakah akan kacau akan bubar akan gelap oh tidak cuma otak kalian saja yg kena narasi busuk",@yhmrhmdn1710,0,Netral,Indonesia kacau indonesia bubar Indonesia gelap tapi ada masyarakat yg penghasilannya juta perbulan apakah akan kacau akan bubar akan gelap oh tidak cuma otak kalian saja yg kena narasi busuk,indonesia kacau indonesia bubar indonesia gelap tapi ada masyarakat yg penghasilannya juta perbulan apakah akan kacau akan bubar akan gelap oh tidak cuma otak kalian saja yg kena narasi busuk,"['indonesia', 'kacau', 'indonesia', 'bubar', 'indonesia', 'gelap', 'tapi', 'ada', 'masyarakat', 'yg', 'penghasilannya', 'juta', 'perbulan', 'apakah', 'akan', 'kacau', 'akan', 'bubar', 'akan', 'gelap', 'oh', 'tidak', 'cuma', 'otak', 'kalian', 'saja', 'yg', 'kena', 'narasi', 'busuk']","['indonesia', 'kacau', 'indonesia', 'bubar', 'indonesia', 'gelap', 'tapi', 'ada', 'masyarakat', 'yg', 'penghasilannya', 'juta', 'perbulan', 'apakah', 'akan', 'kacau', 'akan', 'bubar', 'akan', 'gelap', 'oh', 'tidak', 'cuma', 'otak', 'kalian', 'saja', 'yg', 'kena', 'narasi', 'busuk']",indonesia kacau indonesia bubar indonesia gelap tapi ada masyarakat yg hasil juta bulan apakah akan kacau akan bubar akan gelap oh tidak cuma otak kalian saja yg kena narasi busuk
Bagaimana Anda berhasil mencapai tingkat pertumbuhan tersebut? Saya telah melakukan segala yang saya bisa untuk meningkatkan investasi saya. Saya ingin pensiun dalam beberapa tahun lagi dan membutuhkan diversifikasi yang lebih baik.,@RoyR.Barbosa,0,Positif,Bagaimana Anda berhasil mencapai tingkat pertumbuhan tersebut Saya telah melakukan segala yang saya bisa untuk meningkatkan investasi saya Saya ingin pensiun dalam beberapa tahun lagi dan membutuhkan diversifikasi yang lebih baik,bagaimana anda berhasil mencapai tingkat pertumbuhan tersebut saya telah melakukan segala yang saya bisa untuk meningkatkan investasi saya saya ingin pensiun dalam beberapa tahun lagi dan membutuhkan diversifikasi yang lebih baik,"['bagaimana', 'anda', 'berhasil', 'mencapai', 'tingkat', 'pertumbuhan', 'tersebut', 'saya', 'telah', 'melakukan', 'segala', 'yang', 'saya', 'bisa', 'untuk', 'meningkatkan', 'investasi', 'saya', 'saya', 'ingin', 'pensiun', 'dalam', 'beberapa', 'tahun', 'lagi', 'dan', 'membutuhkan', 'diversifikasi', 'yang', 'lebih', 'baik']","['bagaimana', 'anda', 'berhasil', 'mencapai', 'tingkat', 'pertumbuhan', 'tersebut', 'telah', 'melakukan', 'segala', 'bisa', 'meningkatkan', 'investasi', 'ingin', 'pensiun', 'dalam', 'beberapa', 'tahun', 'lagi', 'membutuhkan', 'diversifikasi', 'lebih', 'baik']",bagaimana anda hasil capai tingkat tumbuh sebut telah laku segala bisa tingkat investasi ingin pensiun dalam beberapa tahun lagi butuh diversifikasi lebih baik
BERING TSANG MENTORSHIP,@JamesBill-q1h,0,Netral,BERING TSANG MENTORSHIP,bering tsang mentorship,"['bering', 'tsang', 'mentorship']","['bering', 'tsang', 'mentorship']",ring tsang mentorship
Cukup telusuri nama-nama tersebut. Anda akan menemukan detail yang diperlukan untuk berkorespondensi dan membuat janji temu.,@JamesBill-q1h,0,Netral,Cukup telusuri namanama tersebut Anda akan menemukan detail yang diperlukan untuk berkorespondensi dan membuat janji temu,cukup telusuri namanama tersebut anda akan menemukan detail yang diperlukan untuk berkorespondensi dan membuat janji temu,"['cukup', 'telusuri', 'namanama', 'tersebut', 'anda', 'akan', 'menemukan', 'detail', 'yang', 'diperlukan', 'untuk', 'berkorespondensi', 'dan', 'membuat', 'janji', 'temu']","['cukup', 'telusuri', 'namanama', 'tersebut', 'anda', 'akan', 'menemukan', 'detail', 'diperlukan', 'berkorespondensi', 'membuat', 'janji', 'temu']",cukup telusur namanama sebut anda akan temu detail perlu korespondensi buat janji temu
"GOOGLE only....,",@JamesBill-q1h,0,Netral,GOOGLE only,google only,"['google', 'only']","['google', 'only']",google only
Terima kasih telah membagikan ini di sini. Banyak pemula seperti saya yang merasa putus asa setiap hari. Untungnya kita memiliki orang-orang baik di sini yang ingin orang lain sukses seperti mereka.,@RayLooker-m4t,0,Positif,Terima kasih telah membagikan ini di sini Banyak pemula seperti saya yang merasa putus asa setiap hari Untungnya kita memiliki orangorang baik di sini yang ingin orang lain sukses seperti mereka,terima kasih telah membagikan ini di sini banyak pemula seperti saya yang merasa putus asa setiap hari untungnya kita memiliki orangorang baik di sini yang ingin orang lain sukses seperti mereka,"['terima', 'kasih', 'telah', 'membagikan', 'ini', 'di', 'sini', 'banyak', 'pemula', 'seperti', 'saya', 'yang', 'merasa', 'putus', 'asa', 'setiap', 'hari', 'untungnya', 'kita', 'memiliki', 'orangorang', 'baik', 'di', 'sini', 'yang', 'ingin', 'orang', 'lain', 'sukses', 'seperti', 'mereka']","['terima', 'kasih', 'telah', 'membagikan', 'sini', 'banyak', 'pemula', 'seperti', 'merasa', 'putus', 'asa', 'setiap', 'hari', 'untungnya', 'memiliki', 'orangorang', 'baik', 'sini', 'ingin', 'orang', 'lain', 'sukses', 'seperti', 'mereka']",terima kasih telah bagi sini banyak mula seperti rasa putus asa tiap hari untung milik orangorang baik sini ingin orang lain sukses seperti mereka
"Saya menghargai informasinya, saya baru saja mencari namanya di Google dan memeriksa kredensialnya, dia tampaknya berpendidikan tinggi. Saya menghubunginya karena saya membutuhkan seseorang yang benar-benar memahami dasar-dasarnya.",@RoyR.Barbosa,0,Netral,Saya menghargai informasinya saya baru saja mencari namanya di Google dan memeriksa kredensialnya dia tampaknya berpendidikan tinggi Saya menghubunginya karena saya membutuhkan seseorang yang benarbenar memahami dasardasarnya,saya menghargai informasinya saya baru saja mencari namanya di google dan memeriksa kredensialnya dia tampaknya berpendidikan tinggi saya menghubunginya karena saya membutuhkan seseorang yang benarbenar memahami dasardasarnya,"['saya', 'menghargai', 'informasinya', 'saya', 'baru', 'saja', 'mencari', 'namanya', 'di', 'google', 'dan', 'memeriksa', 'kredensialnya', 'dia', 'tampaknya', 'berpendidikan', 'tinggi', 'saya', 'menghubunginya', 'karena', 'saya', 'membutuhkan', 'seseorang', 'yang', 'benarbenar', 'memahami', 'dasardasarnya']","['menghargai', 'informasinya', 'baru', 'saja', 'mencari', 'namanya', 'google', 'memeriksa', 'kredensialnya', 'dia', 'tampaknya', 'berpendidikan', 'tinggi', 'menghubunginya', 'membutuhkan', 'seseorang', 'benarbenar', 'memahami', 'dasardasarnya']",harga informasi baru saja cari nama google periksa kredensialnya dia tampak didik tinggi hubung butuh orang benarbenar paham dasardasarnya
"Saya sangat berterima kasih kepada BERING TSANG MENTORSHIP karena telah menjadi mentor yang luar biasa. Kebijaksanaan, kejelasan, dan pola pikirnya yang unik telah mengubah cara saya belajar dan berkembang. Saya bersyukur atas dukungan terus-menerus dan pengetahuan yang terus ia bagikan.",@RichardL.Wilcox,0,Netral,Saya sangat berterima kasih kepada BERING TSANG MENTORSHIP karena telah menjadi mentor yang luar biasa Kebijaksanaan kejelasan dan pola pikirnya yang unik telah mengubah cara saya belajar dan berkembang Saya bersyukur atas dukungan terusmenerus dan pengetahuan yang terus ia bagikan,saya sangat berterima kasih kepada bering tsang mentorship karena telah menjadi mentor yang luar biasa kebijaksanaan kejelasan dan pola pikirnya yang unik telah mengubah cara saya belajar dan berkembang saya bersyukur atas dukungan terusmenerus dan pengetahuan yang terus ia bagikan,"['saya', 'sangat', 'berterima', 'kasih', 'kepada', 'bering', 'tsang', 'mentorship', 'karena', 'telah', 'menjadi', 'mentor', 'yang', 'luar', 'biasa', 'kebijaksanaan', 'kejelasan', 'dan', 'pola', 'pikirnya', 'yang', 'unik', 'telah', 'mengubah', 'cara', 'saya', 'belajar', 'dan', 'berkembang', 'saya', 'bersyukur', 'atas', 'dukungan', 'terusmenerus', 'dan', 'pengetahuan', 'yang', 'terus', 'ia', 'bagikan']","['sangat', 'berterima', 'kasih', 'kepada', 'bering', 'tsang', 'mentorship', 'telah', 'menjadi', 'mentor', 'luar', 'biasa', 'kebijaksanaan', 'kejelasan', 'pola', 'pikirnya', 'unik', 'telah', 'mengubah', 'cara', 'belajar', 'berkembang', 'bersyukur', 'atas', 'dukungan', 'terusmenerus', 'pengetahuan', 'terus', 'ia', 'bagikan']",sangat terima kasih kepada ring tsang mentorship telah jadi mentor luar biasa bijaksana jelas pola pikir unik telah ubah cara ajar kembang syukur atas dukung terusmenerus tahu terus ia bagi
Terima kasih atas informasinya. Saya harus melakukan pencarian online singkat dengan nama lengkap dan menemukan halaman webnya.,@ReginaldA.Slowik,0,Netral,Terima kasih atas informasinya Saya harus melakukan pencarian online singkat dengan nama lengkap dan menemukan halaman webnya,terima kasih atas informasinya saya harus melakukan pencarian online singkat dengan nama lengkap dan menemukan halaman webnya,"['terima', 'kasih', 'atas', 'informasinya', 'saya', 'harus', 'melakukan', 'pencarian', 'online', 'singkat', 'dengan', 'nama', 'lengkap', 'dan', 'menemukan', 'halaman', 'webnya']","['terima', 'kasih', 'atas', 'informasinya', 'harus', 'melakukan', 'pencarian', 'online', 'singkat', 'nama', 'lengkap', 'menemukan', 'halaman', 'webnya']",terima kasih atas informasi harus laku cari online singkat nama lengkap temu halaman webnya
Internet dipenuhi dengan begitu banyak informasi bermanfaat tentang MENTORSHIP BERING TSANG.,@user-sc5ng5wm5j,0,Positif,Internet dipenuhi dengan begitu banyak informasi bermanfaat tentang MENTORSHIP BERING TSANG,internet dipenuhi dengan begitu banyak informasi bermanfaat tentang mentorship bering tsang,"['internet', 'dipenuhi', 'dengan', 'begitu', 'banyak', 'informasi', 'bermanfaat', 'tentang', 'mentorship', 'bering', 'tsang']","['internet', 'dipenuhi', 'begitu', 'banyak', 'informasi', 'bermanfaat', 'tentang', 'mentorship', 'bering', 'tsang']",internet penuh begitu banyak informasi manfaat tentang mentorship ring tsang
"Dari NY. Saya mulai berinvestasi seminggu yang lalu. Saya mulai dengan $1.000, sekarang saya sudah lebih dari $5.955. Ini awal yang bagus di pasar saham. Terima kasih atas informasinya. Damai, kekuatan, dan cinta.",@user-sc5ng5wm5j,0,Positif,Dari NY Saya mulai berinvestasi seminggu yang lalu Saya mulai dengan sekarang saya sudah lebih dari Ini awal yang bagus di pasar saham Terima kasih atas informasinya Damai kekuatan dan cinta,dari ny saya mulai berinvestasi seminggu yang lalu saya mulai dengan sekarang saya sudah lebih dari ini awal yang bagus di pasar saham terima kasih atas informasinya damai kekuatan dan cinta,"['dari', 'ny', 'saya', 'mulai', 'berinvestasi', 'seminggu', 'yang', 'lalu', 'saya', 'mulai', 'dengan', 'sekarang', 'saya', 'sudah', 'lebih', 'dari', 'ini', 'awal', 'yang', 'bagus', 'di', 'pasar', 'saham', 'terima', 'kasih', 'atas', 'informasinya', 'damai', 'kekuatan', 'dan', 'cinta']","['ny', 'mulai', 'berinvestasi', 'seminggu', 'lalu', 'mulai', 'sekarang', 'sudah', 'lebih', 'awal', 'bagus', 'pasar', 'saham', 'terima', 'kasih', 'atas', 'informasinya', 'damai', 'kekuatan', 'cinta']",ny mulai investasi minggu lalu mulai sekarang sudah lebih awal bagus pasar saham terima kasih atas informasi damai kuat cinta
"Bering tidak hanya sekadar melihat tren di permukaan... ia mengeksplorasi analisis teknikal, fundamental, dan sentimen, menawarkan perspektif komprehensif tentang pasar.",@user-de1dv7xf4u,0,Netral,Bering tidak hanya sekadar melihat tren di permukaan ia mengeksplorasi analisis teknikal fundamental dan sentimen menawarkan perspektif komprehensif tentang pasar,bering tidak hanya sekadar melihat tren di permukaan ia mengeksplorasi analisis teknikal fundamental dan sentimen menawarkan perspektif komprehensif tentang pasar,"['bering', 'tidak', 'hanya', 'sekadar', 'melihat', 'tren', 'di', 'permukaan', 'ia', 'mengeksplorasi', 'analisis', 'teknikal', 'fundamental', 'dan', 'sentimen', 'menawarkan', 'perspektif', 'komprehensif', 'tentang', 'pasar']","['bering', 'tidak', 'hanya', 'sekadar', 'melihat', 'tren', 'permukaan', 'ia', 'mengeksplorasi', 'analisis', 'teknikal', 'fundamental', 'sentimen', 'menawarkan', 'perspektif', 'komprehensif', 'tentang', 'pasar']",ring tidak hanya sekadar lihat tren muka ia eksplorasi analisis teknikal fundamental sentimen tawar perspektif komprehensif tentang pasar
"Berinvestasi tanpa panduan yang tepat dapat menyebabkan kesalahan dan kerugian. Saya telah belajar ini dari pengalaman saya sendiri. Jika Anda baru mengenal investasi atau tidak punya banyak waktu, sebaiknya mintalah nasihat dari seorang ahli.",@MichaelD.Castillo,0,Positif,Berinvestasi tanpa panduan yang tepat dapat menyebabkan kesalahan dan kerugian Saya telah belajar ini dari pengalaman saya sendiri Jika Anda baru mengenal investasi atau tidak punya banyak waktu sebaiknya mintalah nasihat dari seorang ahli,berinvestasi tanpa panduan yang tepat dapat menyebabkan kesalahan dan kerugian saya telah belajar ini dari pengalaman saya sendiri jika anda baru mengenal investasi atau tidak punya banyak waktu sebaiknya mintalah nasihat dari seorang ahli,"['berinvestasi', 'tanpa', 'panduan', 'yang', 'tepat', 'dapat', 'menyebabkan', 'kesalahan', 'dan', 'kerugian', 'saya', 'telah', 'belajar', 'ini', 'dari', 'pengalaman', 'saya', 'sendiri', 'jika', 'anda', 'baru', 'mengenal', 'investasi', 'atau', 'tidak', 'punya', 'banyak', 'waktu', 'sebaiknya', 'mintalah', 'nasihat', 'dari', 'seorang', 'ahli']","['berinvestasi', 'tanpa', 'panduan', 'tepat', 'dapat', 'menyebabkan', 'kesalahan', 'kerugian', 'telah', 'belajar', 'pengalaman', 'sendiri', 'jika', 'anda', 'baru', 'mengenal', 'investasi', 'tidak', 'punya', 'banyak', 'waktu', 'sebaiknya', 'mintalah', 'nasihat', 'seorang', 'ahli']",investasi tanpa pandu tepat dapat sebab salah rugi telah ajar alam sendiri jika anda baru kenal investasi tidak punya banyak waktu baik minta nasihat orang ahli
Potensi imbal hasil tinggi yang sama ada baik dalam situasi bullish maupun bearish; yang penting adalah bagaimana informasi dan teknik digunakan. Jangan mengabaikan nasihat profesional.,@DeniseJ.Wilson-t1t,0,Positif,Potensi imbal hasil tinggi yang sama ada baik dalam situasi bullish maupun bearish yang penting adalah bagaimana informasi dan teknik digunakan Jangan mengabaikan nasihat profesional,potensi imbal hasil tinggi yang sama ada baik dalam situasi bullish maupun bearish yang penting adalah bagaimana informasi dan teknik digunakan jangan mengabaikan nasihat profesional,"['potensi', 'imbal', 'hasil', 'tinggi', 'yang', 'sama', 'ada', 'baik', 'dalam', 'situasi', 'bullish', 'maupun', 'bearish', 'yang', 'penting', 'adalah', 'bagaimana', 'informasi', 'dan', 'teknik', 'digunakan', 'jangan', 'mengabaikan', 'nasihat', 'profesional']","['potensi', 'imbal', 'hasil', 'tinggi', 'sama', 'ada', 'baik', 'dalam', 'situasi', 'bullish', 'maupun', 'bearish', 'penting', 'bagaimana', 'informasi', 'teknik', 'digunakan', 'jangan', 'mengabaikan', 'nasihat', 'profesional']",potensi imbal hasil tinggi sama ada baik dalam situasi bullish maupun bearish penting bagaimana informasi teknik guna jangan abai nasihat profesional
Ini betul,@Bennix,0,Netral,Ini betul,ini betul,"['ini', 'betul']",['betul'],betul
"Saya ga skolah, tinggi,dan saya hanya ibu rumah tangga biasa biar saya,ga bodoh nangkep berita2 sekarang yg banyak hoax ,mangkanya saya selalu pantengin yutub bang bennix biar ga ke ter propokasi sama beria2 sekarang yg ga jelas mana yg bener dan salah",@mounime_official,0,Netral,Saya ga skolah tinggidan saya hanya ibu rumah tangga biasa biar sayaga bodoh nangkep berita sekarang yg banyak hoax mangkanya saya selalu pantengin yutub bang bennix biar ga ke ter propokasi sama beria sekarang yg ga jelas mana yg bener dan salah,saya ga skolah tinggidan saya hanya ibu rumah tangga biasa biar sayaga bodoh nangkep berita sekarang yg banyak hoax mangkanya saya selalu pantengin yutub bang bennix biar ga ke ter propokasi sama beria sekarang yg ga jelas mana yg bener dan salah,"['saya', 'ga', 'skolah', 'tinggidan', 'saya', 'hanya', 'ibu', 'rumah', 'tangga', 'biasa', 'biar', 'sayaga', 'bodoh', 'nangkep', 'berita', 'sekarang', 'yg', 'banyak', 'hoax', 'mangkanya', 'saya', 'selalu', 'pantengin', 'yutub', 'bang', 'bennix', 'biar', 'ga', 'ke', 'ter', 'propokasi', 'sama', 'beria', 'sekarang', 'yg', 'ga', 'jelas', 'mana', 'yg', 'bener', 'dan', 'salah']","['ga', 'skolah', 'tinggidan', 'hanya', 'ibu', 'rumah', 'tangga', 'biasa', 'biar', 'sayaga', 'bodoh', 'nangkep', 'berita', 'sekarang', 'yg', 'banyak', 'hoax', 'mangkanya', 'selalu', 'pantengin', 'yutub', 'bang', 'bennix', 'biar', 'ga', 'ter', 'propokasi', 'sama', 'beria', 'sekarang', 'yg', 'ga', 'jelas', 'mana', 'yg', 'bener', 'salah']",ga skolah tinggidan hanya ibu rumah tangga biasa biar sayaga bodoh nangkep berita sekarang yg banyak hoax mangkanya selalu pantengin yutub bang bennix biar ga ter propokasi sama ria sekarang yg ga jelas mana yg bener salah
"Intinya semua punya kepentingan.
Anda punya pentingan, asing punya kepentingan, pemerintah punya kepentingan memperkaya diri dengan mengorbankan kalangan bawah, konglo pun punya kepentingan.
Saya mengatakan sistemnya sudah tdk bisa di perbaiki.
Kalangan bawah mau coba keluar dari sistem langsung di hantam oleh pemerintah dan oligarki.
Kalangan bawah di paksa bekerja untuk orang lain, kalau gak bekerja untuk kalangan atas maka pemerintah korup mendapatkan suap.",@RasminRoger-qq3jf,0,Positif,Intinya semua punya kepentingan Anda punya pentingan asing punya kepentingan pemerintah punya kepentingan memperkaya diri dengan mengorbankan kalangan bawah konglo pun punya kepentingan Saya mengatakan sistemnya sudah tdk bisa di perbaiki Kalangan bawah mau coba keluar dari sistem langsung di hantam oleh pemerintah dan oligarki Kalangan bawah di paksa bekerja untuk orang lain kalau gak bekerja untuk kalangan atas maka pemerintah korup mendapatkan suap,intinya semua punya kepentingan anda punya pentingan asing punya kepentingan pemerintah punya kepentingan memperkaya diri dengan mengorbankan kalangan bawah konglo pun punya kepentingan saya mengatakan sistemnya sudah tdk bisa di perbaiki kalangan bawah mau coba keluar dari sistem langsung di hantam oleh pemerintah dan oligarki kalangan bawah di paksa bekerja untuk orang lain kalau gak bekerja untuk kalangan atas maka pemerintah korup mendapatkan suap,"['intinya', 'semua', 'punya', 'kepentingan', 'anda', 'punya', 'pentingan', 'asing', 'punya', 'kepentingan', 'pemerintah', 'punya', 'kepentingan', 'memperkaya', 'diri', 'dengan', 'mengorbankan', 'kalangan', 'bawah', 'konglo', 'pun', 'punya', 'kepentingan', 'saya', 'mengatakan', 'sistemnya', 'sudah', 'tdk', 'bisa', 'di', 'perbaiki', 'kalangan', 'bawah', 'mau', 'coba', 'keluar', 'dari', 'sistem', 'langsung', 'di', 'hantam', 'oleh', 'pemerintah', 'dan', 'oligarki', 'kalangan', 'bawah', 'di', 'paksa', 'bekerja', 'untuk', 'orang', 'lain', 'kalau', 'gak', 'bekerja', 'untuk', 'kalangan', 'atas', 'maka', 'pemerintah', 'korup', 'mendapatkan', 'suap']","['intinya', 'semua', 'punya', 'kepentingan', 'anda', 'punya', 'pentingan', 'asing', 'punya', 'kepentingan', 'pemerintah', 'punya', 'kepentingan', 'memperkaya', 'diri', 'mengorbankan', 'kalangan', 'bawah', 'konglo', 'pun', 'punya', 'kepentingan', 'mengatakan', 'sistemnya', 'sudah', 'tdk', 'bisa', 'perbaiki', 'kalangan', 'bawah', 'mau', 'coba', 'keluar', 'sistem', 'langsung', 'hantam', 'oleh', 'pemerintah', 'oligarki', 'kalangan', 'bawah', 'paksa', 'bekerja', 'orang', 'lain', 'kalau', 'gak', 'bekerja', 'kalangan', 'atas', 'maka', 'pemerintah', 'korup', 'mendapatkan', 'suap']",inti semua punya penting anda punya penting asing punya penting perintah punya penting kaya diri korban kalang bawah konglo pun punya penting kata sistem sudah tdk bisa baik kalang bawah mau coba keluar sistem langsung hantam oleh perintah oligarki kalang bawah paksa kerja orang lain kalau gak kerja kalang atas maka perintah korup dapat suap
"Media informasi Indonesia sekarang isinya kebanyakan cuman bikin panik, nebar kebencian sama hoax 😮‍💨",@RayPunkLord,0,Netral,Media informasi Indonesia sekarang isinya kebanyakan cuman bikin panik nebar kebencian sama hoax,media informasi indonesia sekarang isinya kebanyakan cuman bikin panik nebar kebencian sama hoax,"['media', 'informasi', 'indonesia', 'sekarang', 'isinya', 'kebanyakan', 'cuman', 'bikin', 'panik', 'nebar', 'kebencian', 'sama', 'hoax']","['media', 'informasi', 'indonesia', 'sekarang', 'isinya', 'kebanyakan', 'cuman', 'bikin', 'panik', 'nebar', 'kebencian', 'sama', 'hoax']",media informasi indonesia sekarang isi banyak cuman bikin panik nebar benci sama hoax
"Ya krn rakyat kita kurang Gizi tapi ngotot pingin pendidikan tinggi (padahal otaknya gak nyampai krn IQ 78 atau lagi laper gak bisa makan), akhirnya mudah diadu domba, mangkanya Belanda bercokol di Nusantara bisa lama banget, mudah diiming2i janji2 manis shg mereka pun dibuat seolah2 jadi Tuhan no 2 setelah Tuhan Yang Maha Esa yg bisa mengabulkan semua angan2 mereka jika kelak menjadi Presiden ......... namun kenyataan menjadi berbeda, akhirnya mereka pun murka dan mecari Tuhan2 yang baru untuk menggantikan Presidennya ............

mungkinkah yg bisa diatasnya bursa efek Indonesia adalah bursa efek Malaysia?",@reryprabayana4865,0,Netral,Ya krn rakyat kita kurang Gizi tapi ngotot pingin pendidikan tinggi padahal otaknya gak nyampai krn IQ atau lagi laper gak bisa makan akhirnya mudah diadu domba mangkanya Belanda bercokol di Nusantara bisa lama banget mudah diimingi janji manis shg mereka pun dibuat seolah jadi Tuhan no setelah Tuhan Yang Maha Esa yg bisa mengabulkan semua angan mereka jika kelak menjadi Presiden namun kenyataan menjadi berbeda akhirnya mereka pun murka dan mecari Tuhan yang baru untuk menggantikan Presidennya mungkinkah yg bisa diatasnya bursa efek Indonesia adalah bursa efek Malaysia,ya krn rakyat kita kurang gizi tapi ngotot pingin pendidikan tinggi padahal otaknya gak nyampai krn iq atau lagi laper gak bisa makan akhirnya mudah diadu domba mangkanya belanda bercokol di nusantara bisa lama banget mudah diimingi janji manis shg mereka pun dibuat seolah jadi tuhan no setelah tuhan yang maha esa yg bisa mengabulkan semua angan mereka jika kelak menjadi presiden namun kenyataan menjadi berbeda akhirnya mereka pun murka dan mecari tuhan yang baru untuk menggantikan presidennya mungkinkah yg bisa diatasnya bursa efek indonesia adalah bursa efek malaysia,"['ya', 'krn', 'rakyat', 'kita', 'kurang', 'gizi', 'tapi', 'ngotot', 'pingin', 'pendidikan', 'tinggi', 'padahal', 'otaknya', 'gak', 'nyampai', 'krn', 'iq', 'atau', 'lagi', 'laper', 'gak', 'bisa', 'makan', 'akhirnya', 'mudah', 'diadu', 'domba', 'mangkanya', 'belanda', 'bercokol', 'di', 'nusantara', 'bisa', 'lama', 'banget', 'mudah', 'diimingi', 'janji', 'manis', 'shg', 'mereka', 'pun', 'dibuat', 'seolah', 'jadi', 'tuhan', 'no', 'setelah', 'tuhan', 'yang', 'maha', 'esa', 'yg', 'bisa', 'mengabulkan', 'semua', 'angan', 'mereka', 'jika', 'kelak', 'menjadi', 'presiden', 'namun', 'kenyataan', 'menjadi', 'berbeda', 'akhirnya', 'mereka', 'pun', 'murka', 'dan', 'mecari', 'tuhan', 'yang', 'baru', 'untuk', 'menggantikan', 'presidennya', 'mungkinkah', 'yg', 'bisa', 'diatasnya', 'bursa', 'efek', 'indonesia', 'adalah', 'bursa', 'efek', 'malaysia']","['ya', 'krn', 'rakyat', 'kurang', 'gizi', 'tapi', 'ngotot', 'pingin', 'pendidikan', 'tinggi', 'padahal', 'otaknya', 'gak', 'nyampai', 'krn', 'iq', 'lagi', 'laper', 'gak', 'bisa', 'makan', 'akhirnya', 'mudah', 'diadu', 'domba', 'mangkanya', 'belanda', 'bercokol', 'nusantara', 'bisa', 'lama', 'banget', 'mudah', 'diimingi', 'janji', 'manis', 'shg', 'mereka', 'pun', 'dibuat', 'seolah', 'jadi', 'tuhan', 'no', 'setelah', 'tuhan', 'maha', 'esa', 'yg', 'bisa', 'mengabulkan', 'semua', 'angan', 'mereka', 'jika', 'kelak', 'menjadi', 'presiden', 'namun', 'kenyataan', 'menjadi', 'berbeda', 'akhirnya', 'mereka', 'pun', 'murka', 'mecari', 'tuhan', 'baru', 'menggantikan', 'presidennya', 'mungkinkah', 'yg', 'bisa', 'diatasnya', 'bursa', 'efek', 'indonesia', 'bursa', 'efek', 'malaysia']",ya krn rakyat kurang gizi tapi ngotot pingin didik tinggi padahal otak gak nyampai krn iq lagi laper gak bisa makan akhir mudah adu domba mangkanya belanda cokol nusantara bisa lama banget mudah diimingi janji manis shg mereka pun buat olah jadi tuhan no telah tuhan maha esa yg bisa kabul semua angan mereka jika kelak jadi presiden namun nyata jadi beda akhir mereka pun murka mecari tuhan baru ganti presiden mungkin yg bisa atas bursa efek indonesia bursa efek malaysia
Neolib memang anjing benar🤣,@bedjotenan-s4c,0,Netral,Neolib memang anjing benar,neolib memang anjing benar,"['neolib', 'memang', 'anjing', 'benar']","['neolib', 'memang', 'anjing', 'benar']",neolib memang anjing benar
Neolib memang anjing,@bedjotenan-s4c,0,Netral,Neolib memang anjing,neolib memang anjing,"['neolib', 'memang', 'anjing']","['neolib', 'memang', 'anjing']",neolib memang anjing
Dibayar partai p61,@Arifmu4444,0,Netral,Dibayar partai p,dibayar partai p,"['dibayar', 'partai', 'p']","['dibayar', 'partai', 'p']",bayar partai p
NKRI Berjaya,@rantohutabarat6013,0,Netral,NKRI Berjaya,nkri berjaya,"['nkri', 'berjaya']","['nkri', 'berjaya']",nkri jaya
.,@samsoe168,0,Netral,,,[],[],
"Aneh, sudah sejelas ini videonya, masih aja gagal paham. Lihat komentarnya kok malah menghujat MSCI. Padahal pembuat berita palsu itu tempo dan CNA.",@DarkKnight-de7np,0,Negatif,Aneh sudah sejelas ini videonya masih aja gagal paham Lihat komentarnya kok malah menghujat MSCI Padahal pembuat berita palsu itu tempo dan CNA,aneh sudah sejelas ini videonya masih aja gagal paham lihat komentarnya kok malah menghujat msci padahal pembuat berita palsu itu tempo dan cna,"['aneh', 'sudah', 'sejelas', 'ini', 'videonya', 'masih', 'aja', 'gagal', 'paham', 'lihat', 'komentarnya', 'kok', 'malah', 'menghujat', 'msci', 'padahal', 'pembuat', 'berita', 'palsu', 'itu', 'tempo', 'dan', 'cna']","['aneh', 'sudah', 'sejelas', 'videonya', 'masih', 'aja', 'gagal', 'paham', 'lihat', 'komentarnya', 'kok', 'malah', 'menghujat', 'msci', 'padahal', 'pembuat', 'berita', 'palsu', 'tempo', 'cna']",aneh sudah jelas video masih aja gagal paham lihat komentar kok malah hujat msci padahal buat berita palsu tempo cna
Channel PENJILAT!! MENIPU RAKYAT Indonesia! Hoax!,@BerronKarl,0,Netral,Channel PENJILAT MENIPU RAKYAT Indonesia Hoax,channel penjilat menipu rakyat indonesia hoax,"['channel', 'penjilat', 'menipu', 'rakyat', 'indonesia', 'hoax']","['channel', 'penjilat', 'menipu', 'rakyat', 'indonesia', 'hoax']",channel jilat tipu rakyat indonesia hoax
Tambah ilmu terus gua dari lu om. Thanks a million!,@JulvianAnggawie-eq2rh,0,Netral,Tambah ilmu terus gua dari lu om Thanks a million,tambah ilmu terus gua dari lu om thanks a million,"['tambah', 'ilmu', 'terus', 'gua', 'dari', 'lu', 'om', 'thanks', 'a', 'million']","['tambah', 'ilmu', 'terus', 'gua', 'lu', 'om', 'thanks', 'a', 'million']",tambah ilmu terus gua lu om thanks a million
BIARPUN RAJA NERAKA DATANG MEMBUAT ULAH DI INDONESIA PASTI AKAN KERINGAT DINGIN LARI TUNGGANG LANGGANG DI HAJAR RAKYAT INDONESIA,@ENKAERI-m6s,0,Netral,BIARPUN RAJA NERAKA DATANG MEMBUAT ULAH DI INDONESIA PASTI AKAN KERINGAT DINGIN LARI TUNGGANG LANGGANG DI HAJAR RAKYAT INDONESIA,biarpun raja neraka datang membuat ulah di indonesia pasti akan keringat dingin lari tunggang langgang di hajar rakyat indonesia,"['biarpun', 'raja', 'neraka', 'datang', 'membuat', 'ulah', 'di', 'indonesia', 'pasti', 'akan', 'keringat', 'dingin', 'lari', 'tunggang', 'langgang', 'di', 'hajar', 'rakyat', 'indonesia']","['biarpun', 'raja', 'neraka', 'datang', 'membuat', 'ulah', 'indonesia', 'pasti', 'akan', 'keringat', 'dingin', 'lari', 'tunggang', 'langgang', 'hajar', 'rakyat', 'indonesia']",biarpun raja neraka datang buat ulah indonesia pasti akan keringat dingin lari tunggang langgang hajar rakyat indonesia
Usir ja media sampah yg ada di indonesia,@tonyecelen7250,0,Netral,Usir ja media sampah yg ada di indonesia,usir ja media sampah yg ada di indonesia,"['usir', 'ja', 'media', 'sampah', 'yg', 'ada', 'di', 'indonesia']","['usir', 'ja', 'media', 'sampah', 'yg', 'ada', 'indonesia']",usir ja media sampah yg ada indonesia
George soro'ss puppy dog .. 😃,@LevyPrasetya,0,Netral,George soross puppy dog,george soross puppy dog,"['george', 'soross', 'puppy', 'dog']","['george', 'soross', 'puppy', 'dog']",george soross puppy dog
Mereka emang pgn lndonesia ancur,@opdisdsign5622,0,Netral,Mereka emang pgn lndonesia ancur,mereka emang pgn lndonesia ancur,"['mereka', 'emang', 'pgn', 'lndonesia', 'ancur']","['mereka', 'emang', 'pgn', 'lndonesia', 'ancur']",mereka emang pgn lndonesia ancur
"Saya dengerin bennix saja, berita2 kemarin memang saya skip....takut dengerin",@nurulsusanti915,0,Netral,Saya dengerin bennix saja berita kemarin memang saya skiptakut dengerin,saya dengerin bennix saja berita kemarin memang saya skiptakut dengerin,"['saya', 'dengerin', 'bennix', 'saja', 'berita', 'kemarin', 'memang', 'saya', 'skiptakut', 'dengerin']","['dengerin', 'bennix', 'saja', 'berita', 'kemarin', 'memang', 'skiptakut', 'dengerin']",dengerin bennix saja berita kemarin memang skiptakut dengerin
Orang Konoha mudah ketipu,@CHYEKIJR,0,Netral,Orang Konoha mudah ketipu,orang konoha mudah ketipu,"['orang', 'konoha', 'mudah', 'ketipu']","['orang', 'konoha', 'mudah', 'ketipu']",orang konoha mudah tipu
Singapore pengen  di kemplang pake bakiyak!,@LEMBAYUNGSENJA-n5c,0,Netral,Singapore pengen di kemplang pake bakiyak,singapore pengen di kemplang pake bakiyak,"['singapore', 'pengen', 'di', 'kemplang', 'pake', 'bakiyak']","['singapore', 'pengen', 'kemplang', 'pake', 'bakiyak']",singapore ken kemplang pake bakiyak
Nyebar hoaks buat ngambil barang murah,@youneedtoknow1321,0,Netral,Nyebar hoaks buat ngambil barang murah,nyebar hoaks buat ngambil barang murah,"['nyebar', 'hoaks', 'buat', 'ngambil', 'barang', 'murah']","['nyebar', 'hoaks', 'buat', 'ngambil', 'barang', 'murah']",nyebar hoaks buat ngambil barang murah
Buang saja dolarnya anjing anjing neolib tak ada gunanya juga,@bedjotenan-s4c,0,Netral,Buang saja dolarnya anjing anjing neolib tak ada gunanya juga,buang saja dolarnya anjing anjing neolib tak ada gunanya juga,"['buang', 'saja', 'dolarnya', 'anjing', 'anjing', 'neolib', 'tak', 'ada', 'gunanya', 'juga']","['buang', 'saja', 'dolarnya', 'anjing', 'anjing', 'neolib', 'tak', 'ada', 'gunanya']",buang saja dolar anjing anjing neolib tak ada guna
Ayo para hecker Indonesia hancurkan MSCI...n media Singapura.,@AgungBoim,0,Netral,Ayo para hecker Indonesia hancurkan MSCIn media Singapura,ayo para hecker indonesia hancurkan mscin media singapura,"['ayo', 'para', 'hecker', 'indonesia', 'hancurkan', 'mscin', 'media', 'singapura']","['ayo', 'para', 'hecker', 'indonesia', 'hancurkan', 'mscin', 'media', 'singapura']",ayo para hecker indonesia hancur mscin media singapura
MSCI   Kampretozzzzz   !!!,@hanggoroboedirahardjo,0,Netral,MSCI Kampretozzzzz,msci kampretozzzzz,"['msci', 'kampretozzzzz']","['msci', 'kampretozzzzz']",msci kampretozzzzz
Prof lattu,@IruRusadi,0,Netral,Prof lattu,prof lattu,"['prof', 'lattu']","['prof', 'lattu']",prof lattu
"Wow Malaysia 🇲🇾 keren sekali gak minus sama sekali, hebat² 😅 , kalian bisa lihat di menit 15:01 😁",@JunaidiApp-w1d,0,Positif,Wow Malaysia keren sekali gak minus sama sekali hebat kalian bisa lihat di menit,wow malaysia keren sekali gak minus sama sekali hebat kalian bisa lihat di menit,"['wow', 'malaysia', 'keren', 'sekali', 'gak', 'minus', 'sama', 'sekali', 'hebat', 'kalian', 'bisa', 'lihat', 'di', 'menit']","['wow', 'malaysia', 'keren', 'sekali', 'gak', 'minus', 'sama', 'sekali', 'hebat', 'kalian', 'bisa', 'lihat', 'menit']",wow malaysia keren sekali gak minus sama sekali hebat kalian bisa lihat menit
"Kalo terlalu transparan juga nanti asing tau kartu trup nya usaha kita tau dapur kita... 
Transparan yng ada batas nya... 
Pasar modal asing luar juga ga 100% transparant..... 
Kalo cewe baju transparant mantep itu
Hahaha",@KasidiKasidi-n6t,0,Netral,Kalo terlalu transparan juga nanti asing tau kartu trup nya usaha kita tau dapur kita Transparan yng ada batas nya Pasar modal asing luar juga ga transparant Kalo cewe baju transparant mantep itu Hahaha,kalo terlalu transparan juga nanti asing tau kartu trup nya usaha kita tau dapur kita transparan yng ada batas nya pasar modal asing luar juga ga transparant kalo cewe baju transparant mantep itu hahaha,"['kalo', 'terlalu', 'transparan', 'juga', 'nanti', 'asing', 'tau', 'kartu', 'trup', 'nya', 'usaha', 'kita', 'tau', 'dapur', 'kita', 'transparan', 'yng', 'ada', 'batas', 'nya', 'pasar', 'modal', 'asing', 'luar', 'juga', 'ga', 'transparant', 'kalo', 'cewe', 'baju', 'transparant', 'mantep', 'itu', 'hahaha']","['kalo', 'terlalu', 'transparan', 'nanti', 'asing', 'tau', 'kartu', 'trup', 'nya', 'usaha', 'tau', 'dapur', 'transparan', 'yng', 'ada', 'batas', 'nya', 'pasar', 'modal', 'asing', 'luar', 'ga', 'transparant', 'kalo', 'cewe', 'baju', 'transparant', 'mantep', 'hahaha']",kalo terlalu transparan nanti asing tau kartu trup nya usaha tau dapur transparan yng ada batas nya pasar modal asing luar ga transparant kalo cewe baju transparant mantep hahaha
"Yang butuh di perbaiki itu SDM kita. 
di sentil sedikit udah kelimpungan, bikin huru hara. 
Kurang uang belanja pun salah pemerintah!!!😂
Contoh kemarin minyak kita langka dan mahal padahal pak Amran sudah menyatakan tidak ada kelangkaan barang tsb.
kalau kita berpikir jernih pasti ada oknum yg bermain di situ😅
Padahal itu cuma pemain kelas cere loh
Apalagi ini saham,uang gede.
tahulah siapa yg main di dalamnya 😅",@milat-yala,0,Netral,Yang butuh di perbaiki itu SDM kita di sentil sedikit udah kelimpungan bikin huru hara Kurang uang belanja pun salah pemerintah Contoh kemarin minyak kita langka dan mahal padahal pak Amran sudah menyatakan tidak ada kelangkaan barang tsb kalau kita berpikir jernih pasti ada oknum yg bermain di situ Padahal itu cuma pemain kelas cere loh Apalagi ini sahamuang gede tahulah siapa yg main di dalamnya,yang butuh di perbaiki itu sdm kita di sentil sedikit udah kelimpungan bikin huru hara kurang uang belanja pun salah pemerintah contoh kemarin minyak kita langka dan mahal padahal pak amran sudah menyatakan tidak ada kelangkaan barang tsb kalau kita berpikir jernih pasti ada oknum yg bermain di situ padahal itu cuma pemain kelas cere loh apalagi ini sahamuang gede tahulah siapa yg main di dalamnya,"['yang', 'butuh', 'di', 'perbaiki', 'itu', 'sdm', 'kita', 'di', 'sentil', 'sedikit', 'udah', 'kelimpungan', 'bikin', 'huru', 'hara', 'kurang', 'uang', 'belanja', 'pun', 'salah', 'pemerintah', 'contoh', 'kemarin', 'minyak', 'kita', 'langka', 'dan', 'mahal', 'padahal', 'pak', 'amran', 'sudah', 'menyatakan', 'tidak', 'ada', 'kelangkaan', 'barang', 'tsb', 'kalau', 'kita', 'berpikir', 'jernih', 'pasti', 'ada', 'oknum', 'yg', 'bermain', 'di', 'situ', 'padahal', 'itu', 'cuma', 'pemain', 'kelas', 'cere', 'loh', 'apalagi', 'ini', 'sahamuang', 'gede', 'tahulah', 'siapa', 'yg', 'main', 'di', 'dalamnya']","['butuh', 'perbaiki', 'sdm', 'sentil', 'sedikit', 'udah', 'kelimpungan', 'bikin', 'huru', 'hara', 'kurang', 'uang', 'belanja', 'pun', 'salah', 'pemerintah', 'contoh', 'kemarin', 'minyak', 'langka', 'mahal', 'padahal', 'pak', 'amran', 'sudah', 'menyatakan', 'tidak', 'ada', 'kelangkaan', 'barang', 'tsb', 'kalau', 'berpikir', 'jernih', 'pasti', 'ada', 'oknum', 'yg', 'bermain', 'situ', 'padahal', 'cuma', 'pemain', 'kelas', 'cere', 'loh', 'apalagi', 'sahamuang', 'gede', 'tahulah', 'siapa', 'yg', 'main', 'dalamnya']",butuh baik sdm sentil sedikit udah kelimpungan bikin huru hara kurang uang belanja pun salah perintah contoh kemarin minyak langka mahal padahal pak amran sudah nyata tidak ada langka barang tsb kalau pikir jernih pasti ada oknum yg main situ padahal cuma main kelas cere loh apalagi sahamuang gede tahu siapa yg main dalam
Hidup NKRI ❤❤ hidup pak Presiden Prabowo ❤❤❤,@Faizk07,0,Netral,Hidup NKRI hidup pak Presiden Prabowo,hidup nkri hidup pak presiden prabowo,"['hidup', 'nkri', 'hidup', 'pak', 'presiden', 'prabowo']","['hidup', 'nkri', 'hidup', 'pak', 'presiden', 'prabowo']",hidup nkri hidup pak presiden prabowo
Tangkap smua anjing anjing nya joss kamprett.,@LerryRumakat,0,Netral,Tangkap smua anjing anjing nya joss kamprett,tangkap smua anjing anjing nya joss kamprett,"['tangkap', 'smua', 'anjing', 'anjing', 'nya', 'joss', 'kamprett']","['tangkap', 'smua', 'anjing', 'anjing', 'nya', 'joss', 'kamprett']",tangkap smua anjing anjing nya joss kamprett
"Buzzers penghianat bangsa di Indonesia emang PARAH, JIJIK, PELACURNYA sorros dan MAFIA",@suyantobtn,0,Netral,Buzzers penghianat bangsa di Indonesia emang PARAH JIJIK PELACURNYA sorros dan MAFIA,buzzers penghianat bangsa di indonesia emang parah jijik pelacurnya sorros dan mafia,"['buzzers', 'penghianat', 'bangsa', 'di', 'indonesia', 'emang', 'parah', 'jijik', 'pelacurnya', 'sorros', 'dan', 'mafia']","['buzzers', 'penghianat', 'bangsa', 'indonesia', 'emang', 'parah', 'jijik', 'pelacurnya', 'sorros', 'mafia']",buzzers penghianat bangsa indonesia emang parah jijik lacur sorros mafia
Jangan mau kt di adu domba oleh bangsat2 asing aseng yg ingin Indonesia hancur. krna mreka tau Indonesia adalah lahan surga yg bs di ambil keuntungan utk negara mreka yg sampah.mreka ga mau Indonesia jd negara kuat krna akan mnyulitkan mreka bangsat2 itu utk mengeruk kekayaan alam serta uang dari Indonesia. mmg sengaja Indonesia di buat miskin dan bodoh spy gampang di perbudak. INGAT KITA BANGSA INDONESIA JANGAN JADI ORG TOLOL YG GAMPANG DI PECAH BELAH DAN DI BENTURKAN SPY SESAMA KITA BERANTAM. KITA PERTAHANKAN KEKAYAAN ALAM KITA SPY TDK DI CURI LG.,@lakimantap3584,0,Netral,Jangan mau kt di adu domba oleh bangsat asing aseng yg ingin Indonesia hancur krna mreka tau Indonesia adalah lahan surga yg bs di ambil keuntungan utk negara mreka yg sampahmreka ga mau Indonesia jd negara kuat krna akan mnyulitkan mreka bangsat itu utk mengeruk kekayaan alam serta uang dari Indonesia mmg sengaja Indonesia di buat miskin dan bodoh spy gampang di perbudak INGAT KITA BANGSA INDONESIA JANGAN JADI ORG TOLOL YG GAMPANG DI PECAH BELAH DAN DI BENTURKAN SPY SESAMA KITA BERANTAM KITA PERTAHANKAN KEKAYAAN ALAM KITA SPY TDK DI CURI LG,jangan mau kt di adu domba oleh bangsat asing aseng yg ingin indonesia hancur krna mreka tau indonesia adalah lahan surga yg bs di ambil keuntungan utk negara mreka yg sampahmreka ga mau indonesia jd negara kuat krna akan mnyulitkan mreka bangsat itu utk mengeruk kekayaan alam serta uang dari indonesia mmg sengaja indonesia di buat miskin dan bodoh spy gampang di perbudak ingat kita bangsa indonesia jangan jadi org tolol yg gampang di pecah belah dan di benturkan spy sesama kita berantam kita pertahankan kekayaan alam kita spy tdk di curi lg,"['jangan', 'mau', 'kt', 'di', 'adu', 'domba', 'oleh', 'bangsat', 'asing', 'aseng', 'yg', 'ingin', 'indonesia', 'hancur', 'krna', 'mreka', 'tau', 'indonesia', 'adalah', 'lahan', 'surga', 'yg', 'bs', 'di', 'ambil', 'keuntungan', 'utk', 'negara', 'mreka', 'yg', 'sampahmreka', 'ga', 'mau', 'indonesia', 'jd', 'negara', 'kuat', 'krna', 'akan', 'mnyulitkan', 'mreka', 'bangsat', 'itu', 'utk', 'mengeruk', 'kekayaan', 'alam', 'serta', 'uang', 'dari', 'indonesia', 'mmg', 'sengaja', 'indonesia', 'di', 'buat', 'miskin', 'dan', 'bodoh', 'spy', 'gampang', 'di', 'perbudak', 'ingat', 'kita', 'bangsa', 'indonesia', 'jangan', 'jadi', 'org', 'tolol', 'yg', 'gampang', 'di', 'pecah', 'belah', 'dan', 'di', 'benturkan', 'spy', 'sesama', 'kita', 'berantam', 'kita', 'pertahankan', 'kekayaan', 'alam', 'kita', 'spy', 'tdk', 'di', 'curi', 'lg']","['jangan', 'mau', 'kt', 'adu', 'domba', 'oleh', 'bangsat', 'asing', 'aseng', 'yg', 'ingin', 'indonesia', 'hancur', 'krna', 'mreka', 'tau', 'indonesia', 'lahan', 'surga', 'yg', 'bs', 'ambil', 'keuntungan', 'utk', 'negara', 'mreka', 'yg', 'sampahmreka', 'ga', 'mau', 'indonesia', 'jd', 'negara', 'kuat', 'krna', 'akan', 'mnyulitkan', 'mreka', 'bangsat', 'utk', 'mengeruk', 'kekayaan', 'alam', 'serta', 'uang', 'indonesia', 'mmg', 'sengaja', 'indonesia', 'buat', 'miskin', 'bodoh', 'spy', 'gampang', 'perbudak', 'ingat', 'bangsa', 'indonesia', 'jangan', 'jadi', 'org', 'tolol', 'yg', 'gampang', 'pecah', 'belah', 'benturkan', 'spy', 'sesama', 'berantam', 'pertahankan', 'kekayaan', 'alam', 'spy', 'tdk', 'curi', 'lg']",jangan mau kt adu domba oleh bangsat asing aseng yg ingin indonesia hancur krna mreka tau indonesia lahan surga yg bs ambil untung utk negara mreka yg sampahmreka ga mau indonesia jd negara kuat krna akan mnyulitkan mreka bangsat utk keruk kaya alam serta uang indonesia mmg sengaja indonesia buat miskin bodoh spy gampang budak ingat bangsa indonesia jangan jadi org tolol yg gampang pecah belah bentur spy sama rantam tahan kaya alam spy tdk curi lg
Thx ilmu dan infonya Bro,@user-zb7jm3rq9k,0,Netral,Thx ilmu dan infonya Bro,thx ilmu dan infonya bro,"['thx', 'ilmu', 'dan', 'infonya', 'bro']","['thx', 'ilmu', 'infonya', 'bro']",thx ilmu info bro
Emg Brengsek MSCI kemarin juga permasalaain Bahasa Segala La emg harus pake bahasa apaan bahasa hewan,@firmanhadiwicaksono3397,0,Netral,Emg Brengsek MSCI kemarin juga permasalaain Bahasa Segala La emg harus pake bahasa apaan bahasa hewan,emg brengsek msci kemarin juga permasalaain bahasa segala la emg harus pake bahasa apaan bahasa hewan,"['emg', 'brengsek', 'msci', 'kemarin', 'juga', 'permasalaain', 'bahasa', 'segala', 'la', 'emg', 'harus', 'pake', 'bahasa', 'apaan', 'bahasa', 'hewan']","['emg', 'brengsek', 'msci', 'kemarin', 'permasalaain', 'bahasa', 'segala', 'la', 'emg', 'harus', 'pake', 'bahasa', 'apaan', 'bahasa', 'hewan']",emg brengsek msci kemarin permasalaain bahasa segala la emg harus pake bahasa apa bahasa hewan
"BIARKAN BURSA INDONESIA BUBAR NKRI TETAP BERDIRI DAN BERDAULAT.... NKRI HARUS MANDIRI DAN BERDIRI SENDIRI, TAK PEDULI MSCI...",@harytripamungkas1571,0,Netral,BIARKAN BURSA INDONESIA BUBAR NKRI TETAP BERDIRI DAN BERDAULAT NKRI HARUS MANDIRI DAN BERDIRI SENDIRI TAK PEDULI MSCI,biarkan bursa indonesia bubar nkri tetap berdiri dan berdaulat nkri harus mandiri dan berdiri sendiri tak peduli msci,"['biarkan', 'bursa', 'indonesia', 'bubar', 'nkri', 'tetap', 'berdiri', 'dan', 'berdaulat', 'nkri', 'harus', 'mandiri', 'dan', 'berdiri', 'sendiri', 'tak', 'peduli', 'msci']","['biarkan', 'bursa', 'indonesia', 'bubar', 'nkri', 'tetap', 'berdiri', 'berdaulat', 'nkri', 'harus', 'mandiri', 'berdiri', 'sendiri', 'tak', 'peduli', 'msci']",biar bursa indonesia bubar nkri tetap diri daulat nkri harus mandiri diri sendiri tak peduli msci
"Jangan sampai kepancing, Indonesia mau dihancurkan dengan cara melemahkan rupiah dan menggoyang saham, cobak di dalam negri semua lepas dollar pasti rupiah akan kuat, kita harus saling bahu membahu ditengah isu² negatif yang marak beredar dimedia yang bisa diakses siapa saja, cobak kayak singapur media yang nggak mutu di cat untuk menepis isu² negatif",@muslihanhadi940,0,Netral,Jangan sampai kepancing Indonesia mau dihancurkan dengan cara melemahkan rupiah dan menggoyang saham cobak di dalam negri semua lepas dollar pasti rupiah akan kuat kita harus saling bahu membahu ditengah isu negatif yang marak beredar dimedia yang bisa diakses siapa saja cobak kayak singapur media yang nggak mutu di cat untuk menepis isu negatif,jangan sampai kepancing indonesia mau dihancurkan dengan cara melemahkan rupiah dan menggoyang saham cobak di dalam negri semua lepas dollar pasti rupiah akan kuat kita harus saling bahu membahu ditengah isu negatif yang marak beredar dimedia yang bisa diakses siapa saja cobak kayak singapur media yang nggak mutu di cat untuk menepis isu negatif,"['jangan', 'sampai', 'kepancing', 'indonesia', 'mau', 'dihancurkan', 'dengan', 'cara', 'melemahkan', 'rupiah', 'dan', 'menggoyang', 'saham', 'cobak', 'di', 'dalam', 'negri', 'semua', 'lepas', 'dollar', 'pasti', 'rupiah', 'akan', 'kuat', 'kita', 'harus', 'saling', 'bahu', 'membahu', 'ditengah', 'isu', 'negatif', 'yang', 'marak', 'beredar', 'dimedia', 'yang', 'bisa', 'diakses', 'siapa', 'saja', 'cobak', 'kayak', 'singapur', 'media', 'yang', 'nggak', 'mutu', 'di', 'cat', 'untuk', 'menepis', 'isu', 'negatif']","['jangan', 'sampai', 'kepancing', 'indonesia', 'mau', 'dihancurkan', 'cara', 'melemahkan', 'rupiah', 'menggoyang', 'saham', 'cobak', 'dalam', 'negri', 'semua', 'lepas', 'dollar', 'pasti', 'rupiah', 'akan', 'kuat', 'harus', 'saling', 'bahu', 'membahu', 'ditengah', 'isu', 'negatif', 'marak', 'beredar', 'dimedia', 'bisa', 'diakses', 'siapa', 'saja', 'cobak', 'kayak', 'singapur', 'media', 'nggak', 'mutu', 'cat', 'menepis', 'isu', 'negatif']",jangan sampai pancing indonesia mau hancur cara lemah rupiah goyang saham cobak dalam negri semua lepas dollar pasti rupiah akan kuat harus saling bahu bahu tengah isu negatif marak edar media bisa akses siapa saja cobak kayak singapur media nggak mutu cat menep isu negatif
Makan Gaji Buta pemegang OTORITAS BEI,@MyPrastCorp,0,Netral,Makan Gaji Buta pemegang OTORITAS BEI,makan gaji buta pemegang otoritas bei,"['makan', 'gaji', 'buta', 'pemegang', 'otoritas', 'bei']","['makan', 'gaji', 'buta', 'pemegang', 'otoritas', 'bei']",makan gaji buta pegang otoritas bei
"Saking banyaknya hoax dr media soros, tempe busuk bilang Purbaya mau di copot prabowo🤣🤣 Parah bgt.. Pdhl Purbaya aja lagi sibuk ngurus Panda bond ke china.. Emang anjing bgt antek soros",@funfact1789,0,Netral,Saking banyaknya hoax dr media soros tempe busuk bilang Purbaya mau di copot prabowo Parah bgt Pdhl Purbaya aja lagi sibuk ngurus Panda bond ke china Emang anjing bgt antek soros,saking banyaknya hoax dr media soros tempe busuk bilang purbaya mau di copot prabowo parah bgt pdhl purbaya aja lagi sibuk ngurus panda bond ke china emang anjing bgt antek soros,"['saking', 'banyaknya', 'hoax', 'dr', 'media', 'soros', 'tempe', 'busuk', 'bilang', 'purbaya', 'mau', 'di', 'copot', 'prabowo', 'parah', 'bgt', 'pdhl', 'purbaya', 'aja', 'lagi', 'sibuk', 'ngurus', 'panda', 'bond', 'ke', 'china', 'emang', 'anjing', 'bgt', 'antek', 'soros']","['saking', 'banyaknya', 'hoax', 'dr', 'media', 'soros', 'tempe', 'busuk', 'bilang', 'purbaya', 'mau', 'copot', 'prabowo', 'parah', 'bgt', 'pdhl', 'purbaya', 'aja', 'lagi', 'sibuk', 'ngurus', 'panda', 'bond', 'china', 'emang', 'anjing', 'bgt', 'antek', 'soros']",saking banyak hoax dr media soros tempe busuk bilang purbaya mau copot prabowo parah bgt pdhl purbaya aja lagi sibuk ngurus panda bond china emang anjing bgt antek soros
"JUSTRU RAKYAT KITA SENDIRI YANG MENURUNKAN LAYAR POSITIF PARA INVESTOR ASING,MIRIS",@NBDek-w,0,Netral,JUSTRU RAKYAT KITA SENDIRI YANG MENURUNKAN LAYAR POSITIF PARA INVESTOR ASINGMIRIS,justru rakyat kita sendiri yang menurunkan layar positif para investor asingmiris,"['justru', 'rakyat', 'kita', 'sendiri', 'yang', 'menurunkan', 'layar', 'positif', 'para', 'investor', 'asingmiris']","['justru', 'rakyat', 'sendiri', 'menurunkan', 'layar', 'positif', 'para', 'investor', 'asingmiris']",justru rakyat sendiri turun layar positif para investor asingmiris
"Nggak ada sejarahnya negara kaya ( sumber daya alam besar) dan populasi yg besar akan bangkrut. Yang ada saat ini perubahan mendasar ekonomi jadi pemilik pasar dunia dengan menjadi pemain inti perdagangan dunia adalah hal yg akan merubah secara otomatis human resources di Indonesia semakin pintar dan semakin kuat. Sekali lagi jangan tunjukkanbkamar kamar ekonomi kita, kita tunjukkan ke mereka, maksudnya adalah jangan kita kasih mereka memiliki kamarvkamar itu kemudian hari. Nkri harga mati. Percayalah Indonesia terbukti dari masalah ekonomi apapun tetap kuat. Sekarang ideologi Pancasila itu harus tegak Berdiri jangan digerogoti. Stop demo dan gunakan pedang pemerintah, siapapun perusak bangsa. Hukum dan tentara, polisi perlu digunakan.  Nkri harga mati",@binsarhasibuan1054,0,Negatif,Nggak ada sejarahnya negara kaya sumber daya alam besar dan populasi yg besar akan bangkrut Yang ada saat ini perubahan mendasar ekonomi jadi pemilik pasar dunia dengan menjadi pemain inti perdagangan dunia adalah hal yg akan merubah secara otomatis human resources di Indonesia semakin pintar dan semakin kuat Sekali lagi jangan tunjukkanbkamar kamar ekonomi kita kita tunjukkan ke mereka maksudnya adalah jangan kita kasih mereka memiliki kamarvkamar itu kemudian hari Nkri harga mati Percayalah Indonesia terbukti dari masalah ekonomi apapun tetap kuat Sekarang ideologi Pancasila itu harus tegak Berdiri jangan digerogoti Stop demo dan gunakan pedang pemerintah siapapun perusak bangsa Hukum dan tentara polisi perlu digunakan Nkri harga mati,nggak ada sejarahnya negara kaya sumber daya alam besar dan populasi yg besar akan bangkrut yang ada saat ini perubahan mendasar ekonomi jadi pemilik pasar dunia dengan menjadi pemain inti perdagangan dunia adalah hal yg akan merubah secara otomatis human resources di indonesia semakin pintar dan semakin kuat sekali lagi jangan tunjukkanbkamar kamar ekonomi kita kita tunjukkan ke mereka maksudnya adalah jangan kita kasih mereka memiliki kamarvkamar itu kemudian hari nkri harga mati percayalah indonesia terbukti dari masalah ekonomi apapun tetap kuat sekarang ideologi pancasila itu harus tegak berdiri jangan digerogoti stop demo dan gunakan pedang pemerintah siapapun perusak bangsa hukum dan tentara polisi perlu digunakan nkri harga mati,"['nggak', 'ada', 'sejarahnya', 'negara', 'kaya', 'sumber', 'daya', 'alam', 'besar', 'dan', 'populasi', 'yg', 'besar', 'akan', 'bangkrut', 'yang', 'ada', 'saat', 'ini', 'perubahan', 'mendasar', 'ekonomi', 'jadi', 'pemilik', 'pasar', 'dunia', 'dengan', 'menjadi', 'pemain', 'inti', 'perdagangan', 'dunia', 'adalah', 'hal', 'yg', 'akan', 'merubah', 'secara', 'otomatis', 'human', 'resources', 'di', 'indonesia', 'semakin', 'pintar', 'dan', 'semakin', 'kuat', 'sekali', 'lagi', 'jangan', 'tunjukkanbkamar', 'kamar', 'ekonomi', 'kita', 'kita', 'tunjukkan', 'ke', 'mereka', 'maksudnya', 'adalah', 'jangan', 'kita', 'kasih', 'mereka', 'memiliki', 'kamarvkamar', 'itu', 'kemudian', 'hari', 'nkri', 'harga', 'mati', 'percayalah', 'indonesia', 'terbukti', 'dari', 'masalah', 'ekonomi', 'apapun', 'tetap', 'kuat', 'sekarang', 'ideologi', 'pancasila', 'itu', 'harus', 'tegak', 'berdiri', 'jangan', 'digerogoti', 'stop', 'demo', 'dan', 'gunakan', 'pedang', 'pemerintah', 'siapapun', 'perusak', 'bangsa', 'hukum', 'dan', 'tentara', 'polisi', 'perlu', 'digunakan', 'nkri', 'harga', 'mati']","['nggak', 'ada', 'sejarahnya', 'negara', 'kaya', 'sumber', 'daya', 'alam', 'besar', 'populasi', 'yg', 'besar', 'akan', 'bangkrut', 'ada', 'saat', 'perubahan', 'mendasar', 'ekonomi', 'jadi', 'pemilik', 'pasar', 'dunia', 'menjadi', 'pemain', 'inti', 'perdagangan', 'dunia', 'hal', 'yg', 'akan', 'merubah', 'secara', 'otomatis', 'human', 'resources', 'indonesia', 'semakin', 'pintar', 'semakin', 'kuat', 'sekali', 'lagi', 'jangan', 'tunjukkanbkamar', 'kamar', 'ekonomi', 'tunjukkan', 'mereka', 'maksudnya', 'jangan', 'kasih', 'mereka', 'memiliki', 'kamarvkamar', 'kemudian', 'hari', 'nkri', 'harga', 'mati', 'percayalah', 'indonesia', 'terbukti', 'masalah', 'ekonomi', 'apapun', 'tetap', 'kuat', 'sekarang', 'ideologi', 'pancasila', 'harus', 'tegak', 'berdiri', 'jangan', 'digerogoti', 'stop', 'demo', 'gunakan', 'pedang', 'pemerintah', 'siapapun', 'perusak', 'bangsa', 'hukum', 'tentara', 'polisi', 'perlu', 'digunakan', 'nkri', 'harga', 'mati']",nggak ada sejarah negara kaya sumber daya alam besar populasi yg besar akan bangkrut ada saat ubah dasar ekonomi jadi milik pasar dunia jadi main inti dagang dunia hal yg akan rubah cara otomatis human resources indonesia makin pintar makin kuat sekali lagi jangan tunjukkanbkamar kamar ekonomi tunjuk mereka maksud jangan kasih mereka milik kamarvkamar kemudian hari nkri harga mati percaya indonesia bukti masalah ekonomi apa tetap kuat sekarang ideologi pancasila harus tegak diri jangan gerogot stop demo guna pedang perintah siapa usak bangsa hukum tentara polisi perlu guna nkri harga mati
Chanel bung Benix dan prof Gema yg slalu mencerdaskan dan tdk menyesatkan masyarakat,@Abah_KR,0,Netral,Chanel bung Benix dan prof Gema yg slalu mencerdaskan dan tdk menyesatkan masyarakat,chanel bung benix dan prof gema yg slalu mencerdaskan dan tdk menyesatkan masyarakat,"['chanel', 'bung', 'benix', 'dan', 'prof', 'gema', 'yg', 'slalu', 'mencerdaskan', 'dan', 'tdk', 'menyesatkan', 'masyarakat']","['chanel', 'bung', 'benix', 'prof', 'gema', 'yg', 'slalu', 'mencerdaskan', 'tdk', 'menyesatkan', 'masyarakat']",chanel bung benix prof gema yg slalu cerdas tdk sesat masyarakat
16:22 oligarki di Indonesia hobby nya ngadalin investor India,@WowiekSantara-gr9ws,0,Netral,oligarki di Indonesia hobby nya ngadalin investor India,oligarki di indonesia hobby nya ngadalin investor india,"['oligarki', 'di', 'indonesia', 'hobby', 'nya', 'ngadalin', 'investor', 'india']","['oligarki', 'indonesia', 'hobby', 'nya', 'ngadalin', 'investor', 'india']",oligarki indonesia hobby nya ngadalin investor india
"Mahasiswa U.I. U.G.M nangis nonton Chanel ini.

Karna pak Benix menjelekan negara yang selama ini memberi mereka ""uang jajan"" 👉🇸🇬",@Robot685-w7l,0,Negatif,Mahasiswa UI UGM nangis nonton Chanel ini Karna pak Benix menjelekan negara yang selama ini memberi mereka uang jajan,mahasiswa ui ugm nangis nonton chanel ini karna pak benix menjelekan negara yang selama ini memberi mereka uang jajan,"['mahasiswa', 'ui', 'ugm', 'nangis', 'nonton', 'chanel', 'ini', 'karna', 'pak', 'benix', 'menjelekan', 'negara', 'yang', 'selama', 'ini', 'memberi', 'mereka', 'uang', 'jajan']","['mahasiswa', 'ui', 'ugm', 'nangis', 'nonton', 'chanel', 'karna', 'pak', 'benix', 'menjelekan', 'negara', 'selama', 'memberi', 'mereka', 'uang', 'jajan']",mahasiswa ui ugm nang nonton chanel karna pak benix jelek negara lama beri mereka uang jajan
Nah gini seharusnya cara mahasiswa mencari data suapaya tidak salah jgn berdasarkan film pesta bab.. 😂😂,@faozilakbarchanel2443,0,Netral,Nah gini seharusnya cara mahasiswa mencari data suapaya tidak salah jgn berdasarkan film pesta bab,nah gini seharusnya cara mahasiswa mencari data suapaya tidak salah jgn berdasarkan film pesta bab,"['nah', 'gini', 'seharusnya', 'cara', 'mahasiswa', 'mencari', 'data', 'suapaya', 'tidak', 'salah', 'jgn', 'berdasarkan', 'film', 'pesta', 'bab']","['nah', 'gini', 'seharusnya', 'cara', 'mahasiswa', 'mencari', 'data', 'suapaya', 'tidak', 'salah', 'jgn', 'berdasarkan', 'film', 'pesta', 'bab']",nah gin harus cara mahasiswa cari data suapaya tidak salah jgn dasar film pesta bab
GOTO & DADA TERSENYUM DI SINDIR LU OM WKWKWKWK,@thebost5951,0,Netral,GOTO DADA TERSENYUM DI SINDIR LU OM WKWKWKWK,goto dada tersenyum di sindir lu om wkwkwkwk,"['goto', 'dada', 'tersenyum', 'di', 'sindir', 'lu', 'om', 'wkwkwkwk']","['goto', 'dada', 'tersenyum', 'sindir', 'lu', 'om', 'wkwkwkwk']",goto dada senyum sindir lu om wkwkwkwk
Kalau narasi lawan msci ya mungkin boleh lah.. tapi tunggu review Moody's Nanti soalnya itu bukan saham lagi tapi review tentang kemampuan bayar Dan kondisi fiskal negara kita,@abubakr535,0,Netral,Kalau narasi lawan msci ya mungkin boleh lah tapi tunggu review Moodys Nanti soalnya itu bukan saham lagi tapi review tentang kemampuan bayar Dan kondisi fiskal negara kita,kalau narasi lawan msci ya mungkin boleh lah tapi tunggu review moodys nanti soalnya itu bukan saham lagi tapi review tentang kemampuan bayar dan kondisi fiskal negara kita,"['kalau', 'narasi', 'lawan', 'msci', 'ya', 'mungkin', 'boleh', 'lah', 'tapi', 'tunggu', 'review', 'moodys', 'nanti', 'soalnya', 'itu', 'bukan', 'saham', 'lagi', 'tapi', 'review', 'tentang', 'kemampuan', 'bayar', 'dan', 'kondisi', 'fiskal', 'negara', 'kita']","['kalau', 'narasi', 'lawan', 'msci', 'ya', 'mungkin', 'boleh', 'lah', 'tapi', 'tunggu', 'review', 'moodys', 'nanti', 'soalnya', 'bukan', 'saham', 'lagi', 'tapi', 'review', 'tentang', 'kemampuan', 'bayar', 'kondisi', 'fiskal', 'negara']",kalau narasi lawan msci ya mungkin boleh lah tapi tunggu review moodys nanti soal bukan saham lagi tapi review tentang mampu bayar kondisi fiskal negara
"Di rusia segala sesuatu yg berbau soros dilarang masuk,,, ayo indonesia tinggal tiru,,, TEGAS !",@CekoCaki,0,Netral,Di rusia segala sesuatu yg berbau soros dilarang masuk ayo indonesia tinggal tiru TEGAS,di rusia segala sesuatu yg berbau soros dilarang masuk ayo indonesia tinggal tiru tegas,"['di', 'rusia', 'segala', 'sesuatu', 'yg', 'berbau', 'soros', 'dilarang', 'masuk', 'ayo', 'indonesia', 'tinggal', 'tiru', 'tegas']","['rusia', 'segala', 'sesuatu', 'yg', 'berbau', 'soros', 'dilarang', 'masuk', 'ayo', 'indonesia', 'tinggal', 'tiru', 'tegas']",rusia segala sesuatu yg bau soros larang masuk ayo indonesia tinggal tiru tegas
Gilak bahas iran lebanaon bang,@Ikhwanhbr02,0,Netral,Gilak bahas iran lebanaon bang,gilak bahas iran lebanaon bang,"['gilak', 'bahas', 'iran', 'lebanaon', 'bang']","['gilak', 'bahas', 'iran', 'lebanaon', 'bang']",gilak bahas iran lebanaon bang
terus kenapa market indonesia masih di freze sama msci ?,@tordiagus,0,Netral,terus kenapa market indonesia masih di freze sama msci,terus kenapa market indonesia masih di freze sama msci,"['terus', 'kenapa', 'market', 'indonesia', 'masih', 'di', 'freze', 'sama', 'msci']","['terus', 'kenapa', 'market', 'indonesia', 'masih', 'freze', 'sama', 'msci']",terus kenapa market indonesia masih freze sama msci
Saat ny JD orang ky baru,@milenix83,0,Netral,Saat ny JD orang ky baru,saat ny jd orang ky baru,"['saat', 'ny', 'jd', 'orang', 'ky', 'baru']","['saat', 'ny', 'jd', 'orang', 'ky', 'baru']",saat ny jd orang ky baru
"Media Singapura bener2 sudah menabuh Genderang Perang.., Padahal mereka sdh lama menikmati Hasil penjajahan mereka dari Indonesia karena Pejabat IQ 45 jaman dulu..! 😮😮😮",@tiotopsatug1318,0,Netral,Media Singapura bener sudah menabuh Genderang Perang Padahal mereka sdh lama menikmati Hasil penjajahan mereka dari Indonesia karena Pejabat IQ jaman dulu,media singapura bener sudah menabuh genderang perang padahal mereka sdh lama menikmati hasil penjajahan mereka dari indonesia karena pejabat iq jaman dulu,"['media', 'singapura', 'bener', 'sudah', 'menabuh', 'genderang', 'perang', 'padahal', 'mereka', 'sdh', 'lama', 'menikmati', 'hasil', 'penjajahan', 'mereka', 'dari', 'indonesia', 'karena', 'pejabat', 'iq', 'jaman', 'dulu']","['media', 'singapura', 'bener', 'sudah', 'menabuh', 'genderang', 'perang', 'padahal', 'mereka', 'sdh', 'lama', 'menikmati', 'hasil', 'penjajahan', 'mereka', 'indonesia', 'pejabat', 'iq', 'jaman', 'dulu']",media singapura bener sudah tabuh genderang perang padahal mereka sdh lama nikmat hasil jajah mereka indonesia jabat iq jaman dulu
"OM BEN, BAHAS E-IPO RANS😮 ENTERTAINMENT",@Irvan-lw3mo,0,Netral,OM BEN BAHAS EIPO RANS ENTERTAINMENT,om ben bahas eipo rans entertainment,"['om', 'ben', 'bahas', 'eipo', 'rans', 'entertainment']","['om', 'ben', 'bahas', 'eipo', 'rans', 'entertainment']",om ben bahas eipo rans entertainment
"Om bennix, bikin review IPO saham nya Raffi Ahmad dong om Ben. Apakah IPO yang menarik menurut om Ben?",@KUR0T0D21,0,Netral,Om bennix bikin review IPO saham nya Raffi Ahmad dong om Ben Apakah IPO yang menarik menurut om Ben,om bennix bikin review ipo saham nya raffi ahmad dong om ben apakah ipo yang menarik menurut om ben,"['om', 'bennix', 'bikin', 'review', 'ipo', 'saham', 'nya', 'raffi', 'ahmad', 'dong', 'om', 'ben', 'apakah', 'ipo', 'yang', 'menarik', 'menurut', 'om', 'ben']","['om', 'bennix', 'bikin', 'review', 'ipo', 'saham', 'nya', 'raffi', 'ahmad', 'dong', 'om', 'ben', 'apakah', 'ipo', 'menarik', 'menurut', 'om', 'ben']",om bennix bikin review ipo saham nya raffi ahmad dong om ben apakah ipo tarik turut om ben
"Ternak soros,,ternak singakura,,ternak malaydesh,,terdiri  dari: mahasewa,,gerombolan kalah pilpres,,pengamat dan propesor,,media,,Lsm,aktivis,akademisi antek asing,, mereka semua inilah penghianat yg menghancurkan bangsa.. 😎😎",@ziarziaribt2996,0,Netral,Ternak sorosternak singakuraternak malaydeshterdiri dari mahasewagerombolan kalah pilprespengamat dan propesormediaLsmaktivisakademisi antek asing mereka semua inilah penghianat yg menghancurkan bangsa,ternak sorosternak singakuraternak malaydeshterdiri dari mahasewagerombolan kalah pilprespengamat dan propesormedialsmaktivisakademisi antek asing mereka semua inilah penghianat yg menghancurkan bangsa,"['ternak', 'sorosternak', 'singakuraternak', 'malaydeshterdiri', 'dari', 'mahasewagerombolan', 'kalah', 'pilprespengamat', 'dan', 'propesormedialsmaktivisakademisi', 'antek', 'asing', 'mereka', 'semua', 'inilah', 'penghianat', 'yg', 'menghancurkan', 'bangsa']","['ternak', 'sorosternak', 'singakuraternak', 'malaydeshterdiri', 'mahasewagerombolan', 'kalah', 'pilprespengamat', 'propesormedialsmaktivisakademisi', 'antek', 'asing', 'mereka', 'semua', 'inilah', 'penghianat', 'yg', 'menghancurkan', 'bangsa']",ternak sorosternak singakuraternak malaydeshterdiri mahasewagerombolan kalah pilprespengamat propesormedialsmaktivisakademisi antek asing mereka semua ini penghianat yg hancur bangsa
Indondesh negara miskin lagi apes 😂😂😂,@Mraril94Cutemen,0,Netral,Indondesh negara miskin lagi apes,indondesh negara miskin lagi apes,"['indondesh', 'negara', 'miskin', 'lagi', 'apes']","['indondesh', 'negara', 'miskin', 'lagi', 'apes']",indondesh negara miskin lagi apes
SELL SINGAPUR BANGKRUTKAN SINGAPURA SUDAH KETERLALUAN MEREKA!!!,@posihusnudhon3325,0,Netral,SELL SINGAPUR BANGKRUTKAN SINGAPURA SUDAH KETERLALUAN MEREKA,sell singapur bangkrutkan singapura sudah keterlaluan mereka,"['sell', 'singapur', 'bangkrutkan', 'singapura', 'sudah', 'keterlaluan', 'mereka']","['sell', 'singapur', 'bangkrutkan', 'singapura', 'sudah', 'keterlaluan', 'mereka']",sell singapur bangkrut singapura sudah terlalu mereka
"Masih heran tdk habis pikir dgn gen Z yg malah menginginkan dan mendoakan Indonesia gelap & bangkrut, padahal dia lahir, tumbuh, belajar di negara yg selama ini menaunginya dgn aman. Kebencian itu sungguh bs menutup akal, logika dan hati. Hanya Tuhan yg bs negur mereka spy bs lbh tahu diri & bersyukur.",@nnuzwar,0,Netral,Masih heran tdk habis pikir dgn gen Z yg malah menginginkan dan mendoakan Indonesia gelap bangkrut padahal dia lahir tumbuh belajar di negara yg selama ini menaunginya dgn aman Kebencian itu sungguh bs menutup akal logika dan hati Hanya Tuhan yg bs negur mereka spy bs lbh tahu diri bersyukur,masih heran tdk habis pikir dgn gen z yg malah menginginkan dan mendoakan indonesia gelap bangkrut padahal dia lahir tumbuh belajar di negara yg selama ini menaunginya dgn aman kebencian itu sungguh bs menutup akal logika dan hati hanya tuhan yg bs negur mereka spy bs lbh tahu diri bersyukur,"['masih', 'heran', 'tdk', 'habis', 'pikir', 'dgn', 'gen', 'z', 'yg', 'malah', 'menginginkan', 'dan', 'mendoakan', 'indonesia', 'gelap', 'bangkrut', 'padahal', 'dia', 'lahir', 'tumbuh', 'belajar', 'di', 'negara', 'yg', 'selama', 'ini', 'menaunginya', 'dgn', 'aman', 'kebencian', 'itu', 'sungguh', 'bs', 'menutup', 'akal', 'logika', 'dan', 'hati', 'hanya', 'tuhan', 'yg', 'bs', 'negur', 'mereka', 'spy', 'bs', 'lbh', 'tahu', 'diri', 'bersyukur']","['masih', 'heran', 'tdk', 'habis', 'pikir', 'dgn', 'gen', 'z', 'yg', 'malah', 'menginginkan', 'mendoakan', 'indonesia', 'gelap', 'bangkrut', 'padahal', 'dia', 'lahir', 'tumbuh', 'belajar', 'negara', 'yg', 'selama', 'menaunginya', 'dgn', 'aman', 'kebencian', 'sungguh', 'bs', 'menutup', 'akal', 'logika', 'hati', 'hanya', 'tuhan', 'yg', 'bs', 'negur', 'mereka', 'spy', 'bs', 'lbh', 'tahu', 'diri', 'bersyukur']",masih heran tdk habis pikir dgn gen z yg malah ingin doa indonesia gelap bangkrut padahal dia lahir tumbuh ajar negara yg lama naung dgn aman benci sungguh bs tutup akal logika hati hanya tuhan yg bs negur mereka spy bs lbh tahu diri syukur
Buzzer prabodoh,@MitraSolusiindonesia,0,Netral,Buzzer prabodoh,buzzer prabodoh,"['buzzer', 'prabodoh']","['buzzer', 'prabodoh']",buzzer prabodoh
"Baguslu bang pembahasannya objektif TAPI semua hanya satu variabel saja padahal kan nggak salah satu penyebab perlemahan kepercayaan investor kembali lagi kepada kepercayaan warga negaranya pada sistem yang ada,kita bisa digoreng media ya karna ada celah disitu.
Trus untuk melihat sisi positif indo jangan terlalu di utamakan karna untuk pengaruhnya ke ekonomi bukan cuma penilaian pada bursa saham tapi juga kondisi sosial masyarakatnya.
Sekian dari saya untuk permirsa boleh menonton seperti in cenel apapun itu tapi jangan lupa dengan akal pikir kritis karena taqlid buta(percaya percaya aja)pada satu jenis penjelasan atau pemahaman dapat menjerumuskan kita ke lubang perpecahan",@ARGUSEROR,0,Positif,Baguslu bang pembahasannya objektif TAPI semua hanya satu variabel saja padahal kan nggak salah satu penyebab perlemahan kepercayaan investor kembali lagi kepada kepercayaan warga negaranya pada sistem yang adakita bisa digoreng media ya karna ada celah disitu Trus untuk melihat sisi positif indo jangan terlalu di utamakan karna untuk pengaruhnya ke ekonomi bukan cuma penilaian pada bursa saham tapi juga kondisi sosial masyarakatnya Sekian dari saya untuk permirsa boleh menonton seperti in cenel apapun itu tapi jangan lupa dengan akal pikir kritis karena taqlid butapercaya percaya ajapada satu jenis penjelasan atau pemahaman dapat menjerumuskan kita ke lubang perpecahan,baguslu bang pembahasannya objektif tapi semua hanya satu variabel saja padahal kan nggak salah satu penyebab perlemahan kepercayaan investor kembali lagi kepada kepercayaan warga negaranya pada sistem yang adakita bisa digoreng media ya karna ada celah disitu trus untuk melihat sisi positif indo jangan terlalu di utamakan karna untuk pengaruhnya ke ekonomi bukan cuma penilaian pada bursa saham tapi juga kondisi sosial masyarakatnya sekian dari saya untuk permirsa boleh menonton seperti in cenel apapun itu tapi jangan lupa dengan akal pikir kritis karena taqlid butapercaya percaya ajapada satu jenis penjelasan atau pemahaman dapat menjerumuskan kita ke lubang perpecahan,"['baguslu', 'bang', 'pembahasannya', 'objektif', 'tapi', 'semua', 'hanya', 'satu', 'variabel', 'saja', 'padahal', 'kan', 'nggak', 'salah', 'satu', 'penyebab', 'perlemahan', 'kepercayaan', 'investor', 'kembali', 'lagi', 'kepada', 'kepercayaan', 'warga', 'negaranya', 'pada', 'sistem', 'yang', 'adakita', 'bisa', 'digoreng', 'media', 'ya', 'karna', 'ada', 'celah', 'disitu', 'trus', 'untuk', 'melihat', 'sisi', 'positif', 'indo', 'jangan', 'terlalu', 'di', 'utamakan', 'karna', 'untuk', 'pengaruhnya', 'ke', 'ekonomi', 'bukan', 'cuma', 'penilaian', 'pada', 'bursa', 'saham', 'tapi', 'juga', 'kondisi', 'sosial', 'masyarakatnya', 'sekian', 'dari', 'saya', 'untuk', 'permirsa', 'boleh', 'menonton', 'seperti', 'in', 'cenel', 'apapun', 'itu', 'tapi', 'jangan', 'lupa', 'dengan', 'akal', 'pikir', 'kritis', 'karena', 'taqlid', 'butapercaya', 'percaya', 'ajapada', 'satu', 'jenis', 'penjelasan', 'atau', 'pemahaman', 'dapat', 'menjerumuskan', 'kita', 'ke', 'lubang', 'perpecahan']","['baguslu', 'bang', 'pembahasannya', 'objektif', 'tapi', 'semua', 'hanya', 'satu', 'variabel', 'saja', 'padahal', 'kan', 'nggak', 'salah', 'satu', 'penyebab', 'perlemahan', 'kepercayaan', 'investor', 'kembali', 'lagi', 'kepada', 'kepercayaan', 'warga', 'negaranya', 'sistem', 'adakita', 'bisa', 'digoreng', 'media', 'ya', 'karna', 'ada', 'celah', 'disitu', 'trus', 'melihat', 'sisi', 'positif', 'indo', 'jangan', 'terlalu', 'utamakan', 'karna', 'pengaruhnya', 'ekonomi', 'bukan', 'cuma', 'penilaian', 'bursa', 'saham', 'tapi', 'kondisi', 'sosial', 'masyarakatnya', 'sekian', 'permirsa', 'boleh', 'menonton', 'seperti', 'in', 'cenel', 'apapun', 'tapi', 'jangan', 'lupa', 'akal', 'pikir', 'kritis', 'taqlid', 'butapercaya', 'percaya', 'ajapada', 'satu', 'jenis', 'penjelasan', 'pemahaman', 'dapat', 'menjerumuskan', 'lubang', 'perpecahan']",baguslu bang bahas objektif tapi semua hanya satu variabel saja padahal kan nggak salah satu sebab lemah percaya investor kembali lagi kepada percaya warga negara sistem adakita bisa goreng media ya karna ada celah situ trus lihat sisi positif indo jangan terlalu utama karna pengaruh ekonomi bukan cuma nilai bursa saham tapi kondisi sosial masyarakat sekian permirsa boleh tonton seperti in cenel apa tapi jangan lupa akal pikir kritis taqlid butapercaya percaya ajapada satu jenis jelas paham dapat jerumus lubang pecah
Bang gw takutnya agen soros bayar yuutub buat banned akun elu 🤦,@alkertvku7777,0,Netral,Bang gw takutnya agen soros bayar yuutub buat banned akun elu,bang gw takutnya agen soros bayar yuutub buat banned akun elu,"['bang', 'gw', 'takutnya', 'agen', 'soros', 'bayar', 'yuutub', 'buat', 'banned', 'akun', 'elu']","['bang', 'gw', 'takutnya', 'agen', 'soros', 'bayar', 'yuutub', 'buat', 'banned', 'akun', 'elu']",bang gw takut agen soros bayar yuutub buat banned akun elu
"msci itu perpanjangan tangan dari pemodal gede di luar negeri, karena saat jatuhan saham akibat review msci saham2 yg bagus akan jatuh dan sangat murah karena hasil review, saat jatuh ini pemodal akan masuk beli saham bintang 5 dgn harga kaki 5, jd gak perlu kita gubris pengumunan msci ini ( sampah ) kalau kita angap perusahaan yg bagus dan masih cuan ya beli saja",@harryantocps5078,0,Positif,msci itu perpanjangan tangan dari pemodal gede di luar negeri karena saat jatuhan saham akibat review msci saham yg bagus akan jatuh dan sangat murah karena hasil review saat jatuh ini pemodal akan masuk beli saham bintang dgn harga kaki jd gak perlu kita gubris pengumunan msci ini sampah kalau kita angap perusahaan yg bagus dan masih cuan ya beli saja,msci itu perpanjangan tangan dari pemodal gede di luar negeri karena saat jatuhan saham akibat review msci saham yg bagus akan jatuh dan sangat murah karena hasil review saat jatuh ini pemodal akan masuk beli saham bintang dgn harga kaki jd gak perlu kita gubris pengumunan msci ini sampah kalau kita angap perusahaan yg bagus dan masih cuan ya beli saja,"['msci', 'itu', 'perpanjangan', 'tangan', 'dari', 'pemodal', 'gede', 'di', 'luar', 'negeri', 'karena', 'saat', 'jatuhan', 'saham', 'akibat', 'review', 'msci', 'saham', 'yg', 'bagus', 'akan', 'jatuh', 'dan', 'sangat', 'murah', 'karena', 'hasil', 'review', 'saat', 'jatuh', 'ini', 'pemodal', 'akan', 'masuk', 'beli', 'saham', 'bintang', 'dgn', 'harga', 'kaki', 'jd', 'gak', 'perlu', 'kita', 'gubris', 'pengumunan', 'msci', 'ini', 'sampah', 'kalau', 'kita', 'angap', 'perusahaan', 'yg', 'bagus', 'dan', 'masih', 'cuan', 'ya', 'beli', 'saja']","['msci', 'perpanjangan', 'tangan', 'pemodal', 'gede', 'luar', 'negeri', 'saat', 'jatuhan', 'saham', 'akibat', 'review', 'msci', 'saham', 'yg', 'bagus', 'akan', 'jatuh', 'sangat', 'murah', 'hasil', 'review', 'saat', 'jatuh', 'pemodal', 'akan', 'masuk', 'beli', 'saham', 'bintang', 'dgn', 'harga', 'kaki', 'jd', 'gak', 'perlu', 'gubris', 'pengumunan', 'msci', 'sampah', 'kalau', 'angap', 'perusahaan', 'yg', 'bagus', 'masih', 'cuan', 'ya', 'beli', 'saja']",msci panjang tangan modal gede luar negeri saat jatuh saham akibat review msci saham yg bagus akan jatuh sangat murah hasil review saat jatuh modal akan masuk beli saham bintang dgn harga kaki jd gak perlu gubris umun msci sampah kalau angap usaha yg bagus masih cuan ya beli saja
"Coba kita lihat pimpinan BEI yg baru apakah cuma omong besar mau membawa BEI setara bursa negara2 maju di dunia, atau malah ikut menghancurkan perekonomian Indonesia dengan menerima suap dari emiten yg bermasalah",@BintangSamudra15,0,Negatif,Coba kita lihat pimpinan BEI yg baru apakah cuma omong besar mau membawa BEI setara bursa negara maju di dunia atau malah ikut menghancurkan perekonomian Indonesia dengan menerima suap dari emiten yg bermasalah,coba kita lihat pimpinan bei yg baru apakah cuma omong besar mau membawa bei setara bursa negara maju di dunia atau malah ikut menghancurkan perekonomian indonesia dengan menerima suap dari emiten yg bermasalah,"['coba', 'kita', 'lihat', 'pimpinan', 'bei', 'yg', 'baru', 'apakah', 'cuma', 'omong', 'besar', 'mau', 'membawa', 'bei', 'setara', 'bursa', 'negara', 'maju', 'di', 'dunia', 'atau', 'malah', 'ikut', 'menghancurkan', 'perekonomian', 'indonesia', 'dengan', 'menerima', 'suap', 'dari', 'emiten', 'yg', 'bermasalah']","['coba', 'lihat', 'pimpinan', 'bei', 'yg', 'baru', 'apakah', 'cuma', 'omong', 'besar', 'mau', 'membawa', 'bei', 'setara', 'bursa', 'negara', 'maju', 'dunia', 'malah', 'ikut', 'menghancurkan', 'perekonomian', 'indonesia', 'menerima', 'suap', 'emiten', 'yg', 'bermasalah']",coba lihat pimpin bei yg baru apakah cuma omong besar mau bawa bei tara bursa negara maju dunia malah ikut hancur ekonomi indonesia terima suap emiten yg masalah
"kita bermain di game sistem keuangan yang mereka ciptakan. kita cuma pemain atau pion aja...

sebagai pemain ya cuma bisa ikut rulenya, mau di bagusin di jelekin ya terserah yang punya game.",@ernasinatun,0,Netral,kita bermain di game sistem keuangan yang mereka ciptakan kita cuma pemain atau pion aja sebagai pemain ya cuma bisa ikut rulenya mau di bagusin di jelekin ya terserah yang punya game,kita bermain di game sistem keuangan yang mereka ciptakan kita cuma pemain atau pion aja sebagai pemain ya cuma bisa ikut rulenya mau di bagusin di jelekin ya terserah yang punya game,"['kita', 'bermain', 'di', 'game', 'sistem', 'keuangan', 'yang', 'mereka', 'ciptakan', 'kita', 'cuma', 'pemain', 'atau', 'pion', 'aja', 'sebagai', 'pemain', 'ya', 'cuma', 'bisa', 'ikut', 'rulenya', 'mau', 'di', 'bagusin', 'di', 'jelekin', 'ya', 'terserah', 'yang', 'punya', 'game']","['bermain', 'game', 'sistem', 'keuangan', 'mereka', 'ciptakan', 'cuma', 'pemain', 'pion', 'aja', 'sebagai', 'pemain', 'ya', 'cuma', 'bisa', 'ikut', 'rulenya', 'mau', 'bagusin', 'jelekin', 'ya', 'terserah', 'punya', 'game']",main game sistem uang mereka cipta cuma main pion aja bagai main ya cuma bisa ikut rulenya mau bagusin jelekin ya serah punya game
"Indonesia adalah Satu Negara Besar yg punya Hasil sumber DAYA 3:05 ALAM 3:20  Yang LUAR BIASA' ,KALAU NEGARA' INI DIKELOLA OLEH ORANG YANG BENAR YANG ANTI KORUPSI,NEGARA INDONESIA AKAN MENJADI NEGARA BESAR,NEGARA SUPER POWER ...TETAP SEMANGAT PERCAYA DIRI GAK USAH TAKUT DENGAN MSCI ...KITA INDONESIA NEGARA NESAR BERKELIMPAHAN DENGAN SUMBER DAYA ALAM .....",@soehendro3303,0,Negatif,Indonesia adalah Satu Negara Besar yg punya Hasil sumber DAYA ALAM Yang LUAR BIASA KALAU NEGARA INI DIKELOLA OLEH ORANG YANG BENAR YANG ANTI KORUPSINEGARA INDONESIA AKAN MENJADI NEGARA BESARNEGARA SUPER POWER TETAP SEMANGAT PERCAYA DIRI GAK USAH TAKUT DENGAN MSCI KITA INDONESIA NEGARA NESAR BERKELIMPAHAN DENGAN SUMBER DAYA ALAM,indonesia adalah satu negara besar yg punya hasil sumber daya alam yang luar biasa kalau negara ini dikelola oleh orang yang benar yang anti korupsinegara indonesia akan menjadi negara besarnegara super power tetap semangat percaya diri gak usah takut dengan msci kita indonesia negara nesar berkelimpahan dengan sumber daya alam,"['indonesia', 'adalah', 'satu', 'negara', 'besar', 'yg', 'punya', 'hasil', 'sumber', 'daya', 'alam', 'yang', 'luar', 'biasa', 'kalau', 'negara', 'ini', 'dikelola', 'oleh', 'orang', 'yang', 'benar', 'yang', 'anti', 'korupsinegara', 'indonesia', 'akan', 'menjadi', 'negara', 'besarnegara', 'super', 'power', 'tetap', 'semangat', 'percaya', 'diri', 'gak', 'usah', 'takut', 'dengan', 'msci', 'kita', 'indonesia', 'negara', 'nesar', 'berkelimpahan', 'dengan', 'sumber', 'daya', 'alam']","['indonesia', 'satu', 'negara', 'besar', 'yg', 'punya', 'hasil', 'sumber', 'daya', 'alam', 'luar', 'biasa', 'kalau', 'negara', 'dikelola', 'oleh', 'orang', 'benar', 'anti', 'korupsinegara', 'indonesia', 'akan', 'menjadi', 'negara', 'besarnegara', 'super', 'power', 'tetap', 'semangat', 'percaya', 'diri', 'gak', 'usah', 'takut', 'msci', 'indonesia', 'negara', 'nesar', 'berkelimpahan', 'sumber', 'daya', 'alam']",indonesia satu negara besar yg punya hasil sumber daya alam luar biasa kalau negara kelola oleh orang benar anti korupsinegara indonesia akan jadi negara besarnegara super power tetap semangat percaya diri gak usah takut msci indonesia negara nesar limpah sumber daya alam
Kok media besar buat hoax gak di tangkap,@rrhaircare_,0,Netral,Kok media besar buat hoax gak di tangkap,kok media besar buat hoax gak di tangkap,"['kok', 'media', 'besar', 'buat', 'hoax', 'gak', 'di', 'tangkap']","['kok', 'media', 'besar', 'buat', 'hoax', 'gak', 'tangkap']",kok media besar buat hoax gak tangkap
ROMANIA akan gantiin indonesia om ben di Emerging market :_KAGET:,@Shortsfunnystory-r9d,0,Netral,ROMANIA akan gantiin indonesia om ben di Emerging market KAGET,romania akan gantiin indonesia om ben di emerging market kaget,"['romania', 'akan', 'gantiin', 'indonesia', 'om', 'ben', 'di', 'emerging', 'market', 'kaget']","['romania', 'akan', 'gantiin', 'indonesia', 'om', 'ben', 'emerging', 'market', 'kaget']",romania akan gantiin indonesia om ben emerging market kaget
Biasaaaaa oposisi panik kalo ekonomi Indonesia bagus.. 2029 prabowo tiada lawan.,@YudoYudo-j5x,0,Positif,Biasaaaaa oposisi panik kalo ekonomi Indonesia bagus prabowo tiada lawan,biasaaaaa oposisi panik kalo ekonomi indonesia bagus prabowo tiada lawan,"['biasaaaaa', 'oposisi', 'panik', 'kalo', 'ekonomi', 'indonesia', 'bagus', 'prabowo', 'tiada', 'lawan']","['biasaaaaa', 'oposisi', 'panik', 'kalo', 'ekonomi', 'indonesia', 'bagus', 'prabowo', 'tiada', 'lawan']",biasaaaaa oposisi panik kalo ekonomi indonesia bagus prabowo tiada lawan
"Saran saya nonton AKELA ATAU ASTRONACCI AJA.
LU NONTON BENNIK MALAH JADI SESSAT PIKIR.
KARENA BENIX BUZZER. ISINYA HOAK",@Brainxen,0,Netral,Saran saya nonton AKELA ATAU ASTRONACCI AJA LU NONTON BENNIK MALAH JADI SESSAT PIKIR KARENA BENIX BUZZER ISINYA HOAK,saran saya nonton akela atau astronacci aja lu nonton bennik malah jadi sessat pikir karena benix buzzer isinya hoak,"['saran', 'saya', 'nonton', 'akela', 'atau', 'astronacci', 'aja', 'lu', 'nonton', 'bennik', 'malah', 'jadi', 'sessat', 'pikir', 'karena', 'benix', 'buzzer', 'isinya', 'hoak']","['saran', 'nonton', 'akela', 'astronacci', 'aja', 'lu', 'nonton', 'bennik', 'malah', 'jadi', 'sessat', 'pikir', 'benix', 'buzzer', 'isinya', 'hoak']",saran nonton akela astronacci aja lu nonton bennik malah jadi sessat pikir benix buzzer isi hoak
Burkina faso masuk ga pengganti endonesa 🤣,@faro_me,0,Netral,Burkina faso masuk ga pengganti endonesa,burkina faso masuk ga pengganti endonesa,"['burkina', 'faso', 'masuk', 'ga', 'pengganti', 'endonesa']","['burkina', 'faso', 'masuk', 'ga', 'pengganti', 'endonesa']",burkina faso masuk ga ganti endonesa
"MSCI tahu kok dr dl kepemilikan saham di Indonesia,jd ini hanya cari cari alasan aja kok .
Lucunya baru komplen masalah laporan keuangan pakai bahasa Indonesia,lah kan dr dl banyak yg gini .
Tapi 1 hal, karena yang di komplen hanya ini,ini kan sedang dlm perbaikan dan gampang di perbaiki",@hoangshianchi,0,Netral,MSCI tahu kok dr dl kepemilikan saham di Indonesiajd ini hanya cari cari alasan aja kok Lucunya baru komplen masalah laporan keuangan pakai bahasa Indonesialah kan dr dl banyak yg gini Tapi hal karena yang di komplen hanya iniini kan sedang dlm perbaikan dan gampang di perbaiki,msci tahu kok dr dl kepemilikan saham di indonesiajd ini hanya cari cari alasan aja kok lucunya baru komplen masalah laporan keuangan pakai bahasa indonesialah kan dr dl banyak yg gini tapi hal karena yang di komplen hanya iniini kan sedang dlm perbaikan dan gampang di perbaiki,"['msci', 'tahu', 'kok', 'dr', 'dl', 'kepemilikan', 'saham', 'di', 'indonesiajd', 'ini', 'hanya', 'cari', 'cari', 'alasan', 'aja', 'kok', 'lucunya', 'baru', 'komplen', 'masalah', 'laporan', 'keuangan', 'pakai', 'bahasa', 'indonesialah', 'kan', 'dr', 'dl', 'banyak', 'yg', 'gini', 'tapi', 'hal', 'karena', 'yang', 'di', 'komplen', 'hanya', 'iniini', 'kan', 'sedang', 'dlm', 'perbaikan', 'dan', 'gampang', 'di', 'perbaiki']","['msci', 'tahu', 'kok', 'dr', 'dl', 'kepemilikan', 'saham', 'indonesiajd', 'hanya', 'cari', 'cari', 'alasan', 'aja', 'kok', 'lucunya', 'baru', 'komplen', 'masalah', 'laporan', 'keuangan', 'pakai', 'bahasa', 'indonesialah', 'kan', 'dr', 'dl', 'banyak', 'yg', 'gini', 'tapi', 'hal', 'komplen', 'hanya', 'iniini', 'kan', 'sedang', 'dlm', 'perbaikan', 'gampang', 'perbaiki']",msci tahu kok dr dl milik saham indonesiajd hanya cari cari alas aja kok lucu baru komplen masalah lapor uang pakai bahasa indonesia kan dr dl banyak yg gin tapi hal komplen hanya iniini kan sedang dlm baik gampang baik
"Benar indonesia kurang transparan , saham gorengan , KKN di mana mana apalagi saham pemerintahan , sama kriminalisasi pengusaha di anggap kk. Contoh kasus antam sama pengusaha asal indonesia . Gimana beli harga discount di tuduh KKN dengan tuduhan kerjasama , orang usaha di persulit ,  intinya penguasa itu penuh KKN",@finalchoice8668,0,Netral,Benar indonesia kurang transparan saham gorengan KKN di mana mana apalagi saham pemerintahan sama kriminalisasi pengusaha di anggap kk Contoh kasus antam sama pengusaha asal indonesia Gimana beli harga discount di tuduh KKN dengan tuduhan kerjasama orang usaha di persulit intinya penguasa itu penuh KKN,benar indonesia kurang transparan saham gorengan kkn di mana mana apalagi saham pemerintahan sama kriminalisasi pengusaha di anggap kk contoh kasus antam sama pengusaha asal indonesia gimana beli harga discount di tuduh kkn dengan tuduhan kerjasama orang usaha di persulit intinya penguasa itu penuh kkn,"['benar', 'indonesia', 'kurang', 'transparan', 'saham', 'gorengan', 'kkn', 'di', 'mana', 'mana', 'apalagi', 'saham', 'pemerintahan', 'sama', 'kriminalisasi', 'pengusaha', 'di', 'anggap', 'kk', 'contoh', 'kasus', 'antam', 'sama', 'pengusaha', 'asal', 'indonesia', 'gimana', 'beli', 'harga', 'discount', 'di', 'tuduh', 'kkn', 'dengan', 'tuduhan', 'kerjasama', 'orang', 'usaha', 'di', 'persulit', 'intinya', 'penguasa', 'itu', 'penuh', 'kkn']","['benar', 'indonesia', 'kurang', 'transparan', 'saham', 'gorengan', 'kkn', 'mana', 'mana', 'apalagi', 'saham', 'pemerintahan', 'sama', 'kriminalisasi', 'pengusaha', 'anggap', 'kk', 'contoh', 'kasus', 'antam', 'sama', 'pengusaha', 'asal', 'indonesia', 'gimana', 'beli', 'harga', 'discount', 'tuduh', 'kkn', 'tuduhan', 'kerjasama', 'orang', 'usaha', 'persulit', 'intinya', 'penguasa', 'penuh', 'kkn']",benar indonesia kurang transparan saham goreng kkn mana mana apalagi saham perintah sama kriminalisasi usaha anggap kk contoh kasus antam sama usaha asal indonesia gimana beli harga discount tuduh kkn tuduh kerjasama orang usaha sulit inti kuasa penuh kkn
Kalah ama china sama patung liberty om 😂,@FAKTA_PIKIRAN,0,Netral,Kalah ama china sama patung liberty om,kalah ama china sama patung liberty om,"['kalah', 'ama', 'china', 'sama', 'patung', 'liberty', 'om']","['kalah', 'ama', 'china', 'sama', 'patung', 'liberty', 'om']",kalah ama china sama patung liberty om
Soros diomongin kl gonggong soal mending tarik aja dolar sebanyak mungkin tarik anjing soros tapi masih di kandang....hemmm....,@TessiStroberi,0,Netral,Soros diomongin kl gonggong soal mending tarik aja dolar sebanyak mungkin tarik anjing soros tapi masih di kandanghemmm,soros diomongin kl gonggong soal mending tarik aja dolar sebanyak mungkin tarik anjing soros tapi masih di kandanghemmm,"['soros', 'diomongin', 'kl', 'gonggong', 'soal', 'mending', 'tarik', 'aja', 'dolar', 'sebanyak', 'mungkin', 'tarik', 'anjing', 'soros', 'tapi', 'masih', 'di', 'kandanghemmm']","['soros', 'diomongin', 'kl', 'gonggong', 'soal', 'mending', 'tarik', 'aja', 'dolar', 'sebanyak', 'mungkin', 'tarik', 'anjing', 'soros', 'tapi', 'masih', 'kandanghemmm']",soros diomongin kl gonggong soal mending tarik aja dolar banyak mungkin tarik anjing soros tapi masih kandanghemmm
Masalahnya lu juga enggak bisa ngatur pasar di luar.....enggak bisa kendaliin MSCI....iya belum tapi tanda tanda...😢😢😢😂😂😂😂,@TessiStroberi,0,Negatif,Masalahnya lu juga enggak bisa ngatur pasar di luarenggak bisa kendaliin MSCIiya belum tapi tanda tanda,masalahnya lu juga enggak bisa ngatur pasar di luarenggak bisa kendaliin msciiya belum tapi tanda tanda,"['masalahnya', 'lu', 'juga', 'enggak', 'bisa', 'ngatur', 'pasar', 'di', 'luarenggak', 'bisa', 'kendaliin', 'msciiya', 'belum', 'tapi', 'tanda', 'tanda']","['masalahnya', 'lu', 'enggak', 'bisa', 'ngatur', 'pasar', 'luarenggak', 'bisa', 'kendaliin', 'msciiya', 'belum', 'tapi', 'tanda', 'tanda']",masalah lu enggak bisa ngatur pasar luarenggak bisa kendaliin msciiya belum tapi tanda tanda
"21:51 kenapa media menjatuhkan terus? 
Karena mereka mencari viewer dari situ lah mereka dapat cuan nya 😮
Contoh saja influenz konten kreator kalau mereka menjelekkan menjatuhkan pemerintahan dan menjelekkan Indonesia pasti view nya tinggi di tambah iq viewer nya IQ gorila 🦍🦍",@haidirfajri6623,0,Negatif,kenapa media menjatuhkan terus Karena mereka mencari viewer dari situ lah mereka dapat cuan nya Contoh saja influenz konten kreator kalau mereka menjelekkan menjatuhkan pemerintahan dan menjelekkan Indonesia pasti view nya tinggi di tambah iq viewer nya IQ gorila,kenapa media menjatuhkan terus karena mereka mencari viewer dari situ lah mereka dapat cuan nya contoh saja influenz konten kreator kalau mereka menjelekkan menjatuhkan pemerintahan dan menjelekkan indonesia pasti view nya tinggi di tambah iq viewer nya iq gorila,"['kenapa', 'media', 'menjatuhkan', 'terus', 'karena', 'mereka', 'mencari', 'viewer', 'dari', 'situ', 'lah', 'mereka', 'dapat', 'cuan', 'nya', 'contoh', 'saja', 'influenz', 'konten', 'kreator', 'kalau', 'mereka', 'menjelekkan', 'menjatuhkan', 'pemerintahan', 'dan', 'menjelekkan', 'indonesia', 'pasti', 'view', 'nya', 'tinggi', 'di', 'tambah', 'iq', 'viewer', 'nya', 'iq', 'gorila']","['kenapa', 'media', 'menjatuhkan', 'terus', 'mereka', 'mencari', 'viewer', 'situ', 'lah', 'mereka', 'dapat', 'cuan', 'nya', 'contoh', 'saja', 'influenz', 'konten', 'kreator', 'kalau', 'mereka', 'menjelekkan', 'menjatuhkan', 'pemerintahan', 'menjelekkan', 'indonesia', 'pasti', 'view', 'nya', 'tinggi', 'tambah', 'iq', 'viewer', 'nya', 'iq', 'gorila']",kenapa media jatuh terus mereka cari viewer situ lah mereka dapat cuan nya contoh saja influenz konten kreator kalau mereka jelek jatuh perintah jelek indonesia pasti view nya tinggi tambah iq viewer nya iq gorila
kalo kata2 MSCI menentukan kiamatnya sebuah negara.. kasian Paman Sam ga dianggep..,@Supralog_GTM,0,Netral,kalo kata MSCI menentukan kiamatnya sebuah negara kasian Paman Sam ga dianggep,kalo kata msci menentukan kiamatnya sebuah negara kasian paman sam ga dianggep,"['kalo', 'kata', 'msci', 'menentukan', 'kiamatnya', 'sebuah', 'negara', 'kasian', 'paman', 'sam', 'ga', 'dianggep']","['kalo', 'kata', 'msci', 'menentukan', 'kiamatnya', 'sebuah', 'negara', 'kasian', 'paman', 'sam', 'ga', 'dianggep']",kalo kata msci tentu kiamat buah negara kasi paman sam ga dianggep
Top3 dibawah jepang? Dan China?,@INyomanMulatiyasa,0,Netral,Top dibawah jepang Dan China,top dibawah jepang dan china,"['top', 'dibawah', 'jepang', 'dan', 'china']","['top', 'dibawah', 'jepang', 'china']",top bawah jepang china
"media meraka kan di dorong sama oligarki wajar lah satu komando , monyet emang tu anjing anjing",@fortunecookies99,0,Netral,media meraka kan di dorong sama oligarki wajar lah satu komando monyet emang tu anjing anjing,media meraka kan di dorong sama oligarki wajar lah satu komando monyet emang tu anjing anjing,"['media', 'meraka', 'kan', 'di', 'dorong', 'sama', 'oligarki', 'wajar', 'lah', 'satu', 'komando', 'monyet', 'emang', 'tu', 'anjing', 'anjing']","['media', 'meraka', 'kan', 'dorong', 'sama', 'oligarki', 'wajar', 'lah', 'satu', 'komando', 'monyet', 'emang', 'tu', 'anjing', 'anjing']",media raka kan dorong sama oligarki wajar lah satu komando monyet emang tu anjing anjing
Indonesia baik2 z,@RascelNurharvanti,0,Positif,Indonesia baik z,indonesia baik z,"['indonesia', 'baik', 'z']","['indonesia', 'baik', 'z']",indonesia baik z
"Media ecek2 Indonesia kebanyakan nyebar berita negatif, cuma bennix yg sesuai dengan fakta, dari pandangan investasi,,, media mainstream Indonesia kebanyakan hoax",@MudaRejosariofficial,0,Netral,Media ecek Indonesia kebanyakan nyebar berita negatif cuma bennix yg sesuai dengan fakta dari pandangan investasi media mainstream Indonesia kebanyakan hoax,media ecek indonesia kebanyakan nyebar berita negatif cuma bennix yg sesuai dengan fakta dari pandangan investasi media mainstream indonesia kebanyakan hoax,"['media', 'ecek', 'indonesia', 'kebanyakan', 'nyebar', 'berita', 'negatif', 'cuma', 'bennix', 'yg', 'sesuai', 'dengan', 'fakta', 'dari', 'pandangan', 'investasi', 'media', 'mainstream', 'indonesia', 'kebanyakan', 'hoax']","['media', 'ecek', 'indonesia', 'kebanyakan', 'nyebar', 'berita', 'negatif', 'cuma', 'bennix', 'yg', 'sesuai', 'fakta', 'pandangan', 'investasi', 'media', 'mainstream', 'indonesia', 'kebanyakan', 'hoax']",media ecek indonesia banyak nyebar berita negatif cuma bennix yg sesuai fakta pandang investasi media mainstream indonesia banyak hoax
"#IMF #MSCI #Tempo #StraitsTime #Soros and the gank go to the hell
Gua ga butuh validasi Luh....
#BubarkanUI
#BubarkanUGM
#SellSingapore
#MiskinkanSingapura
#SyiahBukanIslam
#TangkapPaketC",@vedriant5013,0,Netral,and the gank go to the hell Gua ga butuh validasi Luh,and the gank go to the hell gua ga butuh validasi luh,"['and', 'the', 'gank', 'go', 'to', 'the', 'hell', 'gua', 'ga', 'butuh', 'validasi', 'luh']","['and', 'the', 'gank', 'go', 'to', 'the', 'hell', 'gua', 'ga', 'butuh', 'validasi', 'luh']",and the gank go to the hell gua ga butuh validasi luh
Masalah nya media indonesia sudah dibayar oleh asing semua  media asing khusus dibayar memang untuk menghacurkan negara yg mau maju,@bambangkosasih8498,0,Negatif,Masalah nya media indonesia sudah dibayar oleh asing semua media asing khusus dibayar memang untuk menghacurkan negara yg mau maju,masalah nya media indonesia sudah dibayar oleh asing semua media asing khusus dibayar memang untuk menghacurkan negara yg mau maju,"['masalah', 'nya', 'media', 'indonesia', 'sudah', 'dibayar', 'oleh', 'asing', 'semua', 'media', 'asing', 'khusus', 'dibayar', 'memang', 'untuk', 'menghacurkan', 'negara', 'yg', 'mau', 'maju']","['masalah', 'nya', 'media', 'indonesia', 'sudah', 'dibayar', 'oleh', 'asing', 'semua', 'media', 'asing', 'khusus', 'dibayar', 'memang', 'menghacurkan', 'negara', 'yg', 'mau', 'maju']",masalah nya media indonesia sudah bayar oleh asing semua media asing khusus bayar memang menghacurkan negara yg mau maju
Prof gema juga,@haidirfajri6623,0,Netral,Prof gema juga,prof gema juga,"['prof', 'gema', 'juga']","['prof', 'gema']",prof gema
Buktinya mereka tidak mau membahas LGBT di lingkungan kampus influence dan konten kreator tidak membahas juga,@haidirfajri6623,0,Netral,Buktinya mereka tidak mau membahas LGBT di lingkungan kampus influence dan konten kreator tidak membahas juga,buktinya mereka tidak mau membahas lgbt di lingkungan kampus influence dan konten kreator tidak membahas juga,"['buktinya', 'mereka', 'tidak', 'mau', 'membahas', 'lgbt', 'di', 'lingkungan', 'kampus', 'influence', 'dan', 'konten', 'kreator', 'tidak', 'membahas', 'juga']","['buktinya', 'mereka', 'tidak', 'mau', 'membahas', 'lgbt', 'lingkungan', 'kampus', 'influence', 'konten', 'kreator', 'tidak', 'membahas']",bukti mereka tidak mau bahas lgbt lingkung kampus influence konten kreator tidak bahas
Saat nya serik guys... 😅,@liungsiwang1295,0,Netral,Saat nya serik guys,saat nya serik guys,"['saat', 'nya', 'serik', 'guys']","['saat', 'nya', 'serik', 'guys']",saat nya serik guys
"OJK, BEI lakukan tugas kalian dengan benar, jgn kalian malah jadi benalu bagi kemajuan bursa RI....",@CongorNaga-y8s,0,Netral,OJK BEI lakukan tugas kalian dengan benar jgn kalian malah jadi benalu bagi kemajuan bursa RI,ojk bei lakukan tugas kalian dengan benar jgn kalian malah jadi benalu bagi kemajuan bursa ri,"['ojk', 'bei', 'lakukan', 'tugas', 'kalian', 'dengan', 'benar', 'jgn', 'kalian', 'malah', 'jadi', 'benalu', 'bagi', 'kemajuan', 'bursa', 'ri']","['ojk', 'bei', 'lakukan', 'tugas', 'kalian', 'benar', 'jgn', 'kalian', 'malah', 'jadi', 'benalu', 'bagi', 'kemajuan', 'bursa', 'ri']",ojk bei laku tugas kalian benar jgn kalian malah jadi benalu bagi maju bursa ri
Kembalikan KODE BROKER saat jam trading !!!,@titozh1296,0,Netral,Kembalikan KODE BROKER saat jam trading,kembalikan kode broker saat jam trading,"['kembalikan', 'kode', 'broker', 'saat', 'jam', 'trading']","['kembalikan', 'kode', 'broker', 'saat', 'jam', 'trading']",kembali kode broker saat jam trading
Influencer cendol itu kalau kurang followers ya nyerang pemerintah + bikin hoax😅.,@Singgih_Chan16,0,Netral,Influencer cendol itu kalau kurang followers ya nyerang pemerintah bikin hoax,influencer cendol itu kalau kurang followers ya nyerang pemerintah bikin hoax,"['influencer', 'cendol', 'itu', 'kalau', 'kurang', 'followers', 'ya', 'nyerang', 'pemerintah', 'bikin', 'hoax']","['influencer', 'cendol', 'kalau', 'kurang', 'followers', 'ya', 'nyerang', 'pemerintah', 'bikin', 'hoax']",influencer cendol kalau kurang followers ya nyerang perintah bikin hoax
"#SETUJUINDONESIALEBIHKUAT
RAKYAT YANG CERDAS SADAR MENDUKUNG PROGRAM PRESIDEN PRABOWO UNTUK KEMANDIRIAN DAN KEDAULATAN INDONESIA TERCINTA ♥️♥️♥️♥️♥️♥️♥️♥️♥️",@hsnchannel8005,0,Positif,RAKYAT YANG CERDAS SADAR MENDUKUNG PROGRAM PRESIDEN PRABOWO UNTUK KEMANDIRIAN DAN KEDAULATAN INDONESIA TERCINTA,rakyat yang cerdas sadar mendukung program presiden prabowo untuk kemandirian dan kedaulatan indonesia tercinta,"['rakyat', 'yang', 'cerdas', 'sadar', 'mendukung', 'program', 'presiden', 'prabowo', 'untuk', 'kemandirian', 'dan', 'kedaulatan', 'indonesia', 'tercinta']","['rakyat', 'cerdas', 'sadar', 'mendukung', 'program', 'presiden', 'prabowo', 'kemandirian', 'kedaulatan', 'indonesia', 'tercinta']",rakyat cerdas sadar dukung program presiden prabowo mandiri daulat indonesia cinta
jelas bennix independen. video ini buktinya wkwkwk mantap,@miracle3897,0,Positif,jelas bennix independen video ini buktinya wkwkwk mantap,jelas bennix independen video ini buktinya wkwkwk mantap,"['jelas', 'bennix', 'independen', 'video', 'ini', 'buktinya', 'wkwkwk', 'mantap']","['jelas', 'bennix', 'independen', 'video', 'buktinya', 'wkwkwk', 'mantap']",jelas bennix independen video bukti wkwkwk mantap
"Terimakasih bang ben, jadi nambah wawasan.....",@nkf_4636,0,Netral,Terimakasih bang ben jadi nambah wawasan,terimakasih bang ben jadi nambah wawasan,"['terimakasih', 'bang', 'ben', 'jadi', 'nambah', 'wawasan']","['terimakasih', 'bang', 'ben', 'jadi', 'nambah', 'wawasan']",terimakasih bang ben jadi nambah wawas
Sell singapura blok goblok jangan beli produk produk diya ajing,@antonardiansyah457,0,Netral,Sell singapura blok goblok jangan beli produk produk diya ajing,sell singapura blok goblok jangan beli produk produk diya ajing,"['sell', 'singapura', 'blok', 'goblok', 'jangan', 'beli', 'produk', 'produk', 'diya', 'ajing']","['sell', 'singapura', 'blok', 'goblok', 'jangan', 'beli', 'produk', 'produk', 'diya', 'ajing']",sell singapura blok goblok jangan beli produk produk diya ajing
"POLA SERANGAN EKONOMI SAAT INI SANGAT MIRIP DENGAN 1998 saat SUHARTO mencoba dekat dengan RUSIA. Kalian pada melek gak sih para pengkhianat negara??? LONDO IRENG

kalian yg demo bangga kalian jadi PENGKHIANT BANGSA?? musuh indonesia banyak, OLIGARKI jaman jokodog sedang bermain dari singapura, amerika, malaysia dll tidak suka INDONESIA MAJU .. ekspor 1 pintu hanya 1 gerbang menuju kemerdekaan sesungguhnya. KENAPA OLIGARKI & NEGARA LAIN pada panik??? berarti memang ada yg salah selama ini.

(1) Soal IHSG, kalian yang belum pada tau soal #SELLSINGAPORE #SELLINDONESIA?? tonton yang banyak videonya. 
(2) Soal Rupiah, anggota BRICS lain kek India juga lagi dikerjain secara ekonomi sama Amrik. bedanya org India pinter, chill & persatuan kuat. 
(3) Soal orang pada benci pemerintah, kalian udah tau duit Soros Yahudi udah banyak masuk ke Kampus, Media, Influencer & buzzer perorangan untuk diarahkan pada benci negara & pemerintah??  belum OLIGARKI jokodog yg pelihara buzzer.
(4) Soal MBG. China, Jepang bahkan Amrik punya MBG versi mereka. Ok kita belum sempurna. sabar. tuh yang korup juga pada ditangkap.

Gw lebih baik jadi buzzer negara tanpa dibayar, daripada jadi buzzer PENGKHIANAT BANGSA demi sesuap makanan. Negara udah di track yang benar mau kelola SDA sendiri makanya pada ngamuk sama PRABOWO. tak ada negara yang mau indonesia maju apalagi Singapura, Malaysia, Amrik dll . MEREKA GAK PENGEN INDONESIA MAJU.

pelaku korupsi juga ditangkap tanpa pandang itu kawan politik, demo juga silahkan, diskusi kampus dibiarkan. kalau jaman JOKODOG apa bisa??  MIKIRR",@wezelahardian455,0,Netral,POLA SERANGAN EKONOMI SAAT INI SANGAT MIRIP DENGAN saat SUHARTO mencoba dekat dengan RUSIA Kalian pada melek gak sih para pengkhianat negara LONDO IRENG kalian yg demo bangga kalian jadi PENGKHIANT BANGSA musuh indonesia banyak OLIGARKI jaman jokodog sedang bermain dari singapura amerika malaysia dll tidak suka INDONESIA MAJU ekspor pintu hanya gerbang menuju kemerdekaan sesungguhnya KENAPA OLIGARKI NEGARA LAIN pada panik berarti memang ada yg salah selama ini Soal IHSG kalian yang belum pada tau soal tonton yang banyak videonya Soal Rupiah anggota BRICS lain kek India juga lagi dikerjain secara ekonomi sama Amrik bedanya org India pinter chill persatuan kuat Soal orang pada benci pemerintah kalian udah tau duit Soros Yahudi udah banyak masuk ke Kampus Media Influencer buzzer perorangan untuk diarahkan pada benci negara pemerintah belum OLIGARKI jokodog yg pelihara buzzer Soal MBG China Jepang bahkan Amrik punya MBG versi mereka Ok kita belum sempurna sabar tuh yang korup juga pada ditangkap Gw lebih baik jadi buzzer negara tanpa dibayar daripada jadi buzzer PENGKHIANAT BANGSA demi sesuap makanan Negara udah di track yang benar mau kelola SDA sendiri makanya pada ngamuk sama PRABOWO tak ada negara yang mau indonesia maju apalagi Singapura Malaysia Amrik dll MEREKA GAK PENGEN INDONESIA MAJU pelaku korupsi juga ditangkap tanpa pandang itu kawan politik demo juga silahkan diskusi kampus dibiarkan kalau jaman JOKODOG apa bisa MIKIRR,pola serangan ekonomi saat ini sangat mirip dengan saat suharto mencoba dekat dengan rusia kalian pada melek gak sih para pengkhianat negara londo ireng kalian yg demo bangga kalian jadi pengkhiant bangsa musuh indonesia banyak oligarki jaman jokodog sedang bermain dari singapura amerika malaysia dll tidak suka indonesia maju ekspor pintu hanya gerbang menuju kemerdekaan sesungguhnya kenapa oligarki negara lain pada panik berarti memang ada yg salah selama ini soal ihsg kalian yang belum pada tau soal tonton yang banyak videonya soal rupiah anggota brics lain kek india juga lagi dikerjain secara ekonomi sama amrik bedanya org india pinter chill persatuan kuat soal orang pada benci pemerintah kalian udah tau duit soros yahudi udah banyak masuk ke kampus media influencer buzzer perorangan untuk diarahkan pada benci negara pemerintah belum oligarki jokodog yg pelihara buzzer soal mbg china jepang bahkan amrik punya mbg versi mereka ok kita belum sempurna sabar tuh yang korup juga pada ditangkap gw lebih baik jadi buzzer negara tanpa dibayar daripada jadi buzzer pengkhianat bangsa demi sesuap makanan negara udah di track yang benar mau kelola sda sendiri makanya pada ngamuk sama prabowo tak ada negara yang mau indonesia maju apalagi singapura malaysia amrik dll mereka gak pengen indonesia maju pelaku korupsi juga ditangkap tanpa pandang itu kawan politik demo juga silahkan diskusi kampus dibiarkan kalau jaman jokodog apa bisa mikirr,"['pola', 'serangan', 'ekonomi', 'saat', 'ini', 'sangat', 'mirip', 'dengan', 'saat', 'suharto', 'mencoba', 'dekat', 'dengan', 'rusia', 'kalian', 'pada', 'melek', 'gak', 'sih', 'para', 'pengkhianat', 'negara', 'londo', 'ireng', 'kalian', 'yg', 'demo', 'bangga', 'kalian', 'jadi', 'pengkhiant', 'bangsa', 'musuh', 'indonesia', 'banyak', 'oligarki', 'jaman', 'jokodog', 'sedang', 'bermain', 'dari', 'singapura', 'amerika', 'malaysia', 'dll', 'tidak', 'suka', 'indonesia', 'maju', 'ekspor', 'pintu', 'hanya', 'gerbang', 'menuju', 'kemerdekaan', 'sesungguhnya', 'kenapa', 'oligarki', 'negara', 'lain', 'pada', 'panik', 'berarti', 'memang', 'ada', 'yg', 'salah', 'selama', 'ini', 'soal', 'ihsg', 'kalian', 'yang', 'belum', 'pada', 'tau', 'soal', 'tonton', 'yang', 'banyak', 'videonya', 'soal', 'rupiah', 'anggota', 'brics', 'lain', 'kek', 'india', 'juga', 'lagi', 'dikerjain', 'secara', 'ekonomi', 'sama', 'amrik', 'bedanya', 'org', 'india', 'pinter', 'chill', 'persatuan', 'kuat', 'soal', 'orang', 'pada', 'benci', 'pemerintah', 'kalian', 'udah', 'tau', 'duit', 'soros', 'yahudi', 'udah', 'banyak', 'masuk', 'ke', 'kampus', 'media', 'influencer', 'buzzer', 'perorangan', 'untuk', 'diarahkan', 'pada', 'benci', 'negara', 'pemerintah', 'belum', 'oligarki', 'jokodog', 'yg', 'pelihara', 'buzzer', 'soal', 'mbg', 'china', 'jepang', 'bahkan', 'amrik', 'punya', 'mbg', 'versi', 'mereka', 'ok', 'kita', 'belum', 'sempurna', 'sabar', 'tuh', 'yang', 'korup', 'juga', 'pada', 'ditangkap', 'gw', 'lebih', 'baik', 'jadi', 'buzzer', 'negara', 'tanpa', 'dibayar', 'daripada', 'jadi', 'buzzer', 'pengkhianat', 'bangsa', 'demi', 'sesuap', 'makanan', 'negara', 'udah', 'di', 'track', 'yang', 'benar', 'mau', 'kelola', 'sda', 'sendiri', 'makanya', 'pada', 'ngamuk', 'sama', 'prabowo', 'tak', 'ada', 'negara', 'yang', 'mau', 'indonesia', 'maju', 'apalagi', 'singapura', 'malaysia', 'amrik', 'dll', 'mereka', 'gak', 'pengen', 'indonesia', 'maju', 'pelaku', 'korupsi', 'juga', 'ditangkap', 'tanpa', 'pandang', 'itu', 'kawan', 'politik', 'demo', 'juga', 'silahkan', 'diskusi', 'kampus', 'dibiarkan', 'kalau', 'jaman', 'jokodog', 'apa', 'bisa', 'mikirr']","['pola', 'serangan', 'ekonomi', 'saat', 'sangat', 'mirip', 'saat', 'suharto', 'mencoba', 'dekat', 'rusia', 'kalian', 'melek', 'gak', 'sih', 'para', 'pengkhianat', 'negara', 'londo', 'ireng', 'kalian', 'yg', 'demo', 'bangga', 'kalian', 'jadi', 'pengkhiant', 'bangsa', 'musuh', 'indonesia', 'banyak', 'oligarki', 'jaman', 'jokodog', 'sedang', 'bermain', 'singapura', 'amerika', 'malaysia', 'dll', 'tidak', 'suka', 'indonesia', 'maju', 'ekspor', 'pintu', 'hanya', 'gerbang', 'menuju', 'kemerdekaan', 'sesungguhnya', 'kenapa', 'oligarki', 'negara', 'lain', 'panik', 'berarti', 'memang', 'ada', 'yg', 'salah', 'selama', 'soal', 'ihsg', 'kalian', 'belum', 'tau', 'soal', 'tonton', 'banyak', 'videonya', 'soal', 'rupiah', 'anggota', 'brics', 'lain', 'kek', 'india', 'lagi', 'dikerjain', 'secara', 'ekonomi', 'sama', 'amrik', 'bedanya', 'org', 'india', 'pinter', 'chill', 'persatuan', 'kuat', 'soal', 'orang', 'benci', 'pemerintah', 'kalian', 'udah', 'tau', 'duit', 'soros', 'yahudi', 'udah', 'banyak', 'masuk', 'kampus', 'media', 'influencer', 'buzzer', 'perorangan', 'diarahkan', 'benci', 'negara', 'pemerintah', 'belum', 'oligarki', 'jokodog', 'yg', 'pelihara', 'buzzer', 'soal', 'mbg', 'china', 'jepang', 'bahkan', 'amrik', 'punya', 'mbg', 'versi', 'mereka', 'ok', 'belum', 'sempurna', 'sabar', 'tuh', 'korup', 'ditangkap', 'gw', 'lebih', 'baik', 'jadi', 'buzzer', 'negara', 'tanpa', 'dibayar', 'daripada', 'jadi', 'buzzer', 'pengkhianat', 'bangsa', 'demi', 'sesuap', 'makanan', 'negara', 'udah', 'track', 'benar', 'mau', 'kelola', 'sda', 'sendiri', 'makanya', 'ngamuk', 'sama', 'prabowo', 'tak', 'ada', 'negara', 'mau', 'indonesia', 'maju', 'apalagi', 'singapura', 'malaysia', 'amrik', 'dll', 'mereka', 'gak', 'pengen', 'indonesia', 'maju', 'pelaku', 'korupsi', 'ditangkap', 'tanpa', 'pandang', 'kawan', 'politik', 'demo', 'silahkan', 'diskusi', 'kampus', 'dibiarkan', 'kalau', 'jaman', 'jokodog', 'apa', 'bisa', 'mikirr']",pola serang ekonomi saat sangat mirip saat suharto coba dekat rusia kalian melek gak sih para khianat negara londo ireng kalian yg demo bangga kalian jadi pengkhiant bangsa musuh indonesia banyak oligarki jaman jokodog sedang main singapura amerika malaysia dll tidak suka indonesia maju ekspor pintu hanya gerbang tuju merdeka sungguh kenapa oligarki negara lain panik arti memang ada yg salah lama soal ihsg kalian belum tau soal tonton banyak video soal rupiah anggota brics lain kek india lagi dikerjain cara ekonomi sama amrik beda org india pinter chill satu kuat soal orang benci perintah kalian udah tau duit soros yahudi udah banyak masuk kampus media influencer buzzer orang arah benci negara perintah belum oligarki jokodog yg pelihara buzzer soal mbg china jepang bahkan amrik punya mbg versi mereka ok belum sempurna sabar tuh korup tangkap gw lebih baik jadi buzzer negara tanpa bayar daripada jadi buzzer khianat bangsa demi suap makan negara udah track benar mau kelola sda sendiri makanya ngamuk sama prabowo tak ada negara mau indonesia maju apalagi singapura malaysia amrik dll mereka gak ken indonesia maju laku korupsi tangkap tanpa pandang kawan politik demo silah diskusi kampus biar kalau jaman jokodog apa bisa mikirr
Orang bule mental nya ga akan berubah mereka mental penjajah mereka mau kita bodoh terus dan takut kepada mereka..Jangan percaya ocehan mereka..,@jacksparrow-fb1gc,0,Netral,Orang bule mental nya ga akan berubah mereka mental penjajah mereka mau kita bodoh terus dan takut kepada merekaJangan percaya ocehan mereka,orang bule mental nya ga akan berubah mereka mental penjajah mereka mau kita bodoh terus dan takut kepada merekajangan percaya ocehan mereka,"['orang', 'bule', 'mental', 'nya', 'ga', 'akan', 'berubah', 'mereka', 'mental', 'penjajah', 'mereka', 'mau', 'kita', 'bodoh', 'terus', 'dan', 'takut', 'kepada', 'merekajangan', 'percaya', 'ocehan', 'mereka']","['orang', 'bule', 'mental', 'nya', 'ga', 'akan', 'berubah', 'mereka', 'mental', 'penjajah', 'mereka', 'mau', 'bodoh', 'terus', 'takut', 'kepada', 'merekajangan', 'percaya', 'ocehan', 'mereka']",orang bule mental nya ga akan ubah mereka mental jajah mereka mau bodoh terus takut kepada merekajangan percaya oceh mereka
"#SELL SINGAPURA...!  DASAR BUDAK OLIGARKI ..GEORGE  SOROS  ..IMF ..PENGKHIANAT BANGSA ..PORF .BAYARAN..DOSEN BAYARAN..MEDIA BAYARAN..MAHASEWA BAYARAN..DAN JANGAN LUPA JUGA  NEGARA  MUNAFIK..MALAYSIA.,SINGAPURA,.AUSTRALIA,.MEREKA TERUS MEMPROVOKASI  MEDIA DALAM NEGERI DAN JUGA INFLUINCER UNTUK MEMECAH BELAH BANGSA DAN NEGARA INDONESIA..JAYALAH NEGERIKU...❤❤",@anwarjayaabadi5679,0,Netral,SINGAPURA DASAR BUDAK OLIGARKI GEORGE SOROS IMF PENGKHIANAT BANGSA PORF BAYARANDOSEN BAYARANMEDIA BAYARANMAHASEWA BAYARANDAN JANGAN LUPA JUGA NEGARA MUNAFIKMALAYSIASINGAPURAAUSTRALIAMEREKA TERUS MEMPROVOKASI MEDIA DALAM NEGERI DAN JUGA INFLUINCER UNTUK MEMECAH BELAH BANGSA DAN NEGARA INDONESIAJAYALAH NEGERIKU,singapura dasar budak oligarki george soros imf pengkhianat bangsa porf bayarandosen bayaranmedia bayaranmahasewa bayarandan jangan lupa juga negara munafikmalaysiasingapuraaustraliamereka terus memprovokasi media dalam negeri dan juga influincer untuk memecah belah bangsa dan negara indonesiajayalah negeriku,"['singapura', 'dasar', 'budak', 'oligarki', 'george', 'soros', 'imf', 'pengkhianat', 'bangsa', 'porf', 'bayarandosen', 'bayaranmedia', 'bayaranmahasewa', 'bayarandan', 'jangan', 'lupa', 'juga', 'negara', 'munafikmalaysiasingapuraaustraliamereka', 'terus', 'memprovokasi', 'media', 'dalam', 'negeri', 'dan', 'juga', 'influincer', 'untuk', 'memecah', 'belah', 'bangsa', 'dan', 'negara', 'indonesiajayalah', 'negeriku']","['singapura', 'dasar', 'budak', 'oligarki', 'george', 'soros', 'imf', 'pengkhianat', 'bangsa', 'porf', 'bayarandosen', 'bayaranmedia', 'bayaranmahasewa', 'bayarandan', 'jangan', 'lupa', 'negara', 'munafikmalaysiasingapuraaustraliamereka', 'terus', 'memprovokasi', 'media', 'dalam', 'negeri', 'influincer', 'memecah', 'belah', 'bangsa', 'negara', 'indonesiajayalah', 'negeriku']",singapura dasar budak oligarki george soros imf khianat bangsa porf bayarandosen bayaranmedia bayaranmahasewa bayarandan jangan lupa negara munafikmalaysiasingapuraaustraliamereka terus provokasi media dalam negeri influincer pecah belah bangsa negara indonesiajayalah negeri
Gia yakin ini ulah singapura sih emang harus nyerang indo,@NamaBaru-j8o,0,Netral,Gia yakin ini ulah singapura sih emang harus nyerang indo,gia yakin ini ulah singapura sih emang harus nyerang indo,"['gia', 'yakin', 'ini', 'ulah', 'singapura', 'sih', 'emang', 'harus', 'nyerang', 'indo']","['gia', 'yakin', 'ulah', 'singapura', 'sih', 'emang', 'harus', 'nyerang', 'indo']",gia yakin ulah singapura sih emang harus nyerang indo
saya ketawa dengar TEMPO bacem...😂😂  Ema g tempe kecutt,@billymanna4245,0,Netral,saya ketawa dengar TEMPO bacem Ema g tempe kecutt,saya ketawa dengar tempo bacem ema g tempe kecutt,"['saya', 'ketawa', 'dengar', 'tempo', 'bacem', 'ema', 'g', 'tempe', 'kecutt']","['ketawa', 'dengar', 'tempo', 'bacem', 'ema', 'g', 'tempe', 'kecutt']",ketawa dengar tempo bacem ema g tempe kecutt
Om ben. Hitungan yg bener asing cabut 850T ya??,@ummuyahya1253,0,Netral,Om ben Hitungan yg bener asing cabut T ya,om ben hitungan yg bener asing cabut t ya,"['om', 'ben', 'hitungan', 'yg', 'bener', 'asing', 'cabut', 't', 'ya']","['om', 'ben', 'hitungan', 'yg', 'bener', 'asing', 'cabut', 't', 'ya']",om ben hitung yg bener asing cabut t ya
Semoga #IndonesiaMandiri,@herryaprillio9210,0,Netral,Semoga,semoga,['semoga'],['semoga'],moga
Msci ingin indonesia bangkrut dan banyak terjadi demo dan pengrusakan..hoax itu sebagai celah untuk membangkrutkan Indonesia lewat banyaknya demo yg di provokasi dan di biayai asing.,@NonoSupriatno-s1o,0,Netral,Msci ingin indonesia bangkrut dan banyak terjadi demo dan pengrusakanhoax itu sebagai celah untuk membangkrutkan Indonesia lewat banyaknya demo yg di provokasi dan di biayai asing,msci ingin indonesia bangkrut dan banyak terjadi demo dan pengrusakanhoax itu sebagai celah untuk membangkrutkan indonesia lewat banyaknya demo yg di provokasi dan di biayai asing,"['msci', 'ingin', 'indonesia', 'bangkrut', 'dan', 'banyak', 'terjadi', 'demo', 'dan', 'pengrusakanhoax', 'itu', 'sebagai', 'celah', 'untuk', 'membangkrutkan', 'indonesia', 'lewat', 'banyaknya', 'demo', 'yg', 'di', 'provokasi', 'dan', 'di', 'biayai', 'asing']","['msci', 'ingin', 'indonesia', 'bangkrut', 'banyak', 'terjadi', 'demo', 'pengrusakanhoax', 'sebagai', 'celah', 'membangkrutkan', 'indonesia', 'lewat', 'banyaknya', 'demo', 'yg', 'provokasi', 'biayai', 'asing']",msci ingin indonesia bangkrut banyak jadi demo pengrusakanhoax bagai celah bangkrut indonesia lewat banyak demo yg provokasi biaya asing
"Tpi kenapa ya narasi ekonomi indo tuh sama media2 dibikinnya pesimis mulu. 

Ekonomi kan dipengaruhi juga sama psikologi massa. Apakah mereka sengaja?",@_RickySetiawan,0,Netral,Tpi kenapa ya narasi ekonomi indo tuh sama media dibikinnya pesimis mulu Ekonomi kan dipengaruhi juga sama psikologi massa Apakah mereka sengaja,tpi kenapa ya narasi ekonomi indo tuh sama media dibikinnya pesimis mulu ekonomi kan dipengaruhi juga sama psikologi massa apakah mereka sengaja,"['tpi', 'kenapa', 'ya', 'narasi', 'ekonomi', 'indo', 'tuh', 'sama', 'media', 'dibikinnya', 'pesimis', 'mulu', 'ekonomi', 'kan', 'dipengaruhi', 'juga', 'sama', 'psikologi', 'massa', 'apakah', 'mereka', 'sengaja']","['tpi', 'kenapa', 'ya', 'narasi', 'ekonomi', 'indo', 'tuh', 'sama', 'media', 'dibikinnya', 'pesimis', 'mulu', 'ekonomi', 'kan', 'dipengaruhi', 'sama', 'psikologi', 'massa', 'apakah', 'mereka', 'sengaja']",tpi kenapa ya narasi ekonomi indo tuh sama media bikin pesimis mulu ekonomi kan pengaruh sama psikologi massa apakah mereka sengaja
Tetap semangat bang❤❤❤❤❤,@gitorocklis,0,Netral,Tetap semangat bang,tetap semangat bang,"['tetap', 'semangat', 'bang']","['tetap', 'semangat', 'bang']",tetap semangat bang
intinya merdeka dari IMPOR ENERGI. target itu dulu yang harus di capai,@Pejuangrejekireceh321,0,Netral,intinya merdeka dari IMPOR ENERGI target itu dulu yang harus di capai,intinya merdeka dari impor energi target itu dulu yang harus di capai,"['intinya', 'merdeka', 'dari', 'impor', 'energi', 'target', 'itu', 'dulu', 'yang', 'harus', 'di', 'capai']","['intinya', 'merdeka', 'impor', 'energi', 'target', 'dulu', 'harus', 'capai']",inti merdeka impor energi target dulu harus capai
Negara asia ke 2 singapur ya?,@aisyahidamanz1031,0,Netral,Negara asia ke singapur ya,negara asia ke singapur ya,"['negara', 'asia', 'ke', 'singapur', 'ya']","['negara', 'asia', 'singapur', 'ya']",negara asia singapur ya
Indonesia cuma kalah sama china dan Malaysia,@ahmadhuri2374,0,Netral,Indonesia cuma kalah sama china dan Malaysia,indonesia cuma kalah sama china dan malaysia,"['indonesia', 'cuma', 'kalah', 'sama', 'china', 'dan', 'malaysia']","['indonesia', 'cuma', 'kalah', 'sama', 'china', 'malaysia']",indonesia cuma kalah sama china malaysia
"negara sendiri mau  maju malah gak mau, aneh media tmpe bacem tuh",@AbuSufyan-u6y,0,Netral,negara sendiri mau maju malah gak mau aneh media tmpe bacem tuh,negara sendiri mau maju malah gak mau aneh media tmpe bacem tuh,"['negara', 'sendiri', 'mau', 'maju', 'malah', 'gak', 'mau', 'aneh', 'media', 'tmpe', 'bacem', 'tuh']","['negara', 'sendiri', 'mau', 'maju', 'malah', 'gak', 'mau', 'aneh', 'media', 'tmpe', 'bacem', 'tuh']",negara sendiri mau maju malah gak mau aneh media tmpe bacem tuh
"Top 3
1. China
2. Malaysia
3. Indonesia.",@sugengriyono2739,0,Netral,Top China Malaysia Indonesia,top china malaysia indonesia,"['top', 'china', 'malaysia', 'indonesia']","['top', 'china', 'malaysia', 'indonesia']",top china malaysia indonesia
Lebih utama direct investment daripada bursa saham.,@pran20000,0,Netral,Lebih utama direct investment daripada bursa saham,lebih utama direct investment daripada bursa saham,"['lebih', 'utama', 'direct', 'investment', 'daripada', 'bursa', 'saham']","['lebih', 'utama', 'direct', 'investment', 'daripada', 'bursa', 'saham']",lebih utama direct investment daripada bursa saham
"Karena yang nyebarkan hoax  itu sakit jiwa kebanyakan makan uang fee,pungli dan uang korup",@BilmerSianipar,0,Netral,Karena yang nyebarkan hoax itu sakit jiwa kebanyakan makan uang feepungli dan uang korup,karena yang nyebarkan hoax itu sakit jiwa kebanyakan makan uang feepungli dan uang korup,"['karena', 'yang', 'nyebarkan', 'hoax', 'itu', 'sakit', 'jiwa', 'kebanyakan', 'makan', 'uang', 'feepungli', 'dan', 'uang', 'korup']","['nyebarkan', 'hoax', 'sakit', 'jiwa', 'kebanyakan', 'makan', 'uang', 'feepungli', 'uang', 'korup']",nyebarkan hoax sakit jiwa banyak makan uang feepungli uang korup
menuju korsel dan india gelap!,@bersinarterang1170,0,Netral,menuju korsel dan india gelap,menuju korsel dan india gelap,"['menuju', 'korsel', 'dan', 'india', 'gelap']","['menuju', 'korsel', 'india', 'gelap']",tuju korsel india gelap
"Yang korupsi besar kepala mbg
Yang naikin pajak mentri nya sendiri
Yang mark-up pembangunan kdmp tim mereka sendiri
Yang mark-up motor listrik mereka sendiri
Yang bikin inflasi tim mereka sendiri
Ketika ada crash yg disalahin soros😂",@musthofahilmi4779,1,Negatif,Yang korupsi besar kepala mbg Yang naikin pajak mentri nya sendiri Yang markup pembangunan kdmp tim mereka sendiri Yang markup motor listrik mereka sendiri Yang bikin inflasi tim mereka sendiri Ketika ada crash yg disalahin soros,yang korupsi besar kepala mbg yang naikin pajak mentri nya sendiri yang markup pembangunan kdmp tim mereka sendiri yang markup motor listrik mereka sendiri yang bikin inflasi tim mereka sendiri ketika ada crash yg disalahin soros,"['yang', 'korupsi', 'besar', 'kepala', 'mbg', 'yang', 'naikin', 'pajak', 'mentri', 'nya', 'sendiri', 'yang', 'markup', 'pembangunan', 'kdmp', 'tim', 'mereka', 'sendiri', 'yang', 'markup', 'motor', 'listrik', 'mereka', 'sendiri', 'yang', 'bikin', 'inflasi', 'tim', 'mereka', 'sendiri', 'ketika', 'ada', 'crash', 'yg', 'disalahin', 'soros']","['korupsi', 'besar', 'kepala', 'mbg', 'naikin', 'pajak', 'mentri', 'nya', 'sendiri', 'markup', 'pembangunan', 'kdmp', 'tim', 'mereka', 'sendiri', 'markup', 'motor', 'listrik', 'mereka', 'sendiri', 'bikin', 'inflasi', 'tim', 'mereka', 'sendiri', 'ketika', 'ada', 'crash', 'yg', 'disalahin', 'soros']",korupsi besar kepala mbg naikin pajak tri nya sendiri markup bangun kdmp tim mereka sendiri markup motor listrik mereka sendiri bikin inflasi tim mereka sendiri ketika ada crash yg disalahin soros
"buy the rumour, sell the news",@bersinarterang1170,0,Netral,buy the rumour sell the news,buy the rumour sell the news,"['buy', 'the', 'rumour', 'sell', 'the', 'news']","['buy', 'the', 'rumour', 'sell', 'the', 'news']",buy the rumour sell the news
Indonesia Jaya Jaya Jaya Aamiin Aamiin Aamiin YRA,@anjaastriamareto3107,1,Netral,Indonesia Jaya Jaya Jaya Aamiin Aamiin Aamiin YRA,indonesia jaya jaya jaya aamiin aamiin aamiin yra,"['indonesia', 'jaya', 'jaya', 'jaya', 'aamiin', 'aamiin', 'aamiin', 'yra']","['indonesia', 'jaya', 'jaya', 'jaya', 'aamiin', 'aamiin', 'aamiin', 'yra']",indonesia jaya jaya jaya aamiin aamiin aamiin yra
Pertanyaan nya MSCI ini netral apa ngga sebenarnya,@serokdanterusserok,0,Netral,Pertanyaan nya MSCI ini netral apa ngga sebenarnya,pertanyaan nya msci ini netral apa ngga sebenarnya,"['pertanyaan', 'nya', 'msci', 'ini', 'netral', 'apa', 'ngga', 'sebenarnya']","['pertanyaan', 'nya', 'msci', 'netral', 'apa', 'ngga', 'sebenarnya']",tanya nya msci netral apa ngga benar
"terima kasih bang bennix sudah bantu menjelaskan kepada orang-orang yang senang melihat dan sering tebar fear soal IHSG turun ke frontier market, tiap kali MSCI mau umumkan informasi terkait IHSG pasti muncul lg narasi soal frontier market dari influenser-influenser yang gak punya otak itu",@mentaristudioanime,0,Positif,terima kasih bang bennix sudah bantu menjelaskan kepada orangorang yang senang melihat dan sering tebar fear soal IHSG turun ke frontier market tiap kali MSCI mau umumkan informasi terkait IHSG pasti muncul lg narasi soal frontier market dari influenserinfluenser yang gak punya otak itu,terima kasih bang bennix sudah bantu menjelaskan kepada orangorang yang senang melihat dan sering tebar fear soal ihsg turun ke frontier market tiap kali msci mau umumkan informasi terkait ihsg pasti muncul lg narasi soal frontier market dari influenserinfluenser yang gak punya otak itu,"['terima', 'kasih', 'bang', 'bennix', 'sudah', 'bantu', 'menjelaskan', 'kepada', 'orangorang', 'yang', 'senang', 'melihat', 'dan', 'sering', 'tebar', 'fear', 'soal', 'ihsg', 'turun', 'ke', 'frontier', 'market', 'tiap', 'kali', 'msci', 'mau', 'umumkan', 'informasi', 'terkait', 'ihsg', 'pasti', 'muncul', 'lg', 'narasi', 'soal', 'frontier', 'market', 'dari', 'influenserinfluenser', 'yang', 'gak', 'punya', 'otak', 'itu']","['terima', 'kasih', 'bang', 'bennix', 'sudah', 'bantu', 'menjelaskan', 'kepada', 'orangorang', 'senang', 'melihat', 'sering', 'tebar', 'fear', 'soal', 'ihsg', 'turun', 'frontier', 'market', 'tiap', 'kali', 'msci', 'mau', 'umumkan', 'informasi', 'terkait', 'ihsg', 'pasti', 'muncul', 'lg', 'narasi', 'soal', 'frontier', 'market', 'influenserinfluenser', 'gak', 'punya', 'otak']",terima kasih bang bennix sudah bantu jelas kepada orangorang senang lihat sering tebar fear soal ihsg turun frontier market tiap kali msci mau umum informasi kait ihsg pasti muncul lg narasi soal frontier market influenserinfluenser gak punya otak
Sell Singapura,@ahmadrifai3386,0,Netral,Sell Singapura,sell singapura,"['sell', 'singapura']","['sell', 'singapura']",sell singapura
Korea chaebolnya terlalu ikut campur perusahaannya lewat hantu cara yang ngga terlalu di sukai investor asing,@Decnalab92,0,Netral,Korea chaebolnya terlalu ikut campur perusahaannya lewat hantu cara yang ngga terlalu di sukai investor asing,korea chaebolnya terlalu ikut campur perusahaannya lewat hantu cara yang ngga terlalu di sukai investor asing,"['korea', 'chaebolnya', 'terlalu', 'ikut', 'campur', 'perusahaannya', 'lewat', 'hantu', 'cara', 'yang', 'ngga', 'terlalu', 'di', 'sukai', 'investor', 'asing']","['korea', 'chaebolnya', 'terlalu', 'ikut', 'campur', 'perusahaannya', 'lewat', 'hantu', 'cara', 'ngga', 'terlalu', 'sukai', 'investor', 'asing']",korea chaebolnya terlalu ikut campur usaha lewat hantu cara ngga terlalu suka investor asing
"Perusahaan rampok capcay kaki lima (kakinya roda bekarat semua) menn. Karyawan seitung jari, kantor sewa kios. Lolos ipo.",@YufaAlphaSolution,0,Netral,Perusahaan rampok capcay kaki lima kakinya roda bekarat semua menn Karyawan seitung jari kantor sewa kios Lolos ipo,perusahaan rampok capcay kaki lima kakinya roda bekarat semua menn karyawan seitung jari kantor sewa kios lolos ipo,"['perusahaan', 'rampok', 'capcay', 'kaki', 'lima', 'kakinya', 'roda', 'bekarat', 'semua', 'menn', 'karyawan', 'seitung', 'jari', 'kantor', 'sewa', 'kios', 'lolos', 'ipo']","['perusahaan', 'rampok', 'capcay', 'kaki', 'lima', 'kakinya', 'roda', 'bekarat', 'semua', 'menn', 'karyawan', 'seitung', 'jari', 'kantor', 'sewa', 'kios', 'lolos', 'ipo']",usaha rampok capcay kaki lima kaki roda bekarat semua menn karyawan seitung jari kantor sewa kios lolos ipo
"saya cuma mau bilang, antek antek ngisiiiiinnnngggg,",@tubagussujana2835,0,Netral,saya cuma mau bilang antek antek ngisiiiiinnnngggg,saya cuma mau bilang antek antek ngisiiiiinnnngggg,"['saya', 'cuma', 'mau', 'bilang', 'antek', 'antek', 'ngisiiiiinnnngggg']","['cuma', 'mau', 'bilang', 'antek', 'antek', 'ngisiiiiinnnngggg']",cuma mau bilang antek antek ngisiiiiinnnngggg
Ngakakk sepanjang nonton ini 😂 suka bet vibes maki”nya 😅,@ibnuhusaintraveler9678,0,Netral,Ngakakk sepanjang nonton ini suka bet vibes makinya,ngakakk sepanjang nonton ini suka bet vibes makinya,"['ngakakk', 'sepanjang', 'nonton', 'ini', 'suka', 'bet', 'vibes', 'makinya']","['ngakakk', 'sepanjang', 'nonton', 'suka', 'bet', 'vibes', 'makinya']",ngakakk panjang nonton suka bet vibes maki
Ternyata MSCI lembaga pesanan!,@suryantoa.n1003,0,Netral,Ternyata MSCI lembaga pesanan,ternyata msci lembaga pesanan,"['ternyata', 'msci', 'lembaga', 'pesanan']","['ternyata', 'msci', 'lembaga', 'pesanan']",nyata msci lembaga pesan
Kak benix...aku sekarang ke Singapur jiji bangt berapa taun kekayaan indonesia di makan trus Ama anjing2 Singapur,@RezvanDhefin,1,Netral,Kak benixaku sekarang ke Singapur jiji bangt berapa taun kekayaan indonesia di makan trus Ama anjing Singapur,kak benixaku sekarang ke singapur jiji bangt berapa taun kekayaan indonesia di makan trus ama anjing singapur,"['kak', 'benixaku', 'sekarang', 'ke', 'singapur', 'jiji', 'bangt', 'berapa', 'taun', 'kekayaan', 'indonesia', 'di', 'makan', 'trus', 'ama', 'anjing', 'singapur']","['kak', 'benixaku', 'sekarang', 'singapur', 'jiji', 'bangt', 'berapa', 'taun', 'kekayaan', 'indonesia', 'makan', 'trus', 'ama', 'anjing', 'singapur']",kak benixaku sekarang singapur jiji bangt berapa taun kaya indonesia makan trus ama anjing singapur
Singapur gak bisa ngemis lagi kemarin duduk manis dapet cuan dari indonesia...sekarang Singapur sel kan..,@RezvanDhefin,0,Netral,Singapur gak bisa ngemis lagi kemarin duduk manis dapet cuan dari indonesiasekarang Singapur sel kan,singapur gak bisa ngemis lagi kemarin duduk manis dapet cuan dari indonesiasekarang singapur sel kan,"['singapur', 'gak', 'bisa', 'ngemis', 'lagi', 'kemarin', 'duduk', 'manis', 'dapet', 'cuan', 'dari', 'indonesiasekarang', 'singapur', 'sel', 'kan']","['singapur', 'gak', 'bisa', 'ngemis', 'lagi', 'kemarin', 'duduk', 'manis', 'dapet', 'cuan', 'indonesiasekarang', 'singapur', 'sel', 'kan']",singapur gak bisa ngemis lagi kemarin duduk manis dapet cuan indonesiasekarang singapur sel kan
"Demo2 yg mempengaruhi pra mahasiswa ,emang elit2 politik yg haus kekuasaan,yg pengenya Indonesia jdi negara berkembang terus",@UsenSen-x7x6o,0,Netral,Demo yg mempengaruhi pra mahasiswa emang elit politik yg haus kekuasaanyg pengenya Indonesia jdi negara berkembang terus,demo yg mempengaruhi pra mahasiswa emang elit politik yg haus kekuasaanyg pengenya indonesia jdi negara berkembang terus,"['demo', 'yg', 'mempengaruhi', 'pra', 'mahasiswa', 'emang', 'elit', 'politik', 'yg', 'haus', 'kekuasaanyg', 'pengenya', 'indonesia', 'jdi', 'negara', 'berkembang', 'terus']","['demo', 'yg', 'mempengaruhi', 'pra', 'mahasiswa', 'emang', 'elit', 'politik', 'yg', 'haus', 'kekuasaanyg', 'pengenya', 'indonesia', 'jdi', 'negara', 'berkembang', 'terus']",demo yg pengaruh pra mahasiswa emang elit politik yg haus kekuasaanyg kenya indonesia jdi negara kembang terus
Lanjutkan ja program 1 pintu ekspor danantara...pasti singapura ekonominya ambruk....,@KandarKandar-m9q,0,Netral,Lanjutkan ja program pintu ekspor danantarapasti singapura ekonominya ambruk,lanjutkan ja program pintu ekspor danantarapasti singapura ekonominya ambruk,"['lanjutkan', 'ja', 'program', 'pintu', 'ekspor', 'danantarapasti', 'singapura', 'ekonominya', 'ambruk']","['lanjutkan', 'ja', 'program', 'pintu', 'ekspor', 'danantarapasti', 'singapura', 'ekonominya', 'ambruk']",lanjut ja program pintu ekspor danantarapasti singapura ekonomi ambruk
"Dulu pas Napoleon lawan Inggris, tuan besar berbohong dengan bilang ""Inggris kalah perang"" akhirnya saham2 Inggris nyungsep dan langsung diserok semua sama tuan besar. Begitu publik tau kabar itu hoax, saham2 Inggris langsung naik semua, tuan besar cuan besar.

Saya melihat kejadian serupa di Indonesia ini, tuan besar bikin berita2 gk enak biar investor kabur yang bikin IHSG ngungsep. Terus pas sudah ngungsep tuan besar langsung serok semuanya. Begitu publik tau berita2 itu ternyata hoax atau kurang benar, IHSG bakal naik. Tuan besar cuan besar, lagi.",@Johuri,0,Negatif,Dulu pas Napoleon lawan Inggris tuan besar berbohong dengan bilang Inggris kalah perang akhirnya saham Inggris nyungsep dan langsung diserok semua sama tuan besar Begitu publik tau kabar itu hoax saham Inggris langsung naik semua tuan besar cuan besar Saya melihat kejadian serupa di Indonesia ini tuan besar bikin berita gk enak biar investor kabur yang bikin IHSG ngungsep Terus pas sudah ngungsep tuan besar langsung serok semuanya Begitu publik tau berita itu ternyata hoax atau kurang benar IHSG bakal naik Tuan besar cuan besar lagi,dulu pas napoleon lawan inggris tuan besar berbohong dengan bilang inggris kalah perang akhirnya saham inggris nyungsep dan langsung diserok semua sama tuan besar begitu publik tau kabar itu hoax saham inggris langsung naik semua tuan besar cuan besar saya melihat kejadian serupa di indonesia ini tuan besar bikin berita gk enak biar investor kabur yang bikin ihsg ngungsep terus pas sudah ngungsep tuan besar langsung serok semuanya begitu publik tau berita itu ternyata hoax atau kurang benar ihsg bakal naik tuan besar cuan besar lagi,"['dulu', 'pas', 'napoleon', 'lawan', 'inggris', 'tuan', 'besar', 'berbohong', 'dengan', 'bilang', 'inggris', 'kalah', 'perang', 'akhirnya', 'saham', 'inggris', 'nyungsep', 'dan', 'langsung', 'diserok', 'semua', 'sama', 'tuan', 'besar', 'begitu', 'publik', 'tau', 'kabar', 'itu', 'hoax', 'saham', 'inggris', 'langsung', 'naik', 'semua', 'tuan', 'besar', 'cuan', 'besar', 'saya', 'melihat', 'kejadian', 'serupa', 'di', 'indonesia', 'ini', 'tuan', 'besar', 'bikin', 'berita', 'gk', 'enak', 'biar', 'investor', 'kabur', 'yang', 'bikin', 'ihsg', 'ngungsep', 'terus', 'pas', 'sudah', 'ngungsep', 'tuan', 'besar', 'langsung', 'serok', 'semuanya', 'begitu', 'publik', 'tau', 'berita', 'itu', 'ternyata', 'hoax', 'atau', 'kurang', 'benar', 'ihsg', 'bakal', 'naik', 'tuan', 'besar', 'cuan', 'besar', 'lagi']","['dulu', 'pas', 'napoleon', 'lawan', 'inggris', 'tuan', 'besar', 'berbohong', 'bilang', 'inggris', 'kalah', 'perang', 'akhirnya', 'saham', 'inggris', 'nyungsep', 'langsung', 'diserok', 'semua', 'sama', 'tuan', 'besar', 'begitu', 'publik', 'tau', 'kabar', 'hoax', 'saham', 'inggris', 'langsung', 'naik', 'semua', 'tuan', 'besar', 'cuan', 'besar', 'melihat', 'kejadian', 'serupa', 'indonesia', 'tuan', 'besar', 'bikin', 'berita', 'gk', 'enak', 'biar', 'investor', 'kabur', 'bikin', 'ihsg', 'ngungsep', 'terus', 'pas', 'sudah', 'ngungsep', 'tuan', 'besar', 'langsung', 'serok', 'semuanya', 'begitu', 'publik', 'tau', 'berita', 'ternyata', 'hoax', 'kurang', 'benar', 'ihsg', 'bakal', 'naik', 'tuan', 'besar', 'cuan', 'besar', 'lagi']",dulu pas napoleon lawan inggris tuan besar bohong bilang inggris kalah perang akhir saham inggris nyungsep langsung serok semua sama tuan besar begitu publik tau kabar hoax saham inggris langsung naik semua tuan besar cuan besar lihat jadi rupa indonesia tuan besar bikin berita gk enak biar investor kabur bikin ihsg ngungsep terus pas sudah ngungsep tuan besar langsung serok semua begitu publik tau berita nyata hoax kurang benar ihsg bakal naik tuan besar cuan besar lagi
"Mantap kang. kasih paham itu  anjing"" jonsoros. NKRI HARGA MATI💪👍",@riyanfadil76,0,Positif,Mantap kang kasih paham itu anjing jonsoros NKRI HARGA MATI,mantap kang kasih paham itu anjing jonsoros nkri harga mati,"['mantap', 'kang', 'kasih', 'paham', 'itu', 'anjing', 'jonsoros', 'nkri', 'harga', 'mati']","['mantap', 'kang', 'kasih', 'paham', 'anjing', 'jonsoros', 'nkri', 'harga', 'mati']",mantap kang kasih paham anjing jonsoros nkri harga mati
"josjizzz,mantab",@aduhanip5611,0,Netral,josjizzzmantab,josjizzzmantab,['josjizzzmantab'],['josjizzzmantab'],josjizzzmantab
"Insvestor kabur ya kabur saja yang penting ptogram pemerintah berjalan
Suatu saat mereka akan datang karena semua yang dibutuhkan mereka ada di negara kita",@lumbaapalulun781,4,Netral,Insvestor kabur ya kabur saja yang penting ptogram pemerintah berjalan Suatu saat mereka akan datang karena semua yang dibutuhkan mereka ada di negara kita,insvestor kabur ya kabur saja yang penting ptogram pemerintah berjalan suatu saat mereka akan datang karena semua yang dibutuhkan mereka ada di negara kita,"['insvestor', 'kabur', 'ya', 'kabur', 'saja', 'yang', 'penting', 'ptogram', 'pemerintah', 'berjalan', 'suatu', 'saat', 'mereka', 'akan', 'datang', 'karena', 'semua', 'yang', 'dibutuhkan', 'mereka', 'ada', 'di', 'negara', 'kita']","['insvestor', 'kabur', 'ya', 'kabur', 'saja', 'penting', 'ptogram', 'pemerintah', 'berjalan', 'suatu', 'saat', 'mereka', 'akan', 'datang', 'semua', 'dibutuhkan', 'mereka', 'ada', 'negara']",insvestor kabur ya kabur saja penting ptogram perintah jalan suatu saat mereka akan datang semua butuh mereka ada negara
Mereka ingin harga diskon para aseeng ingin serook di dasar... bosen gw denger berita2 negatif . Semangat terus indonesia ku,@ardhithenextkains,0,Netral,Mereka ingin harga diskon para aseeng ingin serook di dasar bosen gw denger berita negatif Semangat terus indonesia ku,mereka ingin harga diskon para aseeng ingin serook di dasar bosen gw denger berita negatif semangat terus indonesia ku,"['mereka', 'ingin', 'harga', 'diskon', 'para', 'aseeng', 'ingin', 'serook', 'di', 'dasar', 'bosen', 'gw', 'denger', 'berita', 'negatif', 'semangat', 'terus', 'indonesia', 'ku']","['mereka', 'ingin', 'harga', 'diskon', 'para', 'aseeng', 'ingin', 'serook', 'dasar', 'bosen', 'gw', 'denger', 'berita', 'negatif', 'semangat', 'terus', 'indonesia', 'ku']",mereka ingin harga diskon para aseeng ingin serook dasar bosen gw denger berita negatif semangat terus indonesia ku
"Ooo maksudnya ada satu aspek dari penilaian yang nilainya itu jelek, tp secara keseluruhan sebenernya indo masih bagus. Tapi media fokus ke aspek jeleknya itu yang diberitakan dan menarik kesimpulan sendiri",@muasisulbais8088,0,Netral,Ooo maksudnya ada satu aspek dari penilaian yang nilainya itu jelek tp secara keseluruhan sebenernya indo masih bagus Tapi media fokus ke aspek jeleknya itu yang diberitakan dan menarik kesimpulan sendiri,ooo maksudnya ada satu aspek dari penilaian yang nilainya itu jelek tp secara keseluruhan sebenernya indo masih bagus tapi media fokus ke aspek jeleknya itu yang diberitakan dan menarik kesimpulan sendiri,"['ooo', 'maksudnya', 'ada', 'satu', 'aspek', 'dari', 'penilaian', 'yang', 'nilainya', 'itu', 'jelek', 'tp', 'secara', 'keseluruhan', 'sebenernya', 'indo', 'masih', 'bagus', 'tapi', 'media', 'fokus', 'ke', 'aspek', 'jeleknya', 'itu', 'yang', 'diberitakan', 'dan', 'menarik', 'kesimpulan', 'sendiri']","['ooo', 'maksudnya', 'ada', 'satu', 'aspek', 'penilaian', 'nilainya', 'jelek', 'tp', 'secara', 'keseluruhan', 'sebenernya', 'indo', 'masih', 'bagus', 'tapi', 'media', 'fokus', 'aspek', 'jeleknya', 'diberitakan', 'menarik', 'kesimpulan', 'sendiri']",ooo maksud ada satu aspek nilai nilai jelek tp cara seluruh sebenernya indo masih bagus tapi media fokus aspek jelek berita tarik simpul sendiri
"orang pinter,, main saham S&P 500 , Kospi, Hang Seng, Nikkei.. goodbye IHSG",@henny767,0,Netral,orang pinter main saham SP Kospi Hang Seng Nikkei goodbye IHSG,orang pinter main saham sp kospi hang seng nikkei goodbye ihsg,"['orang', 'pinter', 'main', 'saham', 'sp', 'kospi', 'hang', 'seng', 'nikkei', 'goodbye', 'ihsg']","['orang', 'pinter', 'main', 'saham', 'sp', 'kospi', 'hang', 'seng', 'nikkei', 'goodbye', 'ihsg']",orang pinter main saham sp kospi hang seng nikkei goodbye ihsg
"Ya memang Indonesia gelap, sering mati lampu 😂 PLN",@RajaQing,0,Netral,Ya memang Indonesia gelap sering mati lampu PLN,ya memang indonesia gelap sering mati lampu pln,"['ya', 'memang', 'indonesia', 'gelap', 'sering', 'mati', 'lampu', 'pln']","['ya', 'memang', 'indonesia', 'gelap', 'sering', 'mati', 'lampu', 'pln']",ya memang indonesia gelap sering mati lampu pln
Sayang gak semua org indonesia mau mendengarkan berita dr beberapa sumber,@OmTri,0,Netral,Sayang gak semua org indonesia mau mendengarkan berita dr beberapa sumber,sayang gak semua org indonesia mau mendengarkan berita dr beberapa sumber,"['sayang', 'gak', 'semua', 'org', 'indonesia', 'mau', 'mendengarkan', 'berita', 'dr', 'beberapa', 'sumber']","['sayang', 'gak', 'semua', 'org', 'indonesia', 'mau', 'mendengarkan', 'berita', 'dr', 'beberapa', 'sumber']",sayang gak semua org indonesia mau dengar berita dr beberapa sumber
Pokokny Indonesia HARUS MISKINKAN SINGAPURA,@VirginPetCare,0,Netral,Pokokny Indonesia HARUS MISKINKAN SINGAPURA,pokokny indonesia harus miskinkan singapura,"['pokokny', 'indonesia', 'harus', 'miskinkan', 'singapura']","['pokokny', 'indonesia', 'harus', 'miskinkan', 'singapura']",pokokny indonesia harus miskin singapura
"Dari zaman VOC smp now mana pernah investor lari Dari Indo, guoblokkkkkk.....Indo terlalu Manis Pea, Otak Sarden!!! Bikin Review Koplak ....",@benhotrek,0,Netral,Dari zaman VOC smp now mana pernah investor lari Dari Indo guoblokkkkkkIndo terlalu Manis Pea Otak Sarden Bikin Review Koplak,dari zaman voc smp now mana pernah investor lari dari indo guoblokkkkkkindo terlalu manis pea otak sarden bikin review koplak,"['dari', 'zaman', 'voc', 'smp', 'now', 'mana', 'pernah', 'investor', 'lari', 'dari', 'indo', 'guoblokkkkkkindo', 'terlalu', 'manis', 'pea', 'otak', 'sarden', 'bikin', 'review', 'koplak']","['zaman', 'voc', 'smp', 'now', 'mana', 'pernah', 'investor', 'lari', 'indo', 'guoblokkkkkkindo', 'terlalu', 'manis', 'pea', 'otak', 'sarden', 'bikin', 'review', 'koplak']",zaman voc smp now mana pernah investor lari indo guoblokkkkkkindo terlalu manis pea otak sarden bikin review koplak
"Ko sekarang banyak yang gencar gencarin Indonesia ya? Dari mulai blomberg yang bilang prabowo menjabat di Indonesia ga ada Impact, makin yakin Indonesia di pandang remeh sama org luar",@Rireng1140,1,Netral,Ko sekarang banyak yang gencar gencarin Indonesia ya Dari mulai blomberg yang bilang prabowo menjabat di Indonesia ga ada Impact makin yakin Indonesia di pandang remeh sama org luar,ko sekarang banyak yang gencar gencarin indonesia ya dari mulai blomberg yang bilang prabowo menjabat di indonesia ga ada impact makin yakin indonesia di pandang remeh sama org luar,"['ko', 'sekarang', 'banyak', 'yang', 'gencar', 'gencarin', 'indonesia', 'ya', 'dari', 'mulai', 'blomberg', 'yang', 'bilang', 'prabowo', 'menjabat', 'di', 'indonesia', 'ga', 'ada', 'impact', 'makin', 'yakin', 'indonesia', 'di', 'pandang', 'remeh', 'sama', 'org', 'luar']","['ko', 'sekarang', 'banyak', 'gencar', 'gencarin', 'indonesia', 'ya', 'mulai', 'blomberg', 'bilang', 'prabowo', 'menjabat', 'indonesia', 'ga', 'ada', 'impact', 'makin', 'yakin', 'indonesia', 'pandang', 'remeh', 'sama', 'org', 'luar']",ko sekarang banyak gencar gencarin indonesia ya mulai blomberg bilang prabowo jabat indonesia ga ada impact makin yakin indonesia pandang remeh sama org luar
"Karena indonesia tidak bisa diatur asing dan soroa.
Indonesia nutup kran kran mafia. Hilirisasi, stop beberapa komoditas import, stop export murah.
Semua kalang kabut karena strategis indonesia yg gak bisa diatur.",@genshambudiharjo4088,0,Netral,Karena indonesia tidak bisa diatur asing dan soroa Indonesia nutup kran kran mafia Hilirisasi stop beberapa komoditas import stop export murah Semua kalang kabut karena strategis indonesia yg gak bisa diatur,karena indonesia tidak bisa diatur asing dan soroa indonesia nutup kran kran mafia hilirisasi stop beberapa komoditas import stop export murah semua kalang kabut karena strategis indonesia yg gak bisa diatur,"['karena', 'indonesia', 'tidak', 'bisa', 'diatur', 'asing', 'dan', 'soroa', 'indonesia', 'nutup', 'kran', 'kran', 'mafia', 'hilirisasi', 'stop', 'beberapa', 'komoditas', 'import', 'stop', 'export', 'murah', 'semua', 'kalang', 'kabut', 'karena', 'strategis', 'indonesia', 'yg', 'gak', 'bisa', 'diatur']","['indonesia', 'tidak', 'bisa', 'diatur', 'asing', 'soroa', 'indonesia', 'nutup', 'kran', 'kran', 'mafia', 'hilirisasi', 'stop', 'beberapa', 'komoditas', 'import', 'stop', 'export', 'murah', 'semua', 'kalang', 'kabut', 'strategis', 'indonesia', 'yg', 'gak', 'bisa', 'diatur']",indonesia tidak bisa atur asing soroa indonesia nutup kran kran mafia hilir stop beberapa komoditas import stop export murah semua kalang kabut strategis indonesia yg gak bisa atur
15:23 terimakasih ilmunya om,@Anna-lg1bj,0,Netral,terimakasih ilmunya om,terimakasih ilmunya om,"['terimakasih', 'ilmunya', 'om']","['terimakasih', 'ilmunya', 'om']",terimakasih ilmu om
Semoga Tuhan Allah SWT menjaga Indonesia dan seluruh tumpah darah Indonesia. Dan menyadarkan anjing anjing soros ke jalan benar.,@Sukaryo-q9f,0,Netral,Semoga Tuhan Allah SWT menjaga Indonesia dan seluruh tumpah darah Indonesia Dan menyadarkan anjing anjing soros ke jalan benar,semoga tuhan allah swt menjaga indonesia dan seluruh tumpah darah indonesia dan menyadarkan anjing anjing soros ke jalan benar,"['semoga', 'tuhan', 'allah', 'swt', 'menjaga', 'indonesia', 'dan', 'seluruh', 'tumpah', 'darah', 'indonesia', 'dan', 'menyadarkan', 'anjing', 'anjing', 'soros', 'ke', 'jalan', 'benar']","['semoga', 'tuhan', 'allah', 'swt', 'menjaga', 'indonesia', 'seluruh', 'tumpah', 'darah', 'indonesia', 'menyadarkan', 'anjing', 'anjing', 'soros', 'jalan', 'benar']",moga tuhan allah swt jaga indonesia seluruh tumpah darah indonesia sadar anjing anjing soros jalan benar
paling mantab kalo sudah ada kata2 mutiara: anjing-anjing joj soros...,@awanmegamendung8338,0,Netral,paling mantab kalo sudah ada kata mutiara anjinganjing joj soros,paling mantab kalo sudah ada kata mutiara anjinganjing joj soros,"['paling', 'mantab', 'kalo', 'sudah', 'ada', 'kata', 'mutiara', 'anjinganjing', 'joj', 'soros']","['paling', 'mantab', 'kalo', 'sudah', 'ada', 'kata', 'mutiara', 'anjinganjing', 'joj', 'soros']",paling mantab kalo sudah ada kata mutiara anjinganjing joj soros
Sebenarnya tidak ada yang ngamuk2 di Indonesia ini rakyat pada bodo amat tapi yang brisik itu para perampok di Indonesia yang tidak senang karena mereka di ambang kehancuran,@EdoIrawan-m3y,2,Positif,Sebenarnya tidak ada yang ngamuk di Indonesia ini rakyat pada bodo amat tapi yang brisik itu para perampok di Indonesia yang tidak senang karena mereka di ambang kehancuran,sebenarnya tidak ada yang ngamuk di indonesia ini rakyat pada bodo amat tapi yang brisik itu para perampok di indonesia yang tidak senang karena mereka di ambang kehancuran,"['sebenarnya', 'tidak', 'ada', 'yang', 'ngamuk', 'di', 'indonesia', 'ini', 'rakyat', 'pada', 'bodo', 'amat', 'tapi', 'yang', 'brisik', 'itu', 'para', 'perampok', 'di', 'indonesia', 'yang', 'tidak', 'senang', 'karena', 'mereka', 'di', 'ambang', 'kehancuran']","['sebenarnya', 'tidak', 'ada', 'ngamuk', 'indonesia', 'rakyat', 'bodo', 'amat', 'tapi', 'brisik', 'para', 'perampok', 'indonesia', 'tidak', 'senang', 'mereka', 'ambang', 'kehancuran']",benar tidak ada ngamuk indonesia rakyat bodo amat tapi brisik para rampok indonesia tidak senang mereka ambang hancur
Bodoamat lahhh sekarang  😂😂😂 gw masuk kuartal 1 aja lahh,@endrodimas669,0,Netral,Bodoamat lahhh sekarang gw masuk kuartal aja lahh,bodoamat lahhh sekarang gw masuk kuartal aja lahh,"['bodoamat', 'lahhh', 'sekarang', 'gw', 'masuk', 'kuartal', 'aja', 'lahh']","['bodoamat', 'lahhh', 'sekarang', 'gw', 'masuk', 'kuartal', 'aja', 'lahh']",bodoamat lahhh sekarang gw masuk kuartal aja lahh
"harus nya menhan pegang keamanan media indonesia.
bukan bikin komdigimon ngelawak sepanjang taon seperti saat ini.
sampe detik ini , komen2 iklan judol masih banyak di yutub.
harus nya bikin devisi khusus buat berantas para buzzer , media2 yg bikin hoax dan judol. (perang gak harus maen fisik boss)",@penonton4260,0,Netral,harus nya menhan pegang keamanan media indonesia bukan bikin komdigimon ngelawak sepanjang taon seperti saat ini sampe detik ini komen iklan judol masih banyak di yutub harus nya bikin devisi khusus buat berantas para buzzer media yg bikin hoax dan judol perang gak harus maen fisik boss,harus nya menhan pegang keamanan media indonesia bukan bikin komdigimon ngelawak sepanjang taon seperti saat ini sampe detik ini komen iklan judol masih banyak di yutub harus nya bikin devisi khusus buat berantas para buzzer media yg bikin hoax dan judol perang gak harus maen fisik boss,"['harus', 'nya', 'menhan', 'pegang', 'keamanan', 'media', 'indonesia', 'bukan', 'bikin', 'komdigimon', 'ngelawak', 'sepanjang', 'taon', 'seperti', 'saat', 'ini', 'sampe', 'detik', 'ini', 'komen', 'iklan', 'judol', 'masih', 'banyak', 'di', 'yutub', 'harus', 'nya', 'bikin', 'devisi', 'khusus', 'buat', 'berantas', 'para', 'buzzer', 'media', 'yg', 'bikin', 'hoax', 'dan', 'judol', 'perang', 'gak', 'harus', 'maen', 'fisik', 'boss']","['harus', 'nya', 'menhan', 'pegang', 'keamanan', 'media', 'indonesia', 'bukan', 'bikin', 'komdigimon', 'ngelawak', 'sepanjang', 'taon', 'seperti', 'saat', 'sampe', 'detik', 'komen', 'iklan', 'judol', 'masih', 'banyak', 'yutub', 'harus', 'nya', 'bikin', 'devisi', 'khusus', 'buat', 'berantas', 'para', 'buzzer', 'media', 'yg', 'bikin', 'hoax', 'judol', 'perang', 'gak', 'harus', 'maen', 'fisik', 'boss']",harus nya menhan pegang aman media indonesia bukan bikin komdigimon ngelawak panjang taon seperti saat sampe detik komen iklan judol masih banyak yutub harus nya bikin devisi khusus buat berantas para buzzer media yg bikin hoax judol perang gak harus maen fisik boss
"Skarang kacah semu. 
Media kacau
Mahasiswa nya juga kacau

Hah genz bikin resah",@BarokahIlahi-n7q,1,Netral,Skarang kacah semu Media kacau Mahasiswa nya juga kacau Hah genz bikin resah,skarang kacah semu media kacau mahasiswa nya juga kacau hah genz bikin resah,"['skarang', 'kacah', 'semu', 'media', 'kacau', 'mahasiswa', 'nya', 'juga', 'kacau', 'hah', 'genz', 'bikin', 'resah']","['skarang', 'kacah', 'semu', 'media', 'kacau', 'mahasiswa', 'nya', 'kacau', 'hah', 'genz', 'bikin', 'resah']",skarang kacah semu media kacau mahasiswa nya kacau hah genz bikin resah
Bagus ni Chanel banix dia memberikan informasi yg mencerdaskan masarakat.......memang negara kita tidak mau jadi maju...,@InFinix-v2v4o,1,Positif,Bagus ni Chanel banix dia memberikan informasi yg mencerdaskan masarakatmemang negara kita tidak mau jadi maju,bagus ni chanel banix dia memberikan informasi yg mencerdaskan masarakatmemang negara kita tidak mau jadi maju,"['bagus', 'ni', 'chanel', 'banix', 'dia', 'memberikan', 'informasi', 'yg', 'mencerdaskan', 'masarakatmemang', 'negara', 'kita', 'tidak', 'mau', 'jadi', 'maju']","['bagus', 'ni', 'chanel', 'banix', 'dia', 'memberikan', 'informasi', 'yg', 'mencerdaskan', 'masarakatmemang', 'negara', 'tidak', 'mau', 'jadi', 'maju']",bagus ni chanel banix dia beri informasi yg cerdas masarakatmemang negara tidak mau jadi maju
"Alhamdulillah,,",@wahidinsolihin5468,0,Netral,Alhamdulillah,alhamdulillah,['alhamdulillah'],['alhamdulillah'],alhamdulillah
"Orang Indonesia sendiri yang korup, jadi mafia dan menjelekkan bangsanya sendiri, di tambah keterlibatan negara luar, komplit dah, makanya tugas pemerintahan sekarang lebih berat karena mau bersihin tapi di lawan habis-habisan",@HidupSehat-LahirdanBathin,1,Negatif,Orang Indonesia sendiri yang korup jadi mafia dan menjelekkan bangsanya sendiri di tambah keterlibatan negara luar komplit dah makanya tugas pemerintahan sekarang lebih berat karena mau bersihin tapi di lawan habishabisan,orang indonesia sendiri yang korup jadi mafia dan menjelekkan bangsanya sendiri di tambah keterlibatan negara luar komplit dah makanya tugas pemerintahan sekarang lebih berat karena mau bersihin tapi di lawan habishabisan,"['orang', 'indonesia', 'sendiri', 'yang', 'korup', 'jadi', 'mafia', 'dan', 'menjelekkan', 'bangsanya', 'sendiri', 'di', 'tambah', 'keterlibatan', 'negara', 'luar', 'komplit', 'dah', 'makanya', 'tugas', 'pemerintahan', 'sekarang', 'lebih', 'berat', 'karena', 'mau', 'bersihin', 'tapi', 'di', 'lawan', 'habishabisan']","['orang', 'indonesia', 'sendiri', 'korup', 'jadi', 'mafia', 'menjelekkan', 'bangsanya', 'sendiri', 'tambah', 'keterlibatan', 'negara', 'luar', 'komplit', 'dah', 'makanya', 'tugas', 'pemerintahan', 'sekarang', 'lebih', 'berat', 'mau', 'bersihin', 'tapi', 'lawan', 'habishabisan']",orang indonesia sendiri korup jadi mafia jelek bangsa sendiri tambah libat negara luar komplit dah makanya tugas perintah sekarang lebih berat mau bersihin tapi lawan habishabisan
Rakyat kita udah zaman canggih pun masih banyak yang goblok lagi mau diadu domba Woi rakyat Indonesia sekarang bukan zaman dulu sadar sikit kalian bukan zaman dulu yang gak boleh cari informasi sekarang udah zaman canggih Jadi buka mata Jangan goblok lagi mau diadu domba asing,@Jumadi-p7z,1,Netral,Rakyat kita udah zaman canggih pun masih banyak yang goblok lagi mau diadu domba Woi rakyat Indonesia sekarang bukan zaman dulu sadar sikit kalian bukan zaman dulu yang gak boleh cari informasi sekarang udah zaman canggih Jadi buka mata Jangan goblok lagi mau diadu domba asing,rakyat kita udah zaman canggih pun masih banyak yang goblok lagi mau diadu domba woi rakyat indonesia sekarang bukan zaman dulu sadar sikit kalian bukan zaman dulu yang gak boleh cari informasi sekarang udah zaman canggih jadi buka mata jangan goblok lagi mau diadu domba asing,"['rakyat', 'kita', 'udah', 'zaman', 'canggih', 'pun', 'masih', 'banyak', 'yang', 'goblok', 'lagi', 'mau', 'diadu', 'domba', 'woi', 'rakyat', 'indonesia', 'sekarang', 'bukan', 'zaman', 'dulu', 'sadar', 'sikit', 'kalian', 'bukan', 'zaman', 'dulu', 'yang', 'gak', 'boleh', 'cari', 'informasi', 'sekarang', 'udah', 'zaman', 'canggih', 'jadi', 'buka', 'mata', 'jangan', 'goblok', 'lagi', 'mau', 'diadu', 'domba', 'asing']","['rakyat', 'udah', 'zaman', 'canggih', 'pun', 'masih', 'banyak', 'goblok', 'lagi', 'mau', 'diadu', 'domba', 'woi', 'rakyat', 'indonesia', 'sekarang', 'bukan', 'zaman', 'dulu', 'sadar', 'sikit', 'kalian', 'bukan', 'zaman', 'dulu', 'gak', 'boleh', 'cari', 'informasi', 'sekarang', 'udah', 'zaman', 'canggih', 'jadi', 'buka', 'mata', 'jangan', 'goblok', 'lagi', 'mau', 'diadu', 'domba', 'asing']",rakyat udah zaman canggih pun masih banyak goblok lagi mau adu domba woi rakyat indonesia sekarang bukan zaman dulu sadar sikit kalian bukan zaman dulu gak boleh cari informasi sekarang udah zaman canggih jadi buka mata jangan goblok lagi mau adu domba asing
Jadi serok lagi aman ya om Ben 😅,@UCUPKU234,0,Netral,Jadi serok lagi aman ya om Ben,jadi serok lagi aman ya om ben,"['jadi', 'serok', 'lagi', 'aman', 'ya', 'om', 'ben']","['jadi', 'serok', 'lagi', 'aman', 'ya', 'om', 'ben']",jadi serok lagi aman ya om ben
"tidak salah kalau mereka mendown grade rating bursa efek karena memang mereka harus berbenah,sebuah  bursa yang di akses para investor besar tidak punya transparansi yang baik. 
memang pengelola bursanya para mafia dan badjingan.😅",@Enzo_design,0,Positif,tidak salah kalau mereka mendown grade rating bursa efek karena memang mereka harus berbenahsebuah bursa yang di akses para investor besar tidak punya transparansi yang baik memang pengelola bursanya para mafia dan badjingan,tidak salah kalau mereka mendown grade rating bursa efek karena memang mereka harus berbenahsebuah bursa yang di akses para investor besar tidak punya transparansi yang baik memang pengelola bursanya para mafia dan badjingan,"['tidak', 'salah', 'kalau', 'mereka', 'mendown', 'grade', 'rating', 'bursa', 'efek', 'karena', 'memang', 'mereka', 'harus', 'berbenahsebuah', 'bursa', 'yang', 'di', 'akses', 'para', 'investor', 'besar', 'tidak', 'punya', 'transparansi', 'yang', 'baik', 'memang', 'pengelola', 'bursanya', 'para', 'mafia', 'dan', 'badjingan']","['tidak', 'salah', 'kalau', 'mereka', 'mendown', 'grade', 'rating', 'bursa', 'efek', 'memang', 'mereka', 'harus', 'berbenahsebuah', 'bursa', 'akses', 'para', 'investor', 'besar', 'tidak', 'punya', 'transparansi', 'baik', 'memang', 'pengelola', 'bursanya', 'para', 'mafia', 'badjingan']",tidak salah kalau mereka mendown grade rating bursa efek memang mereka harus berbenahsebuah bursa akses para investor besar tidak punya transparansi baik memang kelola bursa para mafia badjingan
"Asing udah ga perlu ngobok2 Indonesia. Mereka cukup taruh 2 orang di ring 1 kekuasaan Prabowo buat update info, trus membiarkan Indonesia setiap hari menembak kaki ibu pertiwi.",@dying_taxpayer,0,Netral,Asing udah ga perlu ngobok Indonesia Mereka cukup taruh orang di ring kekuasaan Prabowo buat update info trus membiarkan Indonesia setiap hari menembak kaki ibu pertiwi,asing udah ga perlu ngobok indonesia mereka cukup taruh orang di ring kekuasaan prabowo buat update info trus membiarkan indonesia setiap hari menembak kaki ibu pertiwi,"['asing', 'udah', 'ga', 'perlu', 'ngobok', 'indonesia', 'mereka', 'cukup', 'taruh', 'orang', 'di', 'ring', 'kekuasaan', 'prabowo', 'buat', 'update', 'info', 'trus', 'membiarkan', 'indonesia', 'setiap', 'hari', 'menembak', 'kaki', 'ibu', 'pertiwi']","['asing', 'udah', 'ga', 'perlu', 'ngobok', 'indonesia', 'mereka', 'cukup', 'taruh', 'orang', 'ring', 'kekuasaan', 'prabowo', 'buat', 'update', 'info', 'trus', 'membiarkan', 'indonesia', 'setiap', 'hari', 'menembak', 'kaki', 'ibu', 'pertiwi']",asing udah ga perlu ngobok indonesia mereka cukup taruh orang ring kuasa prabowo buat update info trus biar indonesia tiap hari tembak kaki ibu pertiwi
"""Bennix kurang pengalaman!"" kata Bu Gema Goeyardi.",@felixsulwyn4997,1,Netral,Bennix kurang pengalaman kata Bu Gema Goeyardi,bennix kurang pengalaman kata bu gema goeyardi,"['bennix', 'kurang', 'pengalaman', 'kata', 'bu', 'gema', 'goeyardi']","['bennix', 'kurang', 'pengalaman', 'kata', 'bu', 'gema', 'goeyardi']",bennix kurang alam kata bu gema goeyardi
"Kasih paham bang Bennix.. netizen sok tau tentang dunia saham..netizen yg sok tau, sok pinter, merasa paling paham dunia saham biar malu ilmunya masih cetek tapi sok2an komen..😅",@hendraefendi4169,0,Netral,Kasih paham bang Bennix netizen sok tau tentang dunia sahamnetizen yg sok tau sok pinter merasa paling paham dunia saham biar malu ilmunya masih cetek tapi sokan komen,kasih paham bang bennix netizen sok tau tentang dunia sahamnetizen yg sok tau sok pinter merasa paling paham dunia saham biar malu ilmunya masih cetek tapi sokan komen,"['kasih', 'paham', 'bang', 'bennix', 'netizen', 'sok', 'tau', 'tentang', 'dunia', 'sahamnetizen', 'yg', 'sok', 'tau', 'sok', 'pinter', 'merasa', 'paling', 'paham', 'dunia', 'saham', 'biar', 'malu', 'ilmunya', 'masih', 'cetek', 'tapi', 'sokan', 'komen']","['kasih', 'paham', 'bang', 'bennix', 'netizen', 'sok', 'tau', 'tentang', 'dunia', 'sahamnetizen', 'yg', 'sok', 'tau', 'sok', 'pinter', 'merasa', 'paling', 'paham', 'dunia', 'saham', 'biar', 'malu', 'ilmunya', 'masih', 'cetek', 'tapi', 'sokan', 'komen']",kasih paham bang bennix netizen sok tau tentang dunia sahamnetizen yg sok tau sok pinter rasa paling paham dunia saham biar malu ilmu masih cetek tapi sok komen
"Trus kalau penilaian indonesia bagus, kenapa asing outflow 90T?

MSCI, media, siapapun boleh ngomong, tapi pergerakan uang gak pernah bohong.",@saidalmusayyyab,0,Netral,Trus kalau penilaian indonesia bagus kenapa asing outflow T MSCI media siapapun boleh ngomong tapi pergerakan uang gak pernah bohong,trus kalau penilaian indonesia bagus kenapa asing outflow t msci media siapapun boleh ngomong tapi pergerakan uang gak pernah bohong,"['trus', 'kalau', 'penilaian', 'indonesia', 'bagus', 'kenapa', 'asing', 'outflow', 't', 'msci', 'media', 'siapapun', 'boleh', 'ngomong', 'tapi', 'pergerakan', 'uang', 'gak', 'pernah', 'bohong']","['trus', 'kalau', 'penilaian', 'indonesia', 'bagus', 'kenapa', 'asing', 'outflow', 't', 'msci', 'media', 'siapapun', 'boleh', 'ngomong', 'tapi', 'pergerakan', 'uang', 'gak', 'pernah', 'bohong']",trus kalau nilai indonesia bagus kenapa asing outflow t msci media siapa boleh ngomong tapi gera uang gak pernah bohong
"Indonesia tetap pada emerging market krn probabilitinya lebih baik sekalipun dg pasar modal korsel, lihat daftar 18 cheking pointnya",@martinocarascalao9413,0,Positif,Indonesia tetap pada emerging market krn probabilitinya lebih baik sekalipun dg pasar modal korsel lihat daftar cheking pointnya,indonesia tetap pada emerging market krn probabilitinya lebih baik sekalipun dg pasar modal korsel lihat daftar cheking pointnya,"['indonesia', 'tetap', 'pada', 'emerging', 'market', 'krn', 'probabilitinya', 'lebih', 'baik', 'sekalipun', 'dg', 'pasar', 'modal', 'korsel', 'lihat', 'daftar', 'cheking', 'pointnya']","['indonesia', 'tetap', 'emerging', 'market', 'krn', 'probabilitinya', 'lebih', 'baik', 'sekalipun', 'dg', 'pasar', 'modal', 'korsel', 'lihat', 'daftar', 'cheking', 'pointnya']",indonesia tetap emerging market krn probabilitinya lebih baik sekalipun dg pasar modal korsel lihat daftar cheking point
Brita seperti ini memberi idukasi positip GK ngawur kyak media lain lain isinya pasimis dgn negara sendiri pdhal pmerintah sudah berusaha yg terbaik,@NabilakhKh,0,Positif,Brita seperti ini memberi idukasi positip GK ngawur kyak media lain lain isinya pasimis dgn negara sendiri pdhal pmerintah sudah berusaha yg terbaik,brita seperti ini memberi idukasi positip gk ngawur kyak media lain lain isinya pasimis dgn negara sendiri pdhal pmerintah sudah berusaha yg terbaik,"['brita', 'seperti', 'ini', 'memberi', 'idukasi', 'positip', 'gk', 'ngawur', 'kyak', 'media', 'lain', 'lain', 'isinya', 'pasimis', 'dgn', 'negara', 'sendiri', 'pdhal', 'pmerintah', 'sudah', 'berusaha', 'yg', 'terbaik']","['brita', 'seperti', 'memberi', 'idukasi', 'positip', 'gk', 'ngawur', 'kyak', 'media', 'lain', 'lain', 'isinya', 'pasimis', 'dgn', 'negara', 'sendiri', 'pdhal', 'pmerintah', 'sudah', 'berusaha', 'yg', 'terbaik']",brita seperti beri idukasi positip gk ngawur kyak media lain lain isi pasim dgn negara sendiri pdhal pmerintah sudah usaha yg baik
Info penting nih.... Utk counter para pengkhianat bangsa,@rainbow_super,1,Netral,Info penting nih Utk counter para pengkhianat bangsa,info penting nih utk counter para pengkhianat bangsa,"['info', 'penting', 'nih', 'utk', 'counter', 'para', 'pengkhianat', 'bangsa']","['info', 'penting', 'nih', 'utk', 'counter', 'para', 'pengkhianat', 'bangsa']",info penting nih utk counter para khianat bangsa
sell singapura,@gunadigunadi9476,0,Netral,sell singapura,sell singapura,"['sell', 'singapura']","['sell', 'singapura']",sell singapura
"Maju terus Indonesiaku... Aku cinta Indonesia... ♥♥
Terima kasih infonya Om Bennix..",@irfanbudimanbarus7380,2,Netral,Maju terus Indonesiaku Aku cinta Indonesia Terima kasih infonya Om Bennix,maju terus indonesiaku aku cinta indonesia terima kasih infonya om bennix,"['maju', 'terus', 'indonesiaku', 'aku', 'cinta', 'indonesia', 'terima', 'kasih', 'infonya', 'om', 'bennix']","['maju', 'terus', 'indonesiaku', 'aku', 'cinta', 'indonesia', 'terima', 'kasih', 'infonya', 'om', 'bennix']",maju terus indonesia aku cinta indonesia terima kasih info om bennix
"Sbg rakyat yg hidup di daerah,kondisi ekonomi saat ini masih lancar2 aja walaupun hrg Pertamax naik,tiap hari krj masih dpt income lmyn ,dagang jg masih ok2 aja.",@SugengRiyadi-m5t,0,Netral,Sbg rakyat yg hidup di daerahkondisi ekonomi saat ini masih lancar aja walaupun hrg Pertamax naiktiap hari krj masih dpt income lmyn dagang jg masih ok aja,sbg rakyat yg hidup di daerahkondisi ekonomi saat ini masih lancar aja walaupun hrg pertamax naiktiap hari krj masih dpt income lmyn dagang jg masih ok aja,"['sbg', 'rakyat', 'yg', 'hidup', 'di', 'daerahkondisi', 'ekonomi', 'saat', 'ini', 'masih', 'lancar', 'aja', 'walaupun', 'hrg', 'pertamax', 'naiktiap', 'hari', 'krj', 'masih', 'dpt', 'income', 'lmyn', 'dagang', 'jg', 'masih', 'ok', 'aja']","['sbg', 'rakyat', 'yg', 'hidup', 'daerahkondisi', 'ekonomi', 'saat', 'masih', 'lancar', 'aja', 'walaupun', 'hrg', 'pertamax', 'naiktiap', 'hari', 'krj', 'masih', 'dpt', 'income', 'lmyn', 'dagang', 'jg', 'masih', 'ok', 'aja']",sbg rakyat yg hidup daerahkondisi ekonomi saat masih lancar aja walaupun hrg pertamax naiktiap hari krj masih dpt income lmyn dagang jg masih ok aja
Kenapa tidak dari awal sudah bahas ini ya? Apa karena nggak boleh? Berita msci kan udah lumayan lama...,@Syam-d2o,0,Netral,Kenapa tidak dari awal sudah bahas ini ya Apa karena nggak boleh Berita msci kan udah lumayan lama,kenapa tidak dari awal sudah bahas ini ya apa karena nggak boleh berita msci kan udah lumayan lama,"['kenapa', 'tidak', 'dari', 'awal', 'sudah', 'bahas', 'ini', 'ya', 'apa', 'karena', 'nggak', 'boleh', 'berita', 'msci', 'kan', 'udah', 'lumayan', 'lama']","['kenapa', 'tidak', 'awal', 'sudah', 'bahas', 'ya', 'apa', 'nggak', 'boleh', 'berita', 'msci', 'kan', 'udah', 'lumayan', 'lama']",kenapa tidak awal sudah bahas ya apa nggak boleh berita msci kan udah lumayan lama
"Mantap ini , sy suka ulasannya Krn obyektif",@haruniskandar8542,1,Positif,Mantap ini sy suka ulasannya Krn obyektif,mantap ini sy suka ulasannya krn obyektif,"['mantap', 'ini', 'sy', 'suka', 'ulasannya', 'krn', 'obyektif']","['mantap', 'sy', 'suka', 'ulasannya', 'krn', 'obyektif']",mantap sy suka ulas krn obyektif
Buzzer2 Antek2 Koruptor Penghianat Bangsa dan Antek2 Asing masih banyak berkeliaran di Indonesia. Bongkar terus bang Bennix..,@parkwondo666,0,Netral,Buzzer Antek Koruptor Penghianat Bangsa dan Antek Asing masih banyak berkeliaran di Indonesia Bongkar terus bang Bennix,buzzer antek koruptor penghianat bangsa dan antek asing masih banyak berkeliaran di indonesia bongkar terus bang bennix,"['buzzer', 'antek', 'koruptor', 'penghianat', 'bangsa', 'dan', 'antek', 'asing', 'masih', 'banyak', 'berkeliaran', 'di', 'indonesia', 'bongkar', 'terus', 'bang', 'bennix']","['buzzer', 'antek', 'koruptor', 'penghianat', 'bangsa', 'antek', 'asing', 'masih', 'banyak', 'berkeliaran', 'indonesia', 'bongkar', 'terus', 'bang', 'bennix']",buzzer antek koruptor penghianat bangsa antek asing masih banyak liar indonesia bongkar terus bang bennix
"Kocak lu.. 😂
Lu yang gak berpengalaman, Bu Gema Goeryadi yang lu maksud siapa..?
Setahu gua Bapak Gema Goeryadi, salah satu content creator finansial.",@apputuasiburian,0,Netral,Kocak lu Lu yang gak berpengalaman Bu Gema Goeryadi yang lu maksud siapa Setahu gua Bapak Gema Goeryadi salah satu content creator finansial,kocak lu lu yang gak berpengalaman bu gema goeryadi yang lu maksud siapa setahu gua bapak gema goeryadi salah satu content creator finansial,"['kocak', 'lu', 'lu', 'yang', 'gak', 'berpengalaman', 'bu', 'gema', 'goeryadi', 'yang', 'lu', 'maksud', 'siapa', 'setahu', 'gua', 'bapak', 'gema', 'goeryadi', 'salah', 'satu', 'content', 'creator', 'finansial']","['kocak', 'lu', 'lu', 'gak', 'berpengalaman', 'bu', 'gema', 'goeryadi', 'lu', 'maksud', 'siapa', 'setahu', 'gua', 'bapak', 'gema', 'goeryadi', 'salah', 'satu', 'content', 'creator', 'finansial']",kocak lu lu gak alam bu gema goeryadi lu maksud siapa tahu gua bapak gema goeryadi salah satu content creator finansial
"Karena institusi lebih memilih main aman dan mengikuti MSCI aja ya emang fungsinya itu. Pasar tuh memang gampang di arahin rumor ga guna. Contohnya aja kaya share rockstar yang jatuh lumayan dalam gara² ai ngebuat simulasi game yang mereka anggap itu dapat menjatuhkan industri game, tapi akhirnya itu cuma hoax aja",@seanrafabagass,0,Netral,Karena institusi lebih memilih main aman dan mengikuti MSCI aja ya emang fungsinya itu Pasar tuh memang gampang di arahin rumor ga guna Contohnya aja kaya share rockstar yang jatuh lumayan dalam gara ai ngebuat simulasi game yang mereka anggap itu dapat menjatuhkan industri game tapi akhirnya itu cuma hoax aja,karena institusi lebih memilih main aman dan mengikuti msci aja ya emang fungsinya itu pasar tuh memang gampang di arahin rumor ga guna contohnya aja kaya share rockstar yang jatuh lumayan dalam gara ai ngebuat simulasi game yang mereka anggap itu dapat menjatuhkan industri game tapi akhirnya itu cuma hoax aja,"['karena', 'institusi', 'lebih', 'memilih', 'main', 'aman', 'dan', 'mengikuti', 'msci', 'aja', 'ya', 'emang', 'fungsinya', 'itu', 'pasar', 'tuh', 'memang', 'gampang', 'di', 'arahin', 'rumor', 'ga', 'guna', 'contohnya', 'aja', 'kaya', 'share', 'rockstar', 'yang', 'jatuh', 'lumayan', 'dalam', 'gara', 'ai', 'ngebuat', 'simulasi', 'game', 'yang', 'mereka', 'anggap', 'itu', 'dapat', 'menjatuhkan', 'industri', 'game', 'tapi', 'akhirnya', 'itu', 'cuma', 'hoax', 'aja']","['institusi', 'lebih', 'memilih', 'main', 'aman', 'mengikuti', 'msci', 'aja', 'ya', 'emang', 'fungsinya', 'pasar', 'tuh', 'memang', 'gampang', 'arahin', 'rumor', 'ga', 'guna', 'contohnya', 'aja', 'kaya', 'share', 'rockstar', 'jatuh', 'lumayan', 'dalam', 'gara', 'ai', 'ngebuat', 'simulasi', 'game', 'mereka', 'anggap', 'dapat', 'menjatuhkan', 'industri', 'game', 'tapi', 'akhirnya', 'cuma', 'hoax', 'aja']",institusi lebih pilih main aman ikut msci aja ya emang fungsi pasar tuh memang gampang arahin rumor ga guna contoh aja kaya share rockstar jatuh lumayan dalam gara ai ngebuat simulasi game mereka anggap dapat jatuh industri game tapi akhir cuma hoax aja
Semoga Amerika Serikat dan Israel segera dihancurkan oleh Tuhan aamiin,@BujangRantau-t2x,0,Netral,Semoga Amerika Serikat dan Israel segera dihancurkan oleh Tuhan aamiin,semoga amerika serikat dan israel segera dihancurkan oleh tuhan aamiin,"['semoga', 'amerika', 'serikat', 'dan', 'israel', 'segera', 'dihancurkan', 'oleh', 'tuhan', 'aamiin']","['semoga', 'amerika', 'serikat', 'israel', 'segera', 'dihancurkan', 'oleh', 'tuhan', 'aamiin']",moga amerika serikat israel segera hancur oleh tuhan aamiin
"Emg bangke media media penghianat bangsa ini ,f*CK  . peliharaan Joss coros bangke harus di musnahkan om ben",@noerfofficial6875,0,Netral,Emg bangke media media penghianat bangsa ini fCK peliharaan Joss coros bangke harus di musnahkan om ben,emg bangke media media penghianat bangsa ini fck peliharaan joss coros bangke harus di musnahkan om ben,"['emg', 'bangke', 'media', 'media', 'penghianat', 'bangsa', 'ini', 'fck', 'peliharaan', 'joss', 'coros', 'bangke', 'harus', 'di', 'musnahkan', 'om', 'ben']","['emg', 'bangke', 'media', 'media', 'penghianat', 'bangsa', 'fck', 'peliharaan', 'joss', 'coros', 'bangke', 'harus', 'musnahkan', 'om', 'ben']",emg bangke media media penghianat bangsa fck pelihara joss coros bangke harus musnah om ben
"Masalah nya om coba lihat yg di masyarakat bawah , apakah anda ambil data ini? , oleh sebab itu gorengan sangat mudah berefek",@liemkusumohadilukman5445,0,Negatif,Masalah nya om coba lihat yg di masyarakat bawah apakah anda ambil data ini oleh sebab itu gorengan sangat mudah berefek,masalah nya om coba lihat yg di masyarakat bawah apakah anda ambil data ini oleh sebab itu gorengan sangat mudah berefek,"['masalah', 'nya', 'om', 'coba', 'lihat', 'yg', 'di', 'masyarakat', 'bawah', 'apakah', 'anda', 'ambil', 'data', 'ini', 'oleh', 'sebab', 'itu', 'gorengan', 'sangat', 'mudah', 'berefek']","['masalah', 'nya', 'om', 'coba', 'lihat', 'yg', 'masyarakat', 'bawah', 'apakah', 'anda', 'ambil', 'data', 'oleh', 'sebab', 'gorengan', 'sangat', 'mudah', 'berefek']",masalah nya om coba lihat yg masyarakat bawah apakah anda ambil data oleh sebab goreng sangat mudah efek
"Saatnya pemain lokal serok, saat asing kabur",@IswandaId,1,Netral,Saatnya pemain lokal serok saat asing kabur,saatnya pemain lokal serok saat asing kabur,"['saatnya', 'pemain', 'lokal', 'serok', 'saat', 'asing', 'kabur']","['saatnya', 'pemain', 'lokal', 'serok', 'saat', 'asing', 'kabur']",saat main lokal serok saat asing kabur
"Negara Indonesia itu pemerintah ny perampok maling 2koroptor smua 
Lambat laun Indonesia pasti bubar tinggal menunggu waktu saja 😁😁😁",@Kusnadi-z6i8y,0,Netral,Negara Indonesia itu pemerintah ny perampok maling koroptor smua Lambat laun Indonesia pasti bubar tinggal menunggu waktu saja,negara indonesia itu pemerintah ny perampok maling koroptor smua lambat laun indonesia pasti bubar tinggal menunggu waktu saja,"['negara', 'indonesia', 'itu', 'pemerintah', 'ny', 'perampok', 'maling', 'koroptor', 'smua', 'lambat', 'laun', 'indonesia', 'pasti', 'bubar', 'tinggal', 'menunggu', 'waktu', 'saja']","['negara', 'indonesia', 'pemerintah', 'ny', 'perampok', 'maling', 'koroptor', 'smua', 'lambat', 'laun', 'indonesia', 'pasti', 'bubar', 'tinggal', 'menunggu', 'waktu', 'saja']",negara indonesia perintah ny rampok maling koroptor smua lambat laun indonesia pasti bubar tinggal tunggu waktu saja
Geli denger anjing² peliharaan jos soros.. pengamat cap kaki 5..,@diyantara5036,0,Netral,Geli denger anjing peliharaan jos soros pengamat cap kaki,geli denger anjing peliharaan jos soros pengamat cap kaki,"['geli', 'denger', 'anjing', 'peliharaan', 'jos', 'soros', 'pengamat', 'cap', 'kaki']","['geli', 'denger', 'anjing', 'peliharaan', 'jos', 'soros', 'pengamat', 'cap', 'kaki']",geli denger anjing pelihara jos soros amat cap kaki
"Something wrong with media indonesia, hrs diatur sama pemerintah biar gak memberitakan hal2 yg hoax dan gak bener, minimal ada sanksi buat persh nya",@sakas9653,0,Netral,Something wrong with media indonesia hrs diatur sama pemerintah biar gak memberitakan hal yg hoax dan gak bener minimal ada sanksi buat persh nya,something wrong with media indonesia hrs diatur sama pemerintah biar gak memberitakan hal yg hoax dan gak bener minimal ada sanksi buat persh nya,"['something', 'wrong', 'with', 'media', 'indonesia', 'hrs', 'diatur', 'sama', 'pemerintah', 'biar', 'gak', 'memberitakan', 'hal', 'yg', 'hoax', 'dan', 'gak', 'bener', 'minimal', 'ada', 'sanksi', 'buat', 'persh', 'nya']","['something', 'wrong', 'with', 'media', 'indonesia', 'hrs', 'diatur', 'sama', 'pemerintah', 'biar', 'gak', 'memberitakan', 'hal', 'yg', 'hoax', 'gak', 'bener', 'minimal', 'ada', 'sanksi', 'buat', 'persh', 'nya']",something wrong with media indonesia hrs atur sama perintah biar gak berita hal yg hoax gak bener minimal ada sanksi buat persh nya
"Investor juga manusia,punya rasa punya hati,jangan samakan dengan,,,pisau belati",@singgihFD-i3q,0,Netral,Investor juga manusiapunya rasa punya hatijangan samakan denganpisau belati,investor juga manusiapunya rasa punya hatijangan samakan denganpisau belati,"['investor', 'juga', 'manusiapunya', 'rasa', 'punya', 'hatijangan', 'samakan', 'denganpisau', 'belati']","['investor', 'manusiapunya', 'rasa', 'punya', 'hatijangan', 'samakan', 'denganpisau', 'belati']",investor manusiapunya rasa punya hatijangan sama denganpisau belati
Masa sih gak ada pasal² pidana untuk menuntut pertanggungjawaban media yang menyebar berita bohong seperti itu??? Selemah itukah hukum kita???,@bitethebullet2,0,Negatif,Masa sih gak ada pasal pidana untuk menuntut pertanggungjawaban media yang menyebar berita bohong seperti itu Selemah itukah hukum kita,masa sih gak ada pasal pidana untuk menuntut pertanggungjawaban media yang menyebar berita bohong seperti itu selemah itukah hukum kita,"['masa', 'sih', 'gak', 'ada', 'pasal', 'pidana', 'untuk', 'menuntut', 'pertanggungjawaban', 'media', 'yang', 'menyebar', 'berita', 'bohong', 'seperti', 'itu', 'selemah', 'itukah', 'hukum', 'kita']","['masa', 'sih', 'gak', 'ada', 'pasal', 'pidana', 'menuntut', 'pertanggungjawaban', 'media', 'menyebar', 'berita', 'bohong', 'seperti', 'selemah', 'itukah', 'hukum']",masa sih gak ada pasal pidana tuntut pertanggungjawaban media sebar berita bohong seperti lemah itu hukum
Loker jasi buzzer dong. Pls,@rakyatbiasa837,1,Netral,Loker jasi buzzer dong Pls,loker jasi buzzer dong pls,"['loker', 'jasi', 'buzzer', 'dong', 'pls']","['loker', 'jasi', 'buzzer', 'dong', 'pls']",loker jas buzzer dong pls
Om.. Ditunggu live nyaa... 😂,@KhafitriLestari,0,Netral,Om Ditunggu live nyaa,om ditunggu live nyaa,"['om', 'ditunggu', 'live', 'nyaa']","['om', 'ditunggu', 'live', 'nyaa']",om tunggu live nyaa
Terlalu besar negara ini ke frontier market,@sf2gaming763,0,Netral,Terlalu besar negara ini ke frontier market,terlalu besar negara ini ke frontier market,"['terlalu', 'besar', 'negara', 'ini', 'ke', 'frontier', 'market']","['terlalu', 'besar', 'negara', 'frontier', 'market']",terlalu besar negara frontier market
"Premanisme begal, korupsi, nepotisme dan kolusi bang 😢😢😢 belum lagi banyak politik identitas agama yang bikin tidak kondusif",@ejs7861,0,Negatif,Premanisme begal korupsi nepotisme dan kolusi bang belum lagi banyak politik identitas agama yang bikin tidak kondusif,premanisme begal korupsi nepotisme dan kolusi bang belum lagi banyak politik identitas agama yang bikin tidak kondusif,"['premanisme', 'begal', 'korupsi', 'nepotisme', 'dan', 'kolusi', 'bang', 'belum', 'lagi', 'banyak', 'politik', 'identitas', 'agama', 'yang', 'bikin', 'tidak', 'kondusif']","['premanisme', 'begal', 'korupsi', 'nepotisme', 'kolusi', 'bang', 'belum', 'lagi', 'banyak', 'politik', 'identitas', 'agama', 'bikin', 'tidak', 'kondusif']",preman begal korupsi nepotisme kolusi bang belum lagi banyak politik identitas agama bikin tidak kondusif
"Memurut saya berhentilah menyalah kan  Singapur, si soros. Klo bukan karena org di pemerintahan berkhianat kepada bangsa bisa apa mereka. Coba hukum mati koruptor n miskinkan , cabut izin perusahaan yg merugikan negara. Jangan wajah jelek cermin di belah.",@me-n-mychannel,0,Negatif,Memurut saya berhentilah menyalah kan Singapur si soros Klo bukan karena org di pemerintahan berkhianat kepada bangsa bisa apa mereka Coba hukum mati koruptor n miskinkan cabut izin perusahaan yg merugikan negara Jangan wajah jelek cermin di belah,memurut saya berhentilah menyalah kan singapur si soros klo bukan karena org di pemerintahan berkhianat kepada bangsa bisa apa mereka coba hukum mati koruptor n miskinkan cabut izin perusahaan yg merugikan negara jangan wajah jelek cermin di belah,"['memurut', 'saya', 'berhentilah', 'menyalah', 'kan', 'singapur', 'si', 'soros', 'klo', 'bukan', 'karena', 'org', 'di', 'pemerintahan', 'berkhianat', 'kepada', 'bangsa', 'bisa', 'apa', 'mereka', 'coba', 'hukum', 'mati', 'koruptor', 'n', 'miskinkan', 'cabut', 'izin', 'perusahaan', 'yg', 'merugikan', 'negara', 'jangan', 'wajah', 'jelek', 'cermin', 'di', 'belah']","['memurut', 'berhentilah', 'menyalah', 'kan', 'singapur', 'si', 'soros', 'klo', 'bukan', 'org', 'pemerintahan', 'berkhianat', 'kepada', 'bangsa', 'bisa', 'apa', 'mereka', 'coba', 'hukum', 'mati', 'koruptor', 'n', 'miskinkan', 'cabut', 'izin', 'perusahaan', 'yg', 'merugikan', 'negara', 'jangan', 'wajah', 'jelek', 'cermin', 'belah']",purut henti salah kan singapur si soros klo bukan org perintah khianat kepada bangsa bisa apa mereka coba hukum mati koruptor n miskin cabut izin usaha yg rugi negara jangan wajah jelek cermin belah
"SALAH INFORMASI bukan hanya terjadi disektor pasar modal tapi SELURUH SEKTOR bahkan Undang Undang Dasar juga NGIBUL.
Sejauh ini yang Ane LIHAT situs situs PLAT MERAH menghalangi DATA ASLI dimasukin dan mempromosikan PEMALSUAN DATA ke pihak swasta. 
Jika DATA ASLI dimasukin ke JARINGAN akan BENTROK dengan DATA PALSU yang dimasukin sejak tahun 1940. 
Indonesia BERDIRI tanggal 17 Agustus 1945 tapi ROEPIAH lebih awal 5 tahun.",@ridhoabud9216,0,Netral,SALAH INFORMASI bukan hanya terjadi disektor pasar modal tapi SELURUH SEKTOR bahkan Undang Undang Dasar juga NGIBUL Sejauh ini yang Ane LIHAT situs situs PLAT MERAH menghalangi DATA ASLI dimasukin dan mempromosikan PEMALSUAN DATA ke pihak swasta Jika DATA ASLI dimasukin ke JARINGAN akan BENTROK dengan DATA PALSU yang dimasukin sejak tahun Indonesia BERDIRI tanggal Agustus tapi ROEPIAH lebih awal tahun,salah informasi bukan hanya terjadi disektor pasar modal tapi seluruh sektor bahkan undang undang dasar juga ngibul sejauh ini yang ane lihat situs situs plat merah menghalangi data asli dimasukin dan mempromosikan pemalsuan data ke pihak swasta jika data asli dimasukin ke jaringan akan bentrok dengan data palsu yang dimasukin sejak tahun indonesia berdiri tanggal agustus tapi roepiah lebih awal tahun,"['salah', 'informasi', 'bukan', 'hanya', 'terjadi', 'disektor', 'pasar', 'modal', 'tapi', 'seluruh', 'sektor', 'bahkan', 'undang', 'undang', 'dasar', 'juga', 'ngibul', 'sejauh', 'ini', 'yang', 'ane', 'lihat', 'situs', 'situs', 'plat', 'merah', 'menghalangi', 'data', 'asli', 'dimasukin', 'dan', 'mempromosikan', 'pemalsuan', 'data', 'ke', 'pihak', 'swasta', 'jika', 'data', 'asli', 'dimasukin', 'ke', 'jaringan', 'akan', 'bentrok', 'dengan', 'data', 'palsu', 'yang', 'dimasukin', 'sejak', 'tahun', 'indonesia', 'berdiri', 'tanggal', 'agustus', 'tapi', 'roepiah', 'lebih', 'awal', 'tahun']","['salah', 'informasi', 'bukan', 'hanya', 'terjadi', 'disektor', 'pasar', 'modal', 'tapi', 'seluruh', 'sektor', 'bahkan', 'undang', 'undang', 'dasar', 'ngibul', 'sejauh', 'ane', 'lihat', 'situs', 'situs', 'plat', 'merah', 'menghalangi', 'data', 'asli', 'dimasukin', 'mempromosikan', 'pemalsuan', 'data', 'pihak', 'swasta', 'jika', 'data', 'asli', 'dimasukin', 'jaringan', 'akan', 'bentrok', 'data', 'palsu', 'dimasukin', 'sejak', 'tahun', 'indonesia', 'berdiri', 'tanggal', 'agustus', 'tapi', 'roepiah', 'lebih', 'awal', 'tahun']",salah informasi bukan hanya jadi sektor pasar modal tapi seluruh sektor bahkan undang undang dasar ngibul jauh ane lihat situs situs plat merah halang data asli dimasukin promosi palsu data pihak swasta jika data asli dimasukin jaring akan bentrok data palsu dimasukin sejak tahun indonesia diri tanggal agustus tapi roepiah lebih awal tahun
0:44,@syifaaathirah937,0,Netral,,,[],[],
Bangsa sendri buat hal malah salahin negara lain😂kalau macam ni la sampai ke mati xmaju2😂bangsa mu mudah percaya dan suka nyajong sujud org2 atas dan kaya😂,@faizalislam5935,0,Netral,Bangsa sendri buat hal malah salahin negara lainkalau macam ni la sampai ke mati xmajubangsa mu mudah percaya dan suka nyajong sujud org atas dan kaya,bangsa sendri buat hal malah salahin negara lainkalau macam ni la sampai ke mati xmajubangsa mu mudah percaya dan suka nyajong sujud org atas dan kaya,"['bangsa', 'sendri', 'buat', 'hal', 'malah', 'salahin', 'negara', 'lainkalau', 'macam', 'ni', 'la', 'sampai', 'ke', 'mati', 'xmajubangsa', 'mu', 'mudah', 'percaya', 'dan', 'suka', 'nyajong', 'sujud', 'org', 'atas', 'dan', 'kaya']","['bangsa', 'sendri', 'buat', 'hal', 'malah', 'salahin', 'negara', 'lainkalau', 'macam', 'ni', 'la', 'sampai', 'mati', 'xmajubangsa', 'mu', 'mudah', 'percaya', 'suka', 'nyajong', 'sujud', 'org', 'atas', 'kaya']",bangsa sendri buat hal malah salahin negara lainkalau macam ni la sampai mati xmajubangsa mu mudah percaya suka nyajong sujud org atas kaya
"Jujur mau tanya, bisa gak sih perintah bubarkan media tempo ato cabut izinnya",@Miari_Kalteng,0,Netral,Jujur mau tanya bisa gak sih perintah bubarkan media tempo ato cabut izinnya,jujur mau tanya bisa gak sih perintah bubarkan media tempo ato cabut izinnya,"['jujur', 'mau', 'tanya', 'bisa', 'gak', 'sih', 'perintah', 'bubarkan', 'media', 'tempo', 'ato', 'cabut', 'izinnya']","['jujur', 'mau', 'tanya', 'bisa', 'gak', 'sih', 'perintah', 'bubarkan', 'media', 'tempo', 'ato', 'cabut', 'izinnya']",jujur mau tanya bisa gak sih perintah bubar media tempo ato cabut izin
SIKAT PENGKHIANAT2  BANGSA INI.... MEREKALAH PERUSUH DINEGARA INI,@herusi3210,0,Netral,SIKAT PENGKHIANAT BANGSA INI MEREKALAH PERUSUH DINEGARA INI,sikat pengkhianat bangsa ini merekalah perusuh dinegara ini,"['sikat', 'pengkhianat', 'bangsa', 'ini', 'merekalah', 'perusuh', 'dinegara', 'ini']","['sikat', 'pengkhianat', 'bangsa', 'merekalah', 'perusuh', 'dinegara']",sikat khianat bangsa mereka rusuh negara
"Eh bennix buat malu orang Batak kau, enteng banget kau bilang rupiah melemah itu bagus menuju negara maju eh marga apa kau bujang",@jokercard4989,0,Positif,Eh bennix buat malu orang Batak kau enteng banget kau bilang rupiah melemah itu bagus menuju negara maju eh marga apa kau bujang,eh bennix buat malu orang batak kau enteng banget kau bilang rupiah melemah itu bagus menuju negara maju eh marga apa kau bujang,"['eh', 'bennix', 'buat', 'malu', 'orang', 'batak', 'kau', 'enteng', 'banget', 'kau', 'bilang', 'rupiah', 'melemah', 'itu', 'bagus', 'menuju', 'negara', 'maju', 'eh', 'marga', 'apa', 'kau', 'bujang']","['eh', 'bennix', 'buat', 'malu', 'orang', 'batak', 'kau', 'enteng', 'banget', 'kau', 'bilang', 'rupiah', 'melemah', 'bagus', 'menuju', 'negara', 'maju', 'eh', 'marga', 'apa', 'kau', 'bujang']",eh bennix buat malu orang batak kau enteng banget kau bilang rupiah lemah bagus tuju negara maju eh marga apa kau bujang
"TRIMAKASIH ATAS PENCERAHANNYA BENNI.... 
MANTAP DATA DAN ULASAN LHO... 
SUCCES FOR YOU...",@herusi3210,0,Positif,TRIMAKASIH ATAS PENCERAHANNYA BENNI MANTAP DATA DAN ULASAN LHO SUCCES FOR YOU,trimakasih atas pencerahannya benni mantap data dan ulasan lho succes for you,"['trimakasih', 'atas', 'pencerahannya', 'benni', 'mantap', 'data', 'dan', 'ulasan', 'lho', 'succes', 'for', 'you']","['trimakasih', 'atas', 'pencerahannya', 'benni', 'mantap', 'data', 'ulasan', 'lho', 'succes', 'for', 'you']",trimakasih atas cerah benni mantap data ulas lho succes for you
Sampai dijelasin kayak anak bayi begini om wkwkwkwk,@nathan9760,0,Netral,Sampai dijelasin kayak anak bayi begini om wkwkwkwk,sampai dijelasin kayak anak bayi begini om wkwkwkwk,"['sampai', 'dijelasin', 'kayak', 'anak', 'bayi', 'begini', 'om', 'wkwkwkwk']","['sampai', 'dijelasin', 'kayak', 'anak', 'bayi', 'begini', 'om', 'wkwkwkwk']",sampai dijelasin kayak anak bayi begini om wkwkwkwk
"Ada dana ratusan milyaar cair yuan dan sing dollar 25juta
.udh masuk indonesia..siap invest saham indonesia. Sisa untung 500milyar tunai blm dipakai..400m udh invest. Rugi 12 roll royce phantom since januari",@agungutama2613,0,Netral,Ada dana ratusan milyaar cair yuan dan sing dollar juta udh masuk indonesiasiap invest saham indonesia Sisa untung milyar tunai blm dipakaim udh invest Rugi roll royce phantom since januari,ada dana ratusan milyaar cair yuan dan sing dollar juta udh masuk indonesiasiap invest saham indonesia sisa untung milyar tunai blm dipakaim udh invest rugi roll royce phantom since januari,"['ada', 'dana', 'ratusan', 'milyaar', 'cair', 'yuan', 'dan', 'sing', 'dollar', 'juta', 'udh', 'masuk', 'indonesiasiap', 'invest', 'saham', 'indonesia', 'sisa', 'untung', 'milyar', 'tunai', 'blm', 'dipakaim', 'udh', 'invest', 'rugi', 'roll', 'royce', 'phantom', 'since', 'januari']","['ada', 'dana', 'ratusan', 'milyaar', 'cair', 'yuan', 'sing', 'dollar', 'juta', 'udh', 'masuk', 'indonesiasiap', 'invest', 'saham', 'indonesia', 'sisa', 'untung', 'milyar', 'tunai', 'blm', 'dipakaim', 'udh', 'invest', 'rugi', 'roll', 'royce', 'phantom', 'since', 'januari']",ada dana ratus milyaar cair yuan sing dollar juta udh masuk indonesiasiap invest saham indonesia sisa untung milyar tunai blm dipakaim udh invest rugi roll royce phantom since januari
Boikot singapure,@makhfudifudi7956,0,Netral,Boikot singapure,boikot singapure,"['boikot', 'singapure']","['boikot', 'singapure']",boikot singapure
yang komentar indonesia gelap Konoha hancur fix iq gorilla,@Tejoo-v4e,0,Netral,yang komentar indonesia gelap Konoha hancur fix iq gorilla,yang komentar indonesia gelap konoha hancur fix iq gorilla,"['yang', 'komentar', 'indonesia', 'gelap', 'konoha', 'hancur', 'fix', 'iq', 'gorilla']","['komentar', 'indonesia', 'gelap', 'konoha', 'hancur', 'fix', 'iq', 'gorilla']",komentar indonesia gelap konoha hancur fix iq gorilla
"Mungkin kebanyakan orang pinter di negara ini kurang rasa nasionalis/cinta tanah air sehingga mudah di adu domba, cuci otak, disuap dan sejenisnya yg bikin negara sulit untuk maju",@BagoesDahono,1,Netral,Mungkin kebanyakan orang pinter di negara ini kurang rasa nasionaliscinta tanah air sehingga mudah di adu domba cuci otak disuap dan sejenisnya yg bikin negara sulit untuk maju,mungkin kebanyakan orang pinter di negara ini kurang rasa nasionaliscinta tanah air sehingga mudah di adu domba cuci otak disuap dan sejenisnya yg bikin negara sulit untuk maju,"['mungkin', 'kebanyakan', 'orang', 'pinter', 'di', 'negara', 'ini', 'kurang', 'rasa', 'nasionaliscinta', 'tanah', 'air', 'sehingga', 'mudah', 'di', 'adu', 'domba', 'cuci', 'otak', 'disuap', 'dan', 'sejenisnya', 'yg', 'bikin', 'negara', 'sulit', 'untuk', 'maju']","['mungkin', 'kebanyakan', 'orang', 'pinter', 'negara', 'kurang', 'rasa', 'nasionaliscinta', 'tanah', 'air', 'sehingga', 'mudah', 'adu', 'domba', 'cuci', 'otak', 'disuap', 'sejenisnya', 'yg', 'bikin', 'negara', 'sulit', 'maju']",mungkin banyak orang pinter negara kurang rasa nasionaliscinta tanah air sehingga mudah adu domba cuci otak suap jenis yg bikin negara sulit maju
"Aplikasi sarang MONYET banyak sekali akun orang THOLOL yang tiba tiba menjadi media dadakan ......
Narasi di buat pakai chat gpt,gambar di buat pakai chat gpt juga......
Target mereka fyp supaya cepat di Monet.....( Menurut isi otak mereka)

#jangkauanluas #salaminteraksi",@manganturutok,0,Netral,Aplikasi sarang MONYET banyak sekali akun orang THOLOL yang tiba tiba menjadi media dadakan Narasi di buat pakai chat gptgambar di buat pakai chat gpt juga Target mereka fyp supaya cepat di Monet Menurut isi otak mereka,aplikasi sarang monyet banyak sekali akun orang tholol yang tiba tiba menjadi media dadakan narasi di buat pakai chat gptgambar di buat pakai chat gpt juga target mereka fyp supaya cepat di monet menurut isi otak mereka,"['aplikasi', 'sarang', 'monyet', 'banyak', 'sekali', 'akun', 'orang', 'tholol', 'yang', 'tiba', 'tiba', 'menjadi', 'media', 'dadakan', 'narasi', 'di', 'buat', 'pakai', 'chat', 'gptgambar', 'di', 'buat', 'pakai', 'chat', 'gpt', 'juga', 'target', 'mereka', 'fyp', 'supaya', 'cepat', 'di', 'monet', 'menurut', 'isi', 'otak', 'mereka']","['aplikasi', 'sarang', 'monyet', 'banyak', 'sekali', 'akun', 'orang', 'tholol', 'tiba', 'tiba', 'menjadi', 'media', 'dadakan', 'narasi', 'buat', 'pakai', 'chat', 'gptgambar', 'buat', 'pakai', 'chat', 'gpt', 'target', 'mereka', 'fyp', 'supaya', 'cepat', 'monet', 'menurut', 'isi', 'otak', 'mereka']",aplikasi sarang monyet banyak sekali akun orang tholol tiba tiba jadi media dada narasi buat pakai chat gptgambar buat pakai chat gpt target mereka fyp supaya cepat monet turut isi otak mereka
Belakangan banyak Hoax banyak demo2 aneh…,@pramandhawidyeswara9131,0,Netral,Belakangan banyak Hoax banyak demo aneh,belakangan banyak hoax banyak demo aneh,"['belakangan', 'banyak', 'hoax', 'banyak', 'demo', 'aneh']","['belakangan', 'banyak', 'hoax', 'banyak', 'demo', 'aneh']",belakang banyak hoax banyak demo aneh
Makanya paling mls baca komen2 netijen bodoh gk faham gk ngerti tapi bacot doang. Bikin gaduh,@mylive9460,0,Netral,Makanya paling mls baca komen netijen bodoh gk faham gk ngerti tapi bacot doang Bikin gaduh,makanya paling mls baca komen netijen bodoh gk faham gk ngerti tapi bacot doang bikin gaduh,"['makanya', 'paling', 'mls', 'baca', 'komen', 'netijen', 'bodoh', 'gk', 'faham', 'gk', 'ngerti', 'tapi', 'bacot', 'doang', 'bikin', 'gaduh']","['makanya', 'paling', 'mls', 'baca', 'komen', 'netijen', 'bodoh', 'gk', 'faham', 'gk', 'ngerti', 'tapi', 'bacot', 'doang', 'bikin', 'gaduh']",makanya paling mls baca komen netijen bodoh gk faham gk ngerti tapi bacot doang bikin gaduh
"Lu suka bikin HOAX tentang kebenaran yang bagus negara luar negara tetangga negara2 maju..Giliran tentang negara Indonesia yang hancur,terpuruk,gak bisa apa2 lu gak ngomong lu kata semuanya bagus2 aja yg terbaik aja..otak lu otak kosong",@KepalaRoti88,0,Positif,Lu suka bikin HOAX tentang kebenaran yang bagus negara luar negara tetangga negara majuGiliran tentang negara Indonesia yang hancurterpurukgak bisa apa lu gak ngomong lu kata semuanya bagus aja yg terbaik ajaotak lu otak kosong,lu suka bikin hoax tentang kebenaran yang bagus negara luar negara tetangga negara majugiliran tentang negara indonesia yang hancurterpurukgak bisa apa lu gak ngomong lu kata semuanya bagus aja yg terbaik ajaotak lu otak kosong,"['lu', 'suka', 'bikin', 'hoax', 'tentang', 'kebenaran', 'yang', 'bagus', 'negara', 'luar', 'negara', 'tetangga', 'negara', 'majugiliran', 'tentang', 'negara', 'indonesia', 'yang', 'hancurterpurukgak', 'bisa', 'apa', 'lu', 'gak', 'ngomong', 'lu', 'kata', 'semuanya', 'bagus', 'aja', 'yg', 'terbaik', 'ajaotak', 'lu', 'otak', 'kosong']","['lu', 'suka', 'bikin', 'hoax', 'tentang', 'kebenaran', 'bagus', 'negara', 'luar', 'negara', 'tetangga', 'negara', 'majugiliran', 'tentang', 'negara', 'indonesia', 'hancurterpurukgak', 'bisa', 'apa', 'lu', 'gak', 'ngomong', 'lu', 'kata', 'semuanya', 'bagus', 'aja', 'yg', 'terbaik', 'ajaotak', 'lu', 'otak', 'kosong']",lu suka bikin hoax tentang benar bagus negara luar negara tetangga negara majugiliran tentang negara indonesia hancurterpurukgak bisa apa lu gak ngomong lu kata semua bagus aja yg baik ajaotak lu otak kosong
"Harus sadar ,yang suka hoaks

Keterbukaan itu untuk kebaikan ekonomi kita


Trima kasih 👍🏻
God Blees 🙏🏻",@lidyamramra3917,0,Positif,Harus sadar yang suka hoaks Keterbukaan itu untuk kebaikan ekonomi kita Trima kasih God Blees,harus sadar yang suka hoaks keterbukaan itu untuk kebaikan ekonomi kita trima kasih god blees,"['harus', 'sadar', 'yang', 'suka', 'hoaks', 'keterbukaan', 'itu', 'untuk', 'kebaikan', 'ekonomi', 'kita', 'trima', 'kasih', 'god', 'blees']","['harus', 'sadar', 'suka', 'hoaks', 'keterbukaan', 'kebaikan', 'ekonomi', 'trima', 'kasih', 'god', 'blees']",harus sadar suka hoaks buka baik ekonomi trima kasih god blees
"Bang bahas mati lampu bergilir dong,kek nya seru🙏",@lea_umbrella88,0,Netral,Bang bahas mati lampu bergilir dongkek nya seru,bang bahas mati lampu bergilir dongkek nya seru,"['bang', 'bahas', 'mati', 'lampu', 'bergilir', 'dongkek', 'nya', 'seru']","['bang', 'bahas', 'mati', 'lampu', 'bergilir', 'dongkek', 'nya', 'seru']",bang bahas mati lampu gilir dongkek nya seru
semoga yg namanya jors Soros CPT hilang dari muka bumi... aamiin,@supriantomanto4449,0,Netral,semoga yg namanya jors Soros CPT hilang dari muka bumi aamiin,semoga yg namanya jors soros cpt hilang dari muka bumi aamiin,"['semoga', 'yg', 'namanya', 'jors', 'soros', 'cpt', 'hilang', 'dari', 'muka', 'bumi', 'aamiin']","['semoga', 'yg', 'namanya', 'jors', 'soros', 'cpt', 'hilang', 'muka', 'bumi', 'aamiin']",moga yg nama jors soros cpt hilang muka bumi aamiin
"SIMPLE CARA NYA ... WAJIBKAN SEMUA EMITEN BERDIVIDEN MINIMAL 10% .... DENGAN SENDIRI NYA BERSIH TUH BURSA DARI SAHAM SAHAM GORENGAN ... EMITEN GORENGAN AKAN TIDAK BISA BERTAHAN DI BURSA KARENA SESUNGGUH NYA KEUANGAN MEREKA TIDAK ADA UNTUK MEMBAYAR DIVIDEN ..... TUJUAN NYA MEMANG CARI MODAL GRATISAN   

TANPA PERLU DIBERSIH KAN .... TANPA PERLU DIATUR ..... SYARAT NYA CUMA SATU .... WAJIBKAN DIVIDEN MINIMAL 10% ..... AUTO BEST OF THE BEST EMITEN EMITEN DI IHSG ...... KARENA EMITEN EMITEN YANG ENGGAK BISA PENUHI SYARAT NYA AUTO TERDEPAK DARI IHSG",@ARDI1980YANTO,0,Netral,SIMPLE CARA NYA WAJIBKAN SEMUA EMITEN BERDIVIDEN MINIMAL DENGAN SENDIRI NYA BERSIH TUH BURSA DARI SAHAM SAHAM GORENGAN EMITEN GORENGAN AKAN TIDAK BISA BERTAHAN DI BURSA KARENA SESUNGGUH NYA KEUANGAN MEREKA TIDAK ADA UNTUK MEMBAYAR DIVIDEN TUJUAN NYA MEMANG CARI MODAL GRATISAN TANPA PERLU DIBERSIH KAN TANPA PERLU DIATUR SYARAT NYA CUMA SATU WAJIBKAN DIVIDEN MINIMAL AUTO BEST OF THE BEST EMITEN EMITEN DI IHSG KARENA EMITEN EMITEN YANG ENGGAK BISA PENUHI SYARAT NYA AUTO TERDEPAK DARI IHSG,simple cara nya wajibkan semua emiten berdividen minimal dengan sendiri nya bersih tuh bursa dari saham saham gorengan emiten gorengan akan tidak bisa bertahan di bursa karena sesungguh nya keuangan mereka tidak ada untuk membayar dividen tujuan nya memang cari modal gratisan tanpa perlu dibersih kan tanpa perlu diatur syarat nya cuma satu wajibkan dividen minimal auto best of the best emiten emiten di ihsg karena emiten emiten yang enggak bisa penuhi syarat nya auto terdepak dari ihsg,"['simple', 'cara', 'nya', 'wajibkan', 'semua', 'emiten', 'berdividen', 'minimal', 'dengan', 'sendiri', 'nya', 'bersih', 'tuh', 'bursa', 'dari', 'saham', 'saham', 'gorengan', 'emiten', 'gorengan', 'akan', 'tidak', 'bisa', 'bertahan', 'di', 'bursa', 'karena', 'sesungguh', 'nya', 'keuangan', 'mereka', 'tidak', 'ada', 'untuk', 'membayar', 'dividen', 'tujuan', 'nya', 'memang', 'cari', 'modal', 'gratisan', 'tanpa', 'perlu', 'dibersih', 'kan', 'tanpa', 'perlu', 'diatur', 'syarat', 'nya', 'cuma', 'satu', 'wajibkan', 'dividen', 'minimal', 'auto', 'best', 'of', 'the', 'best', 'emiten', 'emiten', 'di', 'ihsg', 'karena', 'emiten', 'emiten', 'yang', 'enggak', 'bisa', 'penuhi', 'syarat', 'nya', 'auto', 'terdepak', 'dari', 'ihsg']","['simple', 'cara', 'nya', 'wajibkan', 'semua', 'emiten', 'berdividen', 'minimal', 'sendiri', 'nya', 'bersih', 'tuh', 'bursa', 'saham', 'saham', 'gorengan', 'emiten', 'gorengan', 'akan', 'tidak', 'bisa', 'bertahan', 'bursa', 'sesungguh', 'nya', 'keuangan', 'mereka', 'tidak', 'ada', 'membayar', 'dividen', 'tujuan', 'nya', 'memang', 'cari', 'modal', 'gratisan', 'tanpa', 'perlu', 'dibersih', 'kan', 'tanpa', 'perlu', 'diatur', 'syarat', 'nya', 'cuma', 'satu', 'wajibkan', 'dividen', 'minimal', 'auto', 'best', 'of', 'the', 'best', 'emiten', 'emiten', 'ihsg', 'emiten', 'emiten', 'enggak', 'bisa', 'penuhi', 'syarat', 'nya', 'auto', 'terdepak', 'ihsg']",simple cara nya wajib semua emiten dividen minimal sendiri nya bersih tuh bursa saham saham goreng emiten goreng akan tidak bisa tahan bursa sungguh nya uang mereka tidak ada bayar dividen tuju nya memang cari modal gratis tanpa perlu bersih kan tanpa perlu atur syarat nya cuma satu wajib dividen minimal auto best of the best emiten emiten ihsg emiten emiten enggak bisa penuh syarat nya auto depak ihsg
bro besok 23 Juni Indo masuk frontier market yeahhhh baby... IHSG back to 4000,@andrewstephen6493,0,Netral,bro besok Juni Indo masuk frontier market yeahhhh baby IHSG back to,bro besok juni indo masuk frontier market yeahhhh baby ihsg back to,"['bro', 'besok', 'juni', 'indo', 'masuk', 'frontier', 'market', 'yeahhhh', 'baby', 'ihsg', 'back', 'to']","['bro', 'besok', 'juni', 'indo', 'masuk', 'frontier', 'market', 'yeahhhh', 'baby', 'ihsg', 'back', 'to']",bro besok juni indo masuk frontier market yeahhhh baby ihsg back to
#sellsingapore,@aceprustandi8700,0,Netral,,,[],[],
"Gilak... menambah wawasan berpikir.
Tengyu banget pak Bennix",@issai_Betmut,0,Netral,Gilak menambah wawasan berpikir Tengyu banget pak Bennix,gilak menambah wawasan berpikir tengyu banget pak bennix,"['gilak', 'menambah', 'wawasan', 'berpikir', 'tengyu', 'banget', 'pak', 'bennix']","['gilak', 'menambah', 'wawasan', 'berpikir', 'tengyu', 'banget', 'pak', 'bennix']",gilak tambah wawas pikir tengyu banget pak bennix
02:34 😂,@kupiahburuk4012,0,Netral,,,[],[],
"Ben,...Bahas juga pelamahan nilai mata uang kita di seluaruh asiavtenggara kita yg paling banyak penurunan mata uang kita
Itu yg paling berasa buat kalangan menengah kebawah",@ruslanlisa1880,0,Netral,BenBahas juga pelamahan nilai mata uang kita di seluaruh asiavtenggara kita yg paling banyak penurunan mata uang kita Itu yg paling berasa buat kalangan menengah kebawah,benbahas juga pelamahan nilai mata uang kita di seluaruh asiavtenggara kita yg paling banyak penurunan mata uang kita itu yg paling berasa buat kalangan menengah kebawah,"['benbahas', 'juga', 'pelamahan', 'nilai', 'mata', 'uang', 'kita', 'di', 'seluaruh', 'asiavtenggara', 'kita', 'yg', 'paling', 'banyak', 'penurunan', 'mata', 'uang', 'kita', 'itu', 'yg', 'paling', 'berasa', 'buat', 'kalangan', 'menengah', 'kebawah']","['benbahas', 'pelamahan', 'nilai', 'mata', 'uang', 'seluaruh', 'asiavtenggara', 'yg', 'paling', 'banyak', 'penurunan', 'mata', 'uang', 'yg', 'paling', 'berasa', 'buat', 'kalangan', 'menengah', 'kebawah']",benbahas pelamahan nilai mata uang seluaruh asiavtenggara yg paling banyak turun mata uang yg paling asa buat kalang tengah bawah
Budaya Orang2 Indonesia Sukah Ceding alias tidak Jujur Susah Mendapatkan Information yg Valid itu Masalanya 😂,@johnlonda5415,0,Netral,Budaya Orang Indonesia Sukah Ceding alias tidak Jujur Susah Mendapatkan Information yg Valid itu Masalanya,budaya orang indonesia sukah ceding alias tidak jujur susah mendapatkan information yg valid itu masalanya,"['budaya', 'orang', 'indonesia', 'sukah', 'ceding', 'alias', 'tidak', 'jujur', 'susah', 'mendapatkan', 'information', 'yg', 'valid', 'itu', 'masalanya']","['budaya', 'orang', 'indonesia', 'sukah', 'ceding', 'alias', 'tidak', 'jujur', 'susah', 'mendapatkan', 'information', 'yg', 'valid', 'masalanya']",budaya orang indonesia sukah ceding alias tidak jujur susah dapat information yg valid masala
Udah gak sabar ngelihat banyak pengangguran di Indonesia,@AniYatisukaesihOppoA3sopi,0,Netral,Udah gak sabar ngelihat banyak pengangguran di Indonesia,udah gak sabar ngelihat banyak pengangguran di indonesia,"['udah', 'gak', 'sabar', 'ngelihat', 'banyak', 'pengangguran', 'di', 'indonesia']","['udah', 'gak', 'sabar', 'ngelihat', 'banyak', 'pengangguran', 'indonesia']",udah gak sabar ngelihat banyak anggur indonesia
Mantap bng mendidik sekali😊,@Rudi-tg1vs,0,Positif,Mantap bng mendidik sekali,mantap bng mendidik sekali,"['mantap', 'bng', 'mendidik', 'sekali']","['mantap', 'bng', 'mendidik', 'sekali']",mantap bng didik sekali
"Bang Ben dulu punya saran buat pemerintah gini gw inget: dasar IMF tuh jahat, nyuruh naikin suku bunga, pdhl itu akan mempersulit, malah bikin ancur, justru harusnya suku bunga turun, hutang d permudah. Tp bang, suku bunga malah naik, gmn pendapatnya bang? Ilmu gratisnya tolong bang",@argiasrimustika6867,0,Netral,Bang Ben dulu punya saran buat pemerintah gini gw inget dasar IMF tuh jahat nyuruh naikin suku bunga pdhl itu akan mempersulit malah bikin ancur justru harusnya suku bunga turun hutang d permudah Tp bang suku bunga malah naik gmn pendapatnya bang Ilmu gratisnya tolong bang,bang ben dulu punya saran buat pemerintah gini gw inget dasar imf tuh jahat nyuruh naikin suku bunga pdhl itu akan mempersulit malah bikin ancur justru harusnya suku bunga turun hutang d permudah tp bang suku bunga malah naik gmn pendapatnya bang ilmu gratisnya tolong bang,"['bang', 'ben', 'dulu', 'punya', 'saran', 'buat', 'pemerintah', 'gini', 'gw', 'inget', 'dasar', 'imf', 'tuh', 'jahat', 'nyuruh', 'naikin', 'suku', 'bunga', 'pdhl', 'itu', 'akan', 'mempersulit', 'malah', 'bikin', 'ancur', 'justru', 'harusnya', 'suku', 'bunga', 'turun', 'hutang', 'd', 'permudah', 'tp', 'bang', 'suku', 'bunga', 'malah', 'naik', 'gmn', 'pendapatnya', 'bang', 'ilmu', 'gratisnya', 'tolong', 'bang']","['bang', 'ben', 'dulu', 'punya', 'saran', 'buat', 'pemerintah', 'gini', 'gw', 'inget', 'dasar', 'imf', 'tuh', 'jahat', 'nyuruh', 'naikin', 'suku', 'bunga', 'pdhl', 'akan', 'mempersulit', 'malah', 'bikin', 'ancur', 'justru', 'harusnya', 'suku', 'bunga', 'turun', 'hutang', 'd', 'permudah', 'tp', 'bang', 'suku', 'bunga', 'malah', 'naik', 'gmn', 'pendapatnya', 'bang', 'ilmu', 'gratisnya', 'tolong', 'bang']",bang ben dulu punya saran buat perintah gin gw inget dasar imf tuh jahat nyuruh naikin suku bunga pdhl akan sulit malah bikin ancur justru harus suku bunga turun hutang d mudah tp bang suku bunga malah naik gmn dapat bang ilmu gratis tolong bang
smoga mas bennix bisa jadi direktur bursa efek,@AdizKurnia,0,Netral,smoga mas bennix bisa jadi direktur bursa efek,smoga mas bennix bisa jadi direktur bursa efek,"['smoga', 'mas', 'bennix', 'bisa', 'jadi', 'direktur', 'bursa', 'efek']","['smoga', 'mas', 'bennix', 'bisa', 'jadi', 'direktur', 'bursa', 'efek']",smoga mas bennix bisa jadi direktur bursa efek
SEMOGA BPK BENIX SEHAT SELALU  UNTUK BERI PENCERAHAN SAMA RAKYAT DI BAWAH SEPERTI KAMI INI OKAY PAK BENIX .GORONTALO,@TariBaster,0,Netral,SEMOGA BPK BENIX SEHAT SELALU UNTUK BERI PENCERAHAN SAMA RAKYAT DI BAWAH SEPERTI KAMI INI OKAY PAK BENIX GORONTALO,semoga bpk benix sehat selalu untuk beri pencerahan sama rakyat di bawah seperti kami ini okay pak benix gorontalo,"['semoga', 'bpk', 'benix', 'sehat', 'selalu', 'untuk', 'beri', 'pencerahan', 'sama', 'rakyat', 'di', 'bawah', 'seperti', 'kami', 'ini', 'okay', 'pak', 'benix', 'gorontalo']","['semoga', 'bpk', 'benix', 'sehat', 'selalu', 'beri', 'pencerahan', 'sama', 'rakyat', 'bawah', 'seperti', 'okay', 'pak', 'benix', 'gorontalo']",moga bpk benix sehat selalu beri cerah sama rakyat bawah seperti okay pak benix gorontalo
Yg aku heran kalau negara besar semua kaya2... cuma india dengan indodesia je yg miskin😂😂😂 pelik aku😂😂😂,@edieneo477,0,Netral,Yg aku heran kalau negara besar semua kaya cuma india dengan indodesia je yg miskin pelik aku,yg aku heran kalau negara besar semua kaya cuma india dengan indodesia je yg miskin pelik aku,"['yg', 'aku', 'heran', 'kalau', 'negara', 'besar', 'semua', 'kaya', 'cuma', 'india', 'dengan', 'indodesia', 'je', 'yg', 'miskin', 'pelik', 'aku']","['yg', 'aku', 'heran', 'kalau', 'negara', 'besar', 'semua', 'kaya', 'cuma', 'india', 'indodesia', 'je', 'yg', 'miskin', 'pelik', 'aku']",yg aku heran kalau negara besar semua kaya cuma india indodesia je yg miskin pelik aku
Ayo...lawan berita hoax yg di sebarkan oleh scammer oleh singapore....!!!,@junaediwahid5837,6,Netral,Ayolawan berita hoax yg di sebarkan oleh scammer oleh singapore,ayolawan berita hoax yg di sebarkan oleh scammer oleh singapore,"['ayolawan', 'berita', 'hoax', 'yg', 'di', 'sebarkan', 'oleh', 'scammer', 'oleh', 'singapore']","['ayolawan', 'berita', 'hoax', 'yg', 'sebarkan', 'oleh', 'scammer', 'oleh', 'singapore']",ayolawan berita hoax yg sebar oleh scammer oleh singapore
"ihsg 💪
Ihsg 💪💪
IHSG 💪💪💪
🇮🇩       🇮🇩      🇮🇩",@dedeutomo8274,0,Netral,ihsg Ihsg IHSG,ihsg ihsg ihsg,"['ihsg', 'ihsg', 'ihsg']","['ihsg', 'ihsg', 'ihsg']",ihsg ihsg ihsg
"""netizen netizen yang ga punya OTAK"" 😂😂😂😂😂
mantap bang Ben",@AgusSusanto-dk7jc,0,Positif,netizen netizen yang ga punya OTAK mantap bang Ben,netizen netizen yang ga punya otak mantap bang ben,"['netizen', 'netizen', 'yang', 'ga', 'punya', 'otak', 'mantap', 'bang', 'ben']","['netizen', 'netizen', 'ga', 'punya', 'otak', 'mantap', 'bang', 'ben']",netizen netizen ga punya otak mantap bang ben
Bang. Sekarang saya ngefans sama anda 😁😁 👍👍👍👍👍,@poetradjepank5429,0,Netral,Bang Sekarang saya ngefans sama anda,bang sekarang saya ngefans sama anda,"['bang', 'sekarang', 'saya', 'ngefans', 'sama', 'anda']","['bang', 'sekarang', 'ngefans', 'sama', 'anda']",bang sekarang ngefans sama anda
"Emang singapur yg mau hancurin ekonomi negri ini.. 😡😡😡
Ayolah rakyat NKRI kita bersatu hancurkan senua bentuk ekonomi singapur dengan kemampuan kita.. Kita balas semua perbuatan mereka.. Klo perlu hancurkan semua data mereka..😡😡😡
Kita buktikan klo rakyat indonesia bukan orang yg mudah di intimidasi..👍
❤🇮🇩🇮🇩🇮🇩❤",@DedyGhaza,0,Netral,Emang singapur yg mau hancurin ekonomi negri ini Ayolah rakyat NKRI kita bersatu hancurkan senua bentuk ekonomi singapur dengan kemampuan kita Kita balas semua perbuatan mereka Klo perlu hancurkan semua data mereka Kita buktikan klo rakyat indonesia bukan orang yg mudah di intimidasi,emang singapur yg mau hancurin ekonomi negri ini ayolah rakyat nkri kita bersatu hancurkan senua bentuk ekonomi singapur dengan kemampuan kita kita balas semua perbuatan mereka klo perlu hancurkan semua data mereka kita buktikan klo rakyat indonesia bukan orang yg mudah di intimidasi,"['emang', 'singapur', 'yg', 'mau', 'hancurin', 'ekonomi', 'negri', 'ini', 'ayolah', 'rakyat', 'nkri', 'kita', 'bersatu', 'hancurkan', 'senua', 'bentuk', 'ekonomi', 'singapur', 'dengan', 'kemampuan', 'kita', 'kita', 'balas', 'semua', 'perbuatan', 'mereka', 'klo', 'perlu', 'hancurkan', 'semua', 'data', 'mereka', 'kita', 'buktikan', 'klo', 'rakyat', 'indonesia', 'bukan', 'orang', 'yg', 'mudah', 'di', 'intimidasi']","['emang', 'singapur', 'yg', 'mau', 'hancurin', 'ekonomi', 'negri', 'ayolah', 'rakyat', 'nkri', 'bersatu', 'hancurkan', 'senua', 'bentuk', 'ekonomi', 'singapur', 'kemampuan', 'balas', 'semua', 'perbuatan', 'mereka', 'klo', 'perlu', 'hancurkan', 'semua', 'data', 'mereka', 'buktikan', 'klo', 'rakyat', 'indonesia', 'bukan', 'orang', 'yg', 'mudah', 'intimidasi']",emang singapur yg mau hancurin ekonomi negri ayo rakyat nkri satu hancur senua bentuk ekonomi singapur mampu balas semua buat mereka klo perlu hancur semua data mereka bukti klo rakyat indonesia bukan orang yg mudah intimidasi
"Om benix bicara mengunakan Data dan membandingkan juga dengan data dan fakta bukan karena nitizen bodoh, yg tolol cuma omdo aja",@alsafirabizarjurdhanabizar2249,0,Netral,Om benix bicara mengunakan Data dan membandingkan juga dengan data dan fakta bukan karena nitizen bodoh yg tolol cuma omdo aja,om benix bicara mengunakan data dan membandingkan juga dengan data dan fakta bukan karena nitizen bodoh yg tolol cuma omdo aja,"['om', 'benix', 'bicara', 'mengunakan', 'data', 'dan', 'membandingkan', 'juga', 'dengan', 'data', 'dan', 'fakta', 'bukan', 'karena', 'nitizen', 'bodoh', 'yg', 'tolol', 'cuma', 'omdo', 'aja']","['om', 'benix', 'bicara', 'mengunakan', 'data', 'membandingkan', 'data', 'fakta', 'bukan', 'nitizen', 'bodoh', 'yg', 'tolol', 'cuma', 'omdo', 'aja']",om benix bicara mengunakan data banding data fakta bukan nitizen bodoh yg tolol cuma omdo aja
Sudah beberapa kali Tenpo bikin hoax. Saya sudah block media2 seperti itu karena bagaimana mempercayai media yng sering bohong,@Wabha-Ma1dha,0,Negatif,Sudah beberapa kali Tenpo bikin hoax Saya sudah block media seperti itu karena bagaimana mempercayai media yng sering bohong,sudah beberapa kali tenpo bikin hoax saya sudah block media seperti itu karena bagaimana mempercayai media yng sering bohong,"['sudah', 'beberapa', 'kali', 'tenpo', 'bikin', 'hoax', 'saya', 'sudah', 'block', 'media', 'seperti', 'itu', 'karena', 'bagaimana', 'mempercayai', 'media', 'yng', 'sering', 'bohong']","['sudah', 'beberapa', 'kali', 'tenpo', 'bikin', 'hoax', 'sudah', 'block', 'media', 'seperti', 'bagaimana', 'mempercayai', 'media', 'yng', 'sering', 'bohong']",sudah beberapa kali tenpo bikin hoax sudah block media seperti bagaimana percaya media yng sering bohong
Menurut ane banyak penghianat bangsa.soalny media2 itu biki yg benci pemerintah tambah benci. Untung ane mantau benix  terus. Dan cari impormasi dari tempat lain.,@aderasmani4739,0,Netral,Menurut ane banyak penghianat bangsasoalny media itu biki yg benci pemerintah tambah benci Untung ane mantau benix terus Dan cari impormasi dari tempat lain,menurut ane banyak penghianat bangsasoalny media itu biki yg benci pemerintah tambah benci untung ane mantau benix terus dan cari impormasi dari tempat lain,"['menurut', 'ane', 'banyak', 'penghianat', 'bangsasoalny', 'media', 'itu', 'biki', 'yg', 'benci', 'pemerintah', 'tambah', 'benci', 'untung', 'ane', 'mantau', 'benix', 'terus', 'dan', 'cari', 'impormasi', 'dari', 'tempat', 'lain']","['menurut', 'ane', 'banyak', 'penghianat', 'bangsasoalny', 'media', 'biki', 'yg', 'benci', 'pemerintah', 'tambah', 'benci', 'untung', 'ane', 'mantau', 'benix', 'terus', 'cari', 'impormasi', 'tempat', 'lain']",turut ane banyak penghianat bangsasoalny media bik yg benci perintah tambah benci untung ane mantau benix terus cari impormasi tempat lain
Lawan MSCI bongkar niat buruknya,@Wabha-Ma1dha,0,Negatif,Lawan MSCI bongkar niat buruknya,lawan msci bongkar niat buruknya,"['lawan', 'msci', 'bongkar', 'niat', 'buruknya']","['lawan', 'msci', 'bongkar', 'niat', 'buruknya']",lawan msci bongkar niat buruk
"Apa cuma gw yang selalu nya nungguin om bannix upload video terbarunya.
🙏",@AntonPriyadi-z9u,0,Netral,Apa cuma gw yang selalu nya nungguin om bannix upload video terbarunya,apa cuma gw yang selalu nya nungguin om bannix upload video terbarunya,"['apa', 'cuma', 'gw', 'yang', 'selalu', 'nya', 'nungguin', 'om', 'bannix', 'upload', 'video', 'terbarunya']","['apa', 'cuma', 'gw', 'selalu', 'nya', 'nungguin', 'om', 'bannix', 'upload', 'video', 'terbarunya']",apa cuma gw selalu nya nungguin om bannix upload video baru
"Sebagai Rakyat Malaysia, Seru kali liat kalian Indonesia/Singapore Saling Serang Berita SELL/BUY:face-blue-smiling::face-blue-smiling::face-blue-smiling::face-blue-smiling::face-blue-smiling:",@Trexy1808,0,Netral,Sebagai Rakyat Malaysia Seru kali liat kalian IndonesiaSingapore Saling Serang Berita SELLBUYfacebluesmilingfacebluesmilingfacebluesmilingfacebluesmilingfacebluesmiling,sebagai rakyat malaysia seru kali liat kalian indonesiasingapore saling serang berita sellbuyfacebluesmilingfacebluesmilingfacebluesmilingfacebluesmilingfacebluesmiling,"['sebagai', 'rakyat', 'malaysia', 'seru', 'kali', 'liat', 'kalian', 'indonesiasingapore', 'saling', 'serang', 'berita', 'sellbuyfacebluesmilingfacebluesmilingfacebluesmilingfacebluesmilingfacebluesmiling']","['sebagai', 'rakyat', 'malaysia', 'seru', 'kali', 'liat', 'kalian', 'indonesiasingapore', 'saling', 'serang', 'berita', 'sellbuyfacebluesmilingfacebluesmilingfacebluesmilingfacebluesmilingfacebluesmiling']",bagai rakyat malaysia seru kali liat kalian indonesiasingapore saling serang berita sellbuyfacebluesmilingfacebluesmilingfacebluesmilingfacebluesmilingfacebluesmiling
Untungnya kita ada konten bermanfaat dari om benix karena banyak rakyat kita ketipu propaganda bohong antek antek asing Singapura dan Amerika itulah kita harus cros cek dulu jangan termakan hasutan dari anjing Singapura babi,@alsafirabizarjurdhanabizar2249,0,Netral,Untungnya kita ada konten bermanfaat dari om benix karena banyak rakyat kita ketipu propaganda bohong antek antek asing Singapura dan Amerika itulah kita harus cros cek dulu jangan termakan hasutan dari anjing Singapura babi,untungnya kita ada konten bermanfaat dari om benix karena banyak rakyat kita ketipu propaganda bohong antek antek asing singapura dan amerika itulah kita harus cros cek dulu jangan termakan hasutan dari anjing singapura babi,"['untungnya', 'kita', 'ada', 'konten', 'bermanfaat', 'dari', 'om', 'benix', 'karena', 'banyak', 'rakyat', 'kita', 'ketipu', 'propaganda', 'bohong', 'antek', 'antek', 'asing', 'singapura', 'dan', 'amerika', 'itulah', 'kita', 'harus', 'cros', 'cek', 'dulu', 'jangan', 'termakan', 'hasutan', 'dari', 'anjing', 'singapura', 'babi']","['untungnya', 'ada', 'konten', 'bermanfaat', 'om', 'benix', 'banyak', 'rakyat', 'ketipu', 'propaganda', 'bohong', 'antek', 'antek', 'asing', 'singapura', 'amerika', 'itulah', 'harus', 'cros', 'cek', 'dulu', 'jangan', 'termakan', 'hasutan', 'anjing', 'singapura', 'babi']",untung ada konten manfaat om benix banyak rakyat tipu propaganda bohong antek antek asing singapura amerika itu harus cros cek dulu jangan makan hasut anjing singapura babi
Sudah terbiasa di takutin,@use_doii89,0,Netral,Sudah terbiasa di takutin,sudah terbiasa di takutin,"['sudah', 'terbiasa', 'di', 'takutin']","['sudah', 'terbiasa', 'takutin']",sudah biasa takutin
Kadang narasi benik menghasut kadang tegak lurus.,@SlametNurhabifin,0,Netral,Kadang narasi benik menghasut kadang tegak lurus,kadang narasi benik menghasut kadang tegak lurus,"['kadang', 'narasi', 'benik', 'menghasut', 'kadang', 'tegak', 'lurus']","['kadang', 'narasi', 'benik', 'menghasut', 'kadang', 'tegak', 'lurus']",kadang narasi benik hasut kadang tegak lurus
Kyaknya udah di fase kalau ngga nonton video terbaru Bennix bisa sakau,@ahmadnurrokhim7016,0,Netral,Kyaknya udah di fase kalau ngga nonton video terbaru Bennix bisa sakau,kyaknya udah di fase kalau ngga nonton video terbaru bennix bisa sakau,"['kyaknya', 'udah', 'di', 'fase', 'kalau', 'ngga', 'nonton', 'video', 'terbaru', 'bennix', 'bisa', 'sakau']","['kyaknya', 'udah', 'fase', 'kalau', 'ngga', 'nonton', 'video', 'terbaru', 'bennix', 'bisa', 'sakau']",kyaknya udah fase kalau ngga nonton video baru bennix bisa sakau
#janganpercayamsci,@kopihitam099,0,Netral,,,[],[],
#mscihoax,@kopihitam099,0,Netral,,,[],[],
"2024 investor asing udh net sell 29 triliun
2025 net sell 40 triliun
Baru setengah jalan 2026 udah net sell 65 triliun

Bennix bennix, ngomong aja lu gede! Kalau mau market bagus, ini salh satu channel2 yg harus di tutup, di black list!!

SMDR apa kabar SMDR?!?!?!?! 😂😂😂😂😂😂😂😂😂😂😂😂",@fandinasution8997,0,Positif,investor asing udh net sell triliun net sell triliun Baru setengah jalan udah net sell triliun Bennix bennix ngomong aja lu gede Kalau mau market bagus ini salh satu channel yg harus di tutup di black list SMDR apa kabar SMDR,investor asing udh net sell triliun net sell triliun baru setengah jalan udah net sell triliun bennix bennix ngomong aja lu gede kalau mau market bagus ini salh satu channel yg harus di tutup di black list smdr apa kabar smdr,"['investor', 'asing', 'udh', 'net', 'sell', 'triliun', 'net', 'sell', 'triliun', 'baru', 'setengah', 'jalan', 'udah', 'net', 'sell', 'triliun', 'bennix', 'bennix', 'ngomong', 'aja', 'lu', 'gede', 'kalau', 'mau', 'market', 'bagus', 'ini', 'salh', 'satu', 'channel', 'yg', 'harus', 'di', 'tutup', 'di', 'black', 'list', 'smdr', 'apa', 'kabar', 'smdr']","['investor', 'asing', 'udh', 'net', 'sell', 'triliun', 'net', 'sell', 'triliun', 'baru', 'setengah', 'jalan', 'udah', 'net', 'sell', 'triliun', 'bennix', 'bennix', 'ngomong', 'aja', 'lu', 'gede', 'kalau', 'mau', 'market', 'bagus', 'salh', 'satu', 'channel', 'yg', 'harus', 'tutup', 'black', 'list', 'smdr', 'apa', 'kabar', 'smdr']",investor asing udh net sell triliun net sell triliun baru tengah jalan udah net sell triliun bennix bennix ngomong aja lu gede kalau mau market bagus salh satu channel yg harus tutup black list smdr apa kabar smdr
"Udah jelas, negara serumpun itulah yang menjadi penyebar gosipnya Malaysia+Singapura dan Australia, penyokong dari negara maju yang menyebarkan gosip SELL INDONESIA. Mana mau mereka meelihat Indonesia maju?Gara-gara adanya DSI, mereka ketakutan, terutama Singapura, dan giliran pemerintah bilang akan menghentikan ekspor listrik ke Singapura pada tahun 2026 dan akan mengkaji ulang pelaksanaannya untuk kepentingan nasional. Ehhh, PM Singapura langsung panik ke Jakarta dan konpers akan menghormati keputusan pemerintahan untuk tetap bekerja sama dengan berinvestasi modal untuk membangun proyek Green Energy di KEK Batam. Intinya, mereka adalah kumpulan negara tetangga yang takut sama eksistensi Danantara, khususnya DSI. Jadi yang dilawan sama Pemerintah itu levelnya negara++ (oligarki/mafia nakal dalam negeri yang simpen duitnya di Singapura+Malaysia) ya sejatinya rakyat yang cinta NKRI harus bersatu melawan antek-antek asing+pengkhianat bangsa ini dong dengan BUY INDONESIA😼❤‍🔥🔥Giliran mereka krisis beras, pupuk, listrik makanya terpaksa ngemis ke Indonesia.",@RinoaHeartily1741717y,0,Netral,Udah jelas negara serumpun itulah yang menjadi penyebar gosipnya MalaysiaSingapura dan Australia penyokong dari negara maju yang menyebarkan gosip SELL INDONESIA Mana mau mereka meelihat Indonesia majuGaragara adanya DSI mereka ketakutan terutama Singapura dan giliran pemerintah bilang akan menghentikan ekspor listrik ke Singapura pada tahun dan akan mengkaji ulang pelaksanaannya untuk kepentingan nasional Ehhh PM Singapura langsung panik ke Jakarta dan konpers akan menghormati keputusan pemerintahan untuk tetap bekerja sama dengan berinvestasi modal untuk membangun proyek Green Energy di KEK Batam Intinya mereka adalah kumpulan negara tetangga yang takut sama eksistensi Danantara khususnya DSI Jadi yang dilawan sama Pemerintah itu levelnya negara oligarkimafia nakal dalam negeri yang simpen duitnya di SingapuraMalaysia ya sejatinya rakyat yang cinta NKRI harus bersatu melawan antekantek asingpengkhianat bangsa ini dong dengan BUY INDONESIAGiliran mereka krisis beras pupuk listrik makanya terpaksa ngemis ke Indonesia,udah jelas negara serumpun itulah yang menjadi penyebar gosipnya malaysiasingapura dan australia penyokong dari negara maju yang menyebarkan gosip sell indonesia mana mau mereka meelihat indonesia majugaragara adanya dsi mereka ketakutan terutama singapura dan giliran pemerintah bilang akan menghentikan ekspor listrik ke singapura pada tahun dan akan mengkaji ulang pelaksanaannya untuk kepentingan nasional ehhh pm singapura langsung panik ke jakarta dan konpers akan menghormati keputusan pemerintahan untuk tetap bekerja sama dengan berinvestasi modal untuk membangun proyek green energy di kek batam intinya mereka adalah kumpulan negara tetangga yang takut sama eksistensi danantara khususnya dsi jadi yang dilawan sama pemerintah itu levelnya negara oligarkimafia nakal dalam negeri yang simpen duitnya di singapuramalaysia ya sejatinya rakyat yang cinta nkri harus bersatu melawan antekantek asingpengkhianat bangsa ini dong dengan buy indonesiagiliran mereka krisis beras pupuk listrik makanya terpaksa ngemis ke indonesia,"['udah', 'jelas', 'negara', 'serumpun', 'itulah', 'yang', 'menjadi', 'penyebar', 'gosipnya', 'malaysiasingapura', 'dan', 'australia', 'penyokong', 'dari', 'negara', 'maju', 'yang', 'menyebarkan', 'gosip', 'sell', 'indonesia', 'mana', 'mau', 'mereka', 'meelihat', 'indonesia', 'majugaragara', 'adanya', 'dsi', 'mereka', 'ketakutan', 'terutama', 'singapura', 'dan', 'giliran', 'pemerintah', 'bilang', 'akan', 'menghentikan', 'ekspor', 'listrik', 'ke', 'singapura', 'pada', 'tahun', 'dan', 'akan', 'mengkaji', 'ulang', 'pelaksanaannya', 'untuk', 'kepentingan', 'nasional', 'ehhh', 'pm', 'singapura', 'langsung', 'panik', 'ke', 'jakarta', 'dan', 'konpers', 'akan', 'menghormati', 'keputusan', 'pemerintahan', 'untuk', 'tetap', 'bekerja', 'sama', 'dengan', 'berinvestasi', 'modal', 'untuk', 'membangun', 'proyek', 'green', 'energy', 'di', 'kek', 'batam', 'intinya', 'mereka', 'adalah', 'kumpulan', 'negara', 'tetangga', 'yang', 'takut', 'sama', 'eksistensi', 'danantara', 'khususnya', 'dsi', 'jadi', 'yang', 'dilawan', 'sama', 'pemerintah', 'itu', 'levelnya', 'negara', 'oligarkimafia', 'nakal', 'dalam', 'negeri', 'yang', 'simpen', 'duitnya', 'di', 'singapuramalaysia', 'ya', 'sejatinya', 'rakyat', 'yang', 'cinta', 'nkri', 'harus', 'bersatu', 'melawan', 'antekantek', 'asingpengkhianat', 'bangsa', 'ini', 'dong', 'dengan', 'buy', 'indonesiagiliran', 'mereka', 'krisis', 'beras', 'pupuk', 'listrik', 'makanya', 'terpaksa', 'ngemis', 'ke', 'indonesia']","['udah', 'jelas', 'negara', 'serumpun', 'itulah', 'menjadi', 'penyebar', 'gosipnya', 'malaysiasingapura', 'australia', 'penyokong', 'negara', 'maju', 'menyebarkan', 'gosip', 'sell', 'indonesia', 'mana', 'mau', 'mereka', 'meelihat', 'indonesia', 'majugaragara', 'adanya', 'dsi', 'mereka', 'ketakutan', 'terutama', 'singapura', 'giliran', 'pemerintah', 'bilang', 'akan', 'menghentikan', 'ekspor', 'listrik', 'singapura', 'tahun', 'akan', 'mengkaji', 'ulang', 'pelaksanaannya', 'kepentingan', 'nasional', 'ehhh', 'pm', 'singapura', 'langsung', 'panik', 'jakarta', 'konpers', 'akan', 'menghormati', 'keputusan', 'pemerintahan', 'tetap', 'bekerja', 'sama', 'berinvestasi', 'modal', 'membangun', 'proyek', 'green', 'energy', 'kek', 'batam', 'intinya', 'mereka', 'kumpulan', 'negara', 'tetangga', 'takut', 'sama', 'eksistensi', 'danantara', 'khususnya', 'dsi', 'jadi', 'dilawan', 'sama', 'pemerintah', 'levelnya', 'negara', 'oligarkimafia', 'nakal', 'dalam', 'negeri', 'simpen', 'duitnya', 'singapuramalaysia', 'ya', 'sejatinya', 'rakyat', 'cinta', 'nkri', 'harus', 'bersatu', 'melawan', 'antekantek', 'asingpengkhianat', 'bangsa', 'dong', 'buy', 'indonesiagiliran', 'mereka', 'krisis', 'beras', 'pupuk', 'listrik', 'makanya', 'terpaksa', 'ngemis', 'indonesia']",udah jelas negara serum itu jadi sebar gosip malaysiasingapura australia sokong negara maju sebar gosip sell indonesia mana mau mereka meelihat indonesia majugaragara ada dsi mereka takut utama singapura gilir perintah bilang akan henti ekspor listrik singapura tahun akan kaji ulang laksana penting nasional ehhh pm singapura langsung panik jakarta konpers akan hormat putus perintah tetap kerja sama investasi modal bangun proyek green energy kek batam inti mereka kumpul negara tetangga takut sama eksistensi danantara khusus dsi jadi lawan sama perintah level negara oligarkimafia nakal dalam negeri simpen duit singapuramalaysia ya sejati rakyat cinta nkri harus satu lawan antekantek asingpengkhianat bangsa dong buy indonesiagiliran mereka krisis beras pupuk listrik makanya paksa ngemis indonesia
"Lawan bang Joss, bnyk orang koplak😂",@slametbudi1593,0,Netral,Lawan bang Joss bnyk orang koplak,lawan bang joss bnyk orang koplak,"['lawan', 'bang', 'joss', 'bnyk', 'orang', 'koplak']","['lawan', 'bang', 'joss', 'bnyk', 'orang', 'koplak']",lawan bang joss bnyk orang koplak
Kata guaah bang benix pemerintah nya yang ngga langsung gercap conto kelarifasi langsung beli biar pengusaha langsung tau jangan nungguin firal dulu baru felarifasi😅,@muhamadbudi2120,0,Netral,Kata guaah bang benix pemerintah nya yang ngga langsung gercap conto kelarifasi langsung beli biar pengusaha langsung tau jangan nungguin firal dulu baru felarifasi,kata guaah bang benix pemerintah nya yang ngga langsung gercap conto kelarifasi langsung beli biar pengusaha langsung tau jangan nungguin firal dulu baru felarifasi,"['kata', 'guaah', 'bang', 'benix', 'pemerintah', 'nya', 'yang', 'ngga', 'langsung', 'gercap', 'conto', 'kelarifasi', 'langsung', 'beli', 'biar', 'pengusaha', 'langsung', 'tau', 'jangan', 'nungguin', 'firal', 'dulu', 'baru', 'felarifasi']","['kata', 'guaah', 'bang', 'benix', 'pemerintah', 'nya', 'ngga', 'langsung', 'gercap', 'conto', 'kelarifasi', 'langsung', 'beli', 'biar', 'pengusaha', 'langsung', 'tau', 'jangan', 'nungguin', 'firal', 'dulu', 'baru', 'felarifasi']",kata guaah bang benix perintah nya ngga langsung gercap conto kelarifasi langsung beli biar usaha langsung tau jangan nungguin firal dulu baru felarifasi
"Buy Indonesia,,",@azwarabdillah133,0,Netral,Buy Indonesia,buy indonesia,"['buy', 'indonesia']","['buy', 'indonesia']",buy indonesia
Ora wedi doso,@haniyuli8356,0,Netral,Ora wedi doso,ora wedi doso,"['ora', 'wedi', 'doso']","['ora', 'wedi', 'doso']",ora wedi doso
"😅sedikit faham,tp bnyk yg ga faham,taulah😢penting besok kerja ada proyek renov dapur tetangga,moga2 ekonomi Indonesia normal,harga bhn bangunan ga mahal,gw  ttp dpt kerjaan😅😅😅😅",@KembangGula-l6b,0,Negatif,sedikit fahamtp bnyk yg ga fahamtaulahpenting besok kerja ada proyek renov dapur tetanggamoga ekonomi Indonesia normalharga bhn bangunan ga mahalgw ttp dpt kerjaan,sedikit fahamtp bnyk yg ga fahamtaulahpenting besok kerja ada proyek renov dapur tetanggamoga ekonomi indonesia normalharga bhn bangunan ga mahalgw ttp dpt kerjaan,"['sedikit', 'fahamtp', 'bnyk', 'yg', 'ga', 'fahamtaulahpenting', 'besok', 'kerja', 'ada', 'proyek', 'renov', 'dapur', 'tetanggamoga', 'ekonomi', 'indonesia', 'normalharga', 'bhn', 'bangunan', 'ga', 'mahalgw', 'ttp', 'dpt', 'kerjaan']","['sedikit', 'fahamtp', 'bnyk', 'yg', 'ga', 'fahamtaulahpenting', 'besok', 'kerja', 'ada', 'proyek', 'renov', 'dapur', 'tetanggamoga', 'ekonomi', 'indonesia', 'normalharga', 'bhn', 'bangunan', 'ga', 'mahalgw', 'ttp', 'dpt', 'kerjaan']",sedikit fahamtp bnyk yg ga fahamtaulahpenting besok kerja ada proyek renov dapur tetanggamoga ekonomi indonesia normalharga bhn bangun ga mahalgw ttp dpt kerja
"Singapura gak tau kalo netizen kita paling solid di dunia kalo soal bela negara, sampe ada aja yang salah sasaran 😅.

 bahkan diakui Microsoft sebagai netizen paling gak ramah, bahkan bisa buat akun Ig Microsoft menutup kolom komentarnya gegara di hujat habis-habisan 🤣",@Zainul_semproll,2,Netral,Singapura gak tau kalo netizen kita paling solid di dunia kalo soal bela negara sampe ada aja yang salah sasaran bahkan diakui Microsoft sebagai netizen paling gak ramah bahkan bisa buat akun Ig Microsoft menutup kolom komentarnya gegara di hujat habishabisan,singapura gak tau kalo netizen kita paling solid di dunia kalo soal bela negara sampe ada aja yang salah sasaran bahkan diakui microsoft sebagai netizen paling gak ramah bahkan bisa buat akun ig microsoft menutup kolom komentarnya gegara di hujat habishabisan,"['singapura', 'gak', 'tau', 'kalo', 'netizen', 'kita', 'paling', 'solid', 'di', 'dunia', 'kalo', 'soal', 'bela', 'negara', 'sampe', 'ada', 'aja', 'yang', 'salah', 'sasaran', 'bahkan', 'diakui', 'microsoft', 'sebagai', 'netizen', 'paling', 'gak', 'ramah', 'bahkan', 'bisa', 'buat', 'akun', 'ig', 'microsoft', 'menutup', 'kolom', 'komentarnya', 'gegara', 'di', 'hujat', 'habishabisan']","['singapura', 'gak', 'tau', 'kalo', 'netizen', 'paling', 'solid', 'dunia', 'kalo', 'soal', 'bela', 'negara', 'sampe', 'ada', 'aja', 'salah', 'sasaran', 'bahkan', 'diakui', 'microsoft', 'sebagai', 'netizen', 'paling', 'gak', 'ramah', 'bahkan', 'bisa', 'buat', 'akun', 'ig', 'microsoft', 'menutup', 'kolom', 'komentarnya', 'gegara', 'hujat', 'habishabisan']",singapura gak tau kalo netizen paling solid dunia kalo soal bela negara sampe ada aja salah sasar bahkan aku microsoft bagai netizen paling gak ramah bahkan bisa buat akun ig microsoft tutup kolom komentar gegara hujat habishabisan
"bilakah Singapore gelap?
bilakah mbak Dan kuli Indo keluar Dari malaysia.apak kah Indo jadi kuli sampai mati",@zulhasriamin5507,0,Netral,bilakah Singapore gelap bilakah mbak Dan kuli Indo keluar Dari malaysiaapak kah Indo jadi kuli sampai mati,bilakah singapore gelap bilakah mbak dan kuli indo keluar dari malaysiaapak kah indo jadi kuli sampai mati,"['bilakah', 'singapore', 'gelap', 'bilakah', 'mbak', 'dan', 'kuli', 'indo', 'keluar', 'dari', 'malaysiaapak', 'kah', 'indo', 'jadi', 'kuli', 'sampai', 'mati']","['bilakah', 'singapore', 'gelap', 'bilakah', 'mbak', 'kuli', 'indo', 'keluar', 'malaysiaapak', 'kah', 'indo', 'jadi', 'kuli', 'sampai', 'mati']",bila singapore gelap bila mbak kuli indo keluar malaysiaapak kah indo jadi kuli sampai mati
"Mulai lah dari sekarang, cintai lah produk produk indonesia..",@OyGee-h2m,0,Netral,Mulai lah dari sekarang cintai lah produk produk indonesia,mulai lah dari sekarang cintai lah produk produk indonesia,"['mulai', 'lah', 'dari', 'sekarang', 'cintai', 'lah', 'produk', 'produk', 'indonesia']","['mulai', 'lah', 'sekarang', 'cintai', 'lah', 'produk', 'produk', 'indonesia']",mulai lah sekarang cinta lah produk produk indonesia
"Tempe itu direbus GK enak,,,digoreng byk minyak.jagung diindonesia mudah tumbuh,,,cuma direbus...uuusss....ditambah sedikit garam..rasanya kayak disurga,,,kurang apa coba kt indonesia???hanya saja kt sering diadu dgn narasi agama supaya indonesia tetap goblok.",@KesyaOppo-p5p,0,Netral,Tempe itu direbus GK enakdigoreng byk minyakjagung diindonesia mudah tumbuhcuma direbusuuusssditambah sedikit garamrasanya kayak disurgakurang apa coba kt indonesiahanya saja kt sering diadu dgn narasi agama supaya indonesia tetap goblok,tempe itu direbus gk enakdigoreng byk minyakjagung diindonesia mudah tumbuhcuma direbusuuusssditambah sedikit garamrasanya kayak disurgakurang apa coba kt indonesiahanya saja kt sering diadu dgn narasi agama supaya indonesia tetap goblok,"['tempe', 'itu', 'direbus', 'gk', 'enakdigoreng', 'byk', 'minyakjagung', 'diindonesia', 'mudah', 'tumbuhcuma', 'direbusuuusssditambah', 'sedikit', 'garamrasanya', 'kayak', 'disurgakurang', 'apa', 'coba', 'kt', 'indonesiahanya', 'saja', 'kt', 'sering', 'diadu', 'dgn', 'narasi', 'agama', 'supaya', 'indonesia', 'tetap', 'goblok']","['tempe', 'direbus', 'gk', 'enakdigoreng', 'byk', 'minyakjagung', 'diindonesia', 'mudah', 'tumbuhcuma', 'direbusuuusssditambah', 'sedikit', 'garamrasanya', 'kayak', 'disurgakurang', 'apa', 'coba', 'kt', 'indonesiahanya', 'saja', 'kt', 'sering', 'diadu', 'dgn', 'narasi', 'agama', 'supaya', 'indonesia', 'tetap', 'goblok']",tempe rebus gk enakdigoreng byk minyakjagung indonesia mudah tumbuhcuma direbusuuusssditambah sedikit garamrasanya kayak disurgakurang apa coba kt indonesiahanya saja kt sering adu dgn narasi agama supaya indonesia tetap goblok
"Saya sering baca artikel² tentang ekonomi makro Indonesia dari berbagai media² terkenal di dunia -- tapi tolol karena hobi memberitakannya secara tidak profesional dengan NARASI NEGATIF, TIDAK FAIR, bertendensi FITNAH dan MENGGIRING OPINI NEGATIF PUBLIK -- seperti CNA (SGN), The Star (MAL), JakartaGlobeID, Tempo, dsb.. Narasi artikel²nya SAMPAH SEMUA, sama persis dengan narasi² berita business & finance dari Media² ekonomi kapitalis barat (khususnya AS & Inggris/UK) seperti Bloomberg, The Market, BBC Business, dan masih banyak lainnya.. 
Media abal² sampah semua dari para jurnalis dan editor berita yang tidak profesional, tidak mengusung netralitas informasi, dan tidak objektif dalam pemberitaan. Tercium menyengat dari setiap artikel² nya tendensi besar pendiskreditan dan framing negatif terhadap Indonesia, yang modus dan tujuannya jelas, yakni penghancuran ekonomi Indonesia, menguapkan investasi global, hingga ujung²nya bisa mengeruk keuntungan mega financial pribadi dan kelompok² mereka. Narasi yang dibangun selalu menyudutkan Indonesia di berbagai sektor. Bahkan kutil Indonesia pun dibahas oleh para stalker itu.. xD. 
Media² tsb. memanfaatkan ketenaran global mereka, maka sangat mudah mempengaruhi publik global. Mereka jelas² membuka kedok jurnalisme palsu mereka sebagai corong para kapitalis mafia ekonomi global yang terlibat dengan transaksi keuangan dan perdagangan dengan Indonesia, yang panik dan marah karena kebijakan penertiban ekonomi makro pemerintah Indonesia saat ini. They are all proven 👎🏼💩👎🏼

[EDIT] Terima Kasih Om Bennix dan Teman² Yang Nasionalis semua atas atensinya dan supportnya kepada bangsa dan negara kita yang sedang mendapat ujian besar karena diobok² banyak pihak asing dan para pengkhianat bangsa kita sendiri 🙏🏼 [/EDIT]",@johnwisewords,97,Netral,Saya sering baca artikel tentang ekonomi makro Indonesia dari berbagai media terkenal di dunia tapi tolol karena hobi memberitakannya secara tidak profesional dengan NARASI NEGATIF TIDAK FAIR bertendensi FITNAH dan MENGGIRING OPINI NEGATIF PUBLIK seperti CNA SGN The Star MAL JakartaGlobeID Tempo dsb Narasi artikelnya SAMPAH SEMUA sama persis dengan narasi berita business finance dari Media ekonomi kapitalis barat khususnya AS InggrisUK seperti Bloomberg The Market BBC Business dan masih banyak lainnya Media abal sampah semua dari para jurnalis dan editor berita yang tidak profesional tidak mengusung netralitas informasi dan tidak objektif dalam pemberitaan Tercium menyengat dari setiap artikel nya tendensi besar pendiskreditan dan framing negatif terhadap Indonesia yang modus dan tujuannya jelas yakni penghancuran ekonomi Indonesia menguapkan investasi global hingga ujungnya bisa mengeruk keuntungan mega financial pribadi dan kelompok mereka Narasi yang dibangun selalu menyudutkan Indonesia di berbagai sektor Bahkan kutil Indonesia pun dibahas oleh para stalker itu xD Media tsb memanfaatkan ketenaran global mereka maka sangat mudah mempengaruhi publik global Mereka jelas membuka kedok jurnalisme palsu mereka sebagai corong para kapitalis mafia ekonomi global yang terlibat dengan transaksi keuangan dan perdagangan dengan Indonesia yang panik dan marah karena kebijakan penertiban ekonomi makro pemerintah Indonesia saat ini They are all proven EDIT Terima Kasih Om Bennix dan Teman Yang Nasionalis semua atas atensinya dan supportnya kepada bangsa dan negara kita yang sedang mendapat ujian besar karena diobok banyak pihak asing dan para pengkhianat bangsa kita sendiri EDIT,saya sering baca artikel tentang ekonomi makro indonesia dari berbagai media terkenal di dunia tapi tolol karena hobi memberitakannya secara tidak profesional dengan narasi negatif tidak fair bertendensi fitnah dan menggiring opini negatif publik seperti cna sgn the star mal jakartaglobeid tempo dsb narasi artikelnya sampah semua sama persis dengan narasi berita business finance dari media ekonomi kapitalis barat khususnya as inggrisuk seperti bloomberg the market bbc business dan masih banyak lainnya media abal sampah semua dari para jurnalis dan editor berita yang tidak profesional tidak mengusung netralitas informasi dan tidak objektif dalam pemberitaan tercium menyengat dari setiap artikel nya tendensi besar pendiskreditan dan framing negatif terhadap indonesia yang modus dan tujuannya jelas yakni penghancuran ekonomi indonesia menguapkan investasi global hingga ujungnya bisa mengeruk keuntungan mega financial pribadi dan kelompok mereka narasi yang dibangun selalu menyudutkan indonesia di berbagai sektor bahkan kutil indonesia pun dibahas oleh para stalker itu xd media tsb memanfaatkan ketenaran global mereka maka sangat mudah mempengaruhi publik global mereka jelas membuka kedok jurnalisme palsu mereka sebagai corong para kapitalis mafia ekonomi global yang terlibat dengan transaksi keuangan dan perdagangan dengan indonesia yang panik dan marah karena kebijakan penertiban ekonomi makro pemerintah indonesia saat ini they are all proven edit terima kasih om bennix dan teman yang nasionalis semua atas atensinya dan supportnya kepada bangsa dan negara kita yang sedang mendapat ujian besar karena diobok banyak pihak asing dan para pengkhianat bangsa kita sendiri edit,"['saya', 'sering', 'baca', 'artikel', 'tentang', 'ekonomi', 'makro', 'indonesia', 'dari', 'berbagai', 'media', 'terkenal', 'di', 'dunia', 'tapi', 'tolol', 'karena', 'hobi', 'memberitakannya', 'secara', 'tidak', 'profesional', 'dengan', 'narasi', 'negatif', 'tidak', 'fair', 'bertendensi', 'fitnah', 'dan', 'menggiring', 'opini', 'negatif', 'publik', 'seperti', 'cna', 'sgn', 'the', 'star', 'mal', 'jakartaglobeid', 'tempo', 'dsb', 'narasi', 'artikelnya', 'sampah', 'semua', 'sama', 'persis', 'dengan', 'narasi', 'berita', 'business', 'finance', 'dari', 'media', 'ekonomi', 'kapitalis', 'barat', 'khususnya', 'as', 'inggrisuk', 'seperti', 'bloomberg', 'the', 'market', 'bbc', 'business', 'dan', 'masih', 'banyak', 'lainnya', 'media', 'abal', 'sampah', 'semua', 'dari', 'para', 'jurnalis', 'dan', 'editor', 'berita', 'yang', 'tidak', 'profesional', 'tidak', 'mengusung', 'netralitas', 'informasi', 'dan', 'tidak', 'objektif', 'dalam', 'pemberitaan', 'tercium', 'menyengat', 'dari', 'setiap', 'artikel', 'nya', 'tendensi', 'besar', 'pendiskreditan', 'dan', 'framing', 'negatif', 'terhadap', 'indonesia', 'yang', 'modus', 'dan', 'tujuannya', 'jelas', 'yakni', 'penghancuran', 'ekonomi', 'indonesia', 'menguapkan', 'investasi', 'global', 'hingga', 'ujungnya', 'bisa', 'mengeruk', 'keuntungan', 'mega', 'financial', 'pribadi', 'dan', 'kelompok', 'mereka', 'narasi', 'yang', 'dibangun', 'selalu', 'menyudutkan', 'indonesia', 'di', 'berbagai', 'sektor', 'bahkan', 'kutil', 'indonesia', 'pun', 'dibahas', 'oleh', 'para', 'stalker', 'itu', 'xd', 'media', 'tsb', 'memanfaatkan', 'ketenaran', 'global', 'mereka', 'maka', 'sangat', 'mudah', 'mempengaruhi', 'publik', 'global', 'mereka', 'jelas', 'membuka', 'kedok', 'jurnalisme', 'palsu', 'mereka', 'sebagai', 'corong', 'para', 'kapitalis', 'mafia', 'ekonomi', 'global', 'yang', 'terlibat', 'dengan', 'transaksi', 'keuangan', 'dan', 'perdagangan', 'dengan', 'indonesia', 'yang', 'panik', 'dan', 'marah', 'karena', 'kebijakan', 'penertiban', 'ekonomi', 'makro', 'pemerintah', 'indonesia', 'saat', 'ini', 'they', 'are', 'all', 'proven', 'edit', 'terima', 'kasih', 'om', 'bennix', 'dan', 'teman', 'yang', 'nasionalis', 'semua', 'atas', 'atensinya', 'dan', 'supportnya', 'kepada', 'bangsa', 'dan', 'negara', 'kita', 'yang', 'sedang', 'mendapat', 'ujian', 'besar', 'karena', 'diobok', 'banyak', 'pihak', 'asing', 'dan', 'para', 'pengkhianat', 'bangsa', 'kita', 'sendiri', 'edit']","['sering', 'baca', 'artikel', 'tentang', 'ekonomi', 'makro', 'indonesia', 'berbagai', 'media', 'terkenal', 'dunia', 'tapi', 'tolol', 'hobi', 'memberitakannya', 'secara', 'tidak', 'profesional', 'narasi', 'negatif', 'tidak', 'fair', 'bertendensi', 'fitnah', 'menggiring', 'opini', 'negatif', 'publik', 'seperti', 'cna', 'sgn', 'the', 'star', 'mal', 'jakartaglobeid', 'tempo', 'dsb', 'narasi', 'artikelnya', 'sampah', 'semua', 'sama', 'persis', 'narasi', 'berita', 'business', 'finance', 'media', 'ekonomi', 'kapitalis', 'barat', 'khususnya', 'as', 'inggrisuk', 'seperti', 'bloomberg', 'the', 'market', 'bbc', 'business', 'masih', 'banyak', 'lainnya', 'media', 'abal', 'sampah', 'semua', 'para', 'jurnalis', 'editor', 'berita', 'tidak', 'profesional', 'tidak', 'mengusung', 'netralitas', 'informasi', 'tidak', 'objektif', 'dalam', 'pemberitaan', 'tercium', 'menyengat', 'setiap', 'artikel', 'nya', 'tendensi', 'besar', 'pendiskreditan', 'framing', 'negatif', 'terhadap', 'indonesia', 'modus', 'tujuannya', 'jelas', 'yakni', 'penghancuran', 'ekonomi', 'indonesia', 'menguapkan', 'investasi', 'global', 'hingga', 'ujungnya', 'bisa', 'mengeruk', 'keuntungan', 'mega', 'financial', 'pribadi', 'kelompok', 'mereka', 'narasi', 'dibangun', 'selalu', 'menyudutkan', 'indonesia', 'berbagai', 'sektor', 'bahkan', 'kutil', 'indonesia', 'pun', 'dibahas', 'oleh', 'para', 'stalker', 'xd', 'media', 'tsb', 'memanfaatkan', 'ketenaran', 'global', 'mereka', 'maka', 'sangat', 'mudah', 'mempengaruhi', 'publik', 'global', 'mereka', 'jelas', 'membuka', 'kedok', 'jurnalisme', 'palsu', 'mereka', 'sebagai', 'corong', 'para', 'kapitalis', 'mafia', 'ekonomi', 'global', 'terlibat', 'transaksi', 'keuangan', 'perdagangan', 'indonesia', 'panik', 'marah', 'kebijakan', 'penertiban', 'ekonomi', 'makro', 'pemerintah', 'indonesia', 'saat', 'they', 'are', 'all', 'proven', 'edit', 'terima', 'kasih', 'om', 'bennix', 'teman', 'nasionalis', 'semua', 'atas', 'atensinya', 'supportnya', 'kepada', 'bangsa', 'negara', 'sedang', 'mendapat', 'ujian', 'besar', 'diobok', 'banyak', 'pihak', 'asing', 'para', 'pengkhianat', 'bangsa', 'sendiri', 'edit']",sering baca artikel tentang ekonomi makro indonesia bagai media kenal dunia tapi tolol hobi berita cara tidak profesional narasi negatif tidak fair tendensi fitnah giring opini negatif publik seperti cna sgn the star mal jakartaglobeid tempo dsb narasi artikel sampah semua sama persis narasi berita business finance media ekonomi kapitalis barat khusus as inggrisuk seperti bloomberg the market bbc business masih banyak lain media abal sampah semua para jurnalis editor berita tidak profesional tidak usung netralitas informasi tidak objektif dalam berita cium sengat tiap artikel nya tendensi besar diskredit framing negatif hadap indonesia modus tuju jelas yakni hancur ekonomi indonesia uap investasi global hingga ujung bisa keruk untung mega financial pribadi kelompok mereka narasi bangun selalu sudut indonesia bagai sektor bahkan kutil indonesia pun bahas oleh para stalker xd media tsb manfaat tenar global mereka maka sangat mudah pengaruh publik global mereka jelas buka kedok jurnalisme palsu mereka bagai corong para kapitalis mafia ekonomi global libat transaksi uang dagang indonesia panik marah bijak tertib ekonomi makro perintah indonesia saat they are all proven edit terima kasih om bennix teman nasionalis semua atas atensi supportnya kepada bangsa negara sedang dapat uji besar diobok banyak pihak asing para khianat bangsa sendiri edit
"Tentu saja yang jadi pengganti adalah tetangga baru, karena mereka sudah lama bercita-cita mengalahkan Singapura bahkan Dubai.
Ups....
😂",@KolambuTech,0,Netral,Tentu saja yang jadi pengganti adalah tetangga baru karena mereka sudah lama bercitacita mengalahkan Singapura bahkan Dubai Ups,tentu saja yang jadi pengganti adalah tetangga baru karena mereka sudah lama bercitacita mengalahkan singapura bahkan dubai ups,"['tentu', 'saja', 'yang', 'jadi', 'pengganti', 'adalah', 'tetangga', 'baru', 'karena', 'mereka', 'sudah', 'lama', 'bercitacita', 'mengalahkan', 'singapura', 'bahkan', 'dubai', 'ups']","['tentu', 'saja', 'jadi', 'pengganti', 'tetangga', 'baru', 'mereka', 'sudah', 'lama', 'bercitacita', 'mengalahkan', 'singapura', 'bahkan', 'dubai', 'ups']",tentu saja jadi ganti tetangga baru mereka sudah lama bercitacita kalah singapura bahkan dubai ups
Makasih Om Ben dah kasih berita dan data yg kongkrit yg orang bodoh macam saya bisa paham mana media Bajingan mana media pengadu domba.,@IvanSetiawan-z1h,0,Netral,Makasih Om Ben dah kasih berita dan data yg kongkrit yg orang bodoh macam saya bisa paham mana media Bajingan mana media pengadu domba,makasih om ben dah kasih berita dan data yg kongkrit yg orang bodoh macam saya bisa paham mana media bajingan mana media pengadu domba,"['makasih', 'om', 'ben', 'dah', 'kasih', 'berita', 'dan', 'data', 'yg', 'kongkrit', 'yg', 'orang', 'bodoh', 'macam', 'saya', 'bisa', 'paham', 'mana', 'media', 'bajingan', 'mana', 'media', 'pengadu', 'domba']","['makasih', 'om', 'ben', 'dah', 'kasih', 'berita', 'data', 'yg', 'kongkrit', 'yg', 'orang', 'bodoh', 'macam', 'bisa', 'paham', 'mana', 'media', 'bajingan', 'mana', 'media', 'pengadu', 'domba']",makasih om ben dah kasih berita data yg kongkrit yg orang bodoh macam bisa paham mana media bajing mana media adu domba
😂😂😂😂😂😂asing di prcaya kuat trus indoku❤❤❤😂😂😂😂,@BeexCunay,0,Netral,asing di prcaya kuat trus indoku,asing di prcaya kuat trus indoku,"['asing', 'di', 'prcaya', 'kuat', 'trus', 'indoku']","['asing', 'prcaya', 'kuat', 'trus', 'indoku']",asing prcaya kuat trus indoku
hahahaha demo ada dimana2.kamu bukan org bijak tapi bodoh😊😊😊😊.bila beras Malaysia habis?.Dari 6bulan hingga ke bertahun2,@zulhasriamin5507,0,Netral,hahahaha demo ada dimanakamu bukan org bijak tapi bodohbila beras Malaysia habisDari bulan hingga ke bertahun,hahahaha demo ada dimanakamu bukan org bijak tapi bodohbila beras malaysia habisdari bulan hingga ke bertahun,"['hahahaha', 'demo', 'ada', 'dimanakamu', 'bukan', 'org', 'bijak', 'tapi', 'bodohbila', 'beras', 'malaysia', 'habisdari', 'bulan', 'hingga', 'ke', 'bertahun']","['hahahaha', 'demo', 'ada', 'dimanakamu', 'bukan', 'org', 'bijak', 'tapi', 'bodohbila', 'beras', 'malaysia', 'habisdari', 'bulan', 'hingga', 'bertahun']",hahahaha demo ada dimanakamu bukan org bijak tapi bodohbila beras malaysia habisdari bulan hingga tahun
"Smua karna ekonomi titik.coba kita bayangin,,,dokter diindonesia aja mengatakan protein termudah buat asupan gizi' tempe,,,tempe terbuat dr kacang kedelai yg kita impor dr Amerika,padahal protein terbaik itu kita dpt dr daging sapi,kambing daging babi dan ikan.stop makan tempe",@KesyaOppo-p5p,0,Positif,Smua karna ekonomi titikcoba kita bayangindokter diindonesia aja mengatakan protein termudah buat asupan gizi tempetempe terbuat dr kacang kedelai yg kita impor dr Amerikapadahal protein terbaik itu kita dpt dr daging sapikambing daging babi dan ikanstop makan tempe,smua karna ekonomi titikcoba kita bayangindokter diindonesia aja mengatakan protein termudah buat asupan gizi tempetempe terbuat dr kacang kedelai yg kita impor dr amerikapadahal protein terbaik itu kita dpt dr daging sapikambing daging babi dan ikanstop makan tempe,"['smua', 'karna', 'ekonomi', 'titikcoba', 'kita', 'bayangindokter', 'diindonesia', 'aja', 'mengatakan', 'protein', 'termudah', 'buat', 'asupan', 'gizi', 'tempetempe', 'terbuat', 'dr', 'kacang', 'kedelai', 'yg', 'kita', 'impor', 'dr', 'amerikapadahal', 'protein', 'terbaik', 'itu', 'kita', 'dpt', 'dr', 'daging', 'sapikambing', 'daging', 'babi', 'dan', 'ikanstop', 'makan', 'tempe']","['smua', 'karna', 'ekonomi', 'titikcoba', 'bayangindokter', 'diindonesia', 'aja', 'mengatakan', 'protein', 'termudah', 'buat', 'asupan', 'gizi', 'tempetempe', 'terbuat', 'dr', 'kacang', 'kedelai', 'yg', 'impor', 'dr', 'amerikapadahal', 'protein', 'terbaik', 'dpt', 'dr', 'daging', 'sapikambing', 'daging', 'babi', 'ikanstop', 'makan', 'tempe']",smua karna ekonomi titikcoba bayangindokter indonesia aja kata protein mudah buat asupan gizi tempetempe buat dr kacang kedelai yg impor dr amerikapadahal protein baik dpt dr daging sapikambing daging babi ikanstop makan tempe
😂😂😂😂😂😂😂😂,@DodyCivil07,0,Netral,,,[],[],
Saya hatersnya no 1 nya tempoo,@haidirfajri6623,5,Netral,Saya hatersnya no nya tempoo,saya hatersnya no nya tempoo,"['saya', 'hatersnya', 'no', 'nya', 'tempoo']","['hatersnya', 'no', 'nya', 'tempoo']",hatersnya no nya tempoo
"Memang pengamat ekonomi banyak yang toooloool, bukan nya membantu mecahkan masalah tapi nambah masalah",@muslihanhadi940,4,Netral,Memang pengamat ekonomi banyak yang toooloool bukan nya membantu mecahkan masalah tapi nambah masalah,memang pengamat ekonomi banyak yang toooloool bukan nya membantu mecahkan masalah tapi nambah masalah,"['memang', 'pengamat', 'ekonomi', 'banyak', 'yang', 'toooloool', 'bukan', 'nya', 'membantu', 'mecahkan', 'masalah', 'tapi', 'nambah', 'masalah']","['memang', 'pengamat', 'ekonomi', 'banyak', 'toooloool', 'bukan', 'nya', 'membantu', 'mecahkan', 'masalah', 'tapi', 'nambah', 'masalah']",memang amat ekonomi banyak toooloool bukan nya bantu mecahkan masalah tapi nambah masalah
Media2 pemecah belah bangsa bayang2nya Barack Obama & Ursula von der Leyen,@wahyubrianala2994,2,Netral,Media pemecah belah bangsa bayangnya Barack Obama Ursula von der Leyen,media pemecah belah bangsa bayangnya barack obama ursula von der leyen,"['media', 'pemecah', 'belah', 'bangsa', 'bayangnya', 'barack', 'obama', 'ursula', 'von', 'der', 'leyen']","['media', 'pemecah', 'belah', 'bangsa', 'bayangnya', 'barack', 'obama', 'ursula', 'von', 'der', 'leyen']",media pecah belah bangsa bayang barack obama ursula von der leyen
"makasih lae bennix , terus suarakan ... rekan2 bennix mari kita bagikan ke kolega kita berita ini..",@Useryoutube-w7b,2,Netral,makasih lae bennix terus suarakan rekan bennix mari kita bagikan ke kolega kita berita ini,makasih lae bennix terus suarakan rekan bennix mari kita bagikan ke kolega kita berita ini,"['makasih', 'lae', 'bennix', 'terus', 'suarakan', 'rekan', 'bennix', 'mari', 'kita', 'bagikan', 'ke', 'kolega', 'kita', 'berita', 'ini']","['makasih', 'lae', 'bennix', 'terus', 'suarakan', 'rekan', 'bennix', 'mari', 'bagikan', 'kolega', 'berita']",makasih lae bennix terus suara rekan bennix mari bagi kolega berita
"semenjak pilpres gw sadar ada yg keliru dgn media yg tadinya fair tiba tiba berkubu kubu, dan benix memperkuat dugaan gw dgn definisi anjing anjing soros, dan polanya memang sama semua dari segi narasi dan visualisasi.",@MasJoeRider,1,Netral,semenjak pilpres gw sadar ada yg keliru dgn media yg tadinya fair tiba tiba berkubu kubu dan benix memperkuat dugaan gw dgn definisi anjing anjing soros dan polanya memang sama semua dari segi narasi dan visualisasi,semenjak pilpres gw sadar ada yg keliru dgn media yg tadinya fair tiba tiba berkubu kubu dan benix memperkuat dugaan gw dgn definisi anjing anjing soros dan polanya memang sama semua dari segi narasi dan visualisasi,"['semenjak', 'pilpres', 'gw', 'sadar', 'ada', 'yg', 'keliru', 'dgn', 'media', 'yg', 'tadinya', 'fair', 'tiba', 'tiba', 'berkubu', 'kubu', 'dan', 'benix', 'memperkuat', 'dugaan', 'gw', 'dgn', 'definisi', 'anjing', 'anjing', 'soros', 'dan', 'polanya', 'memang', 'sama', 'semua', 'dari', 'segi', 'narasi', 'dan', 'visualisasi']","['semenjak', 'pilpres', 'gw', 'sadar', 'ada', 'yg', 'keliru', 'dgn', 'media', 'yg', 'tadinya', 'fair', 'tiba', 'tiba', 'berkubu', 'kubu', 'benix', 'memperkuat', 'dugaan', 'gw', 'dgn', 'definisi', 'anjing', 'anjing', 'soros', 'polanya', 'memang', 'sama', 'semua', 'segi', 'narasi', 'visualisasi']",semenjak pilpres gw sadar ada yg keliru dgn media yg tadi fair tiba tiba kubu kubu benix kuat duga gw dgn definisi anjing anjing soros pola memang sama semua segi narasi visualisasi
Jangan mau kt di adu domba oleh bangsat2 asing aseng yg ingin Indonesia hancur. krna mreka tau Indonesia adalah lahan surga yg bs di ambil keuntungan utk negara mreka yg sampah.mreka ga mau Indonesia jd negara kuat krna akan mnyulitkan mreka bangsat2 itu utk mengeruk kekayaan alam serta uang dari Indonesia. mmg sengaja Indonesia di buat miskin dan bodoh spy gampang di perbudak. INGAT KITA BANGSA INDONESIA JANGAN JADI ORG TOLOL YG GAMPANG DI PECAH BELAH DAN DI BENTURKAN SPY SESAMA KITA BERANTAM. KITA PERTAHANKAN KEKAYAAN ALAM KITA SPY TDK DI CURI LG.,@lakimantap3584,1,Netral,Jangan mau kt di adu domba oleh bangsat asing aseng yg ingin Indonesia hancur krna mreka tau Indonesia adalah lahan surga yg bs di ambil keuntungan utk negara mreka yg sampahmreka ga mau Indonesia jd negara kuat krna akan mnyulitkan mreka bangsat itu utk mengeruk kekayaan alam serta uang dari Indonesia mmg sengaja Indonesia di buat miskin dan bodoh spy gampang di perbudak INGAT KITA BANGSA INDONESIA JANGAN JADI ORG TOLOL YG GAMPANG DI PECAH BELAH DAN DI BENTURKAN SPY SESAMA KITA BERANTAM KITA PERTAHANKAN KEKAYAAN ALAM KITA SPY TDK DI CURI LG,jangan mau kt di adu domba oleh bangsat asing aseng yg ingin indonesia hancur krna mreka tau indonesia adalah lahan surga yg bs di ambil keuntungan utk negara mreka yg sampahmreka ga mau indonesia jd negara kuat krna akan mnyulitkan mreka bangsat itu utk mengeruk kekayaan alam serta uang dari indonesia mmg sengaja indonesia di buat miskin dan bodoh spy gampang di perbudak ingat kita bangsa indonesia jangan jadi org tolol yg gampang di pecah belah dan di benturkan spy sesama kita berantam kita pertahankan kekayaan alam kita spy tdk di curi lg,"['jangan', 'mau', 'kt', 'di', 'adu', 'domba', 'oleh', 'bangsat', 'asing', 'aseng', 'yg', 'ingin', 'indonesia', 'hancur', 'krna', 'mreka', 'tau', 'indonesia', 'adalah', 'lahan', 'surga', 'yg', 'bs', 'di', 'ambil', 'keuntungan', 'utk', 'negara', 'mreka', 'yg', 'sampahmreka', 'ga', 'mau', 'indonesia', 'jd', 'negara', 'kuat', 'krna', 'akan', 'mnyulitkan', 'mreka', 'bangsat', 'itu', 'utk', 'mengeruk', 'kekayaan', 'alam', 'serta', 'uang', 'dari', 'indonesia', 'mmg', 'sengaja', 'indonesia', 'di', 'buat', 'miskin', 'dan', 'bodoh', 'spy', 'gampang', 'di', 'perbudak', 'ingat', 'kita', 'bangsa', 'indonesia', 'jangan', 'jadi', 'org', 'tolol', 'yg', 'gampang', 'di', 'pecah', 'belah', 'dan', 'di', 'benturkan', 'spy', 'sesama', 'kita', 'berantam', 'kita', 'pertahankan', 'kekayaan', 'alam', 'kita', 'spy', 'tdk', 'di', 'curi', 'lg']","['jangan', 'mau', 'kt', 'adu', 'domba', 'oleh', 'bangsat', 'asing', 'aseng', 'yg', 'ingin', 'indonesia', 'hancur', 'krna', 'mreka', 'tau', 'indonesia', 'lahan', 'surga', 'yg', 'bs', 'ambil', 'keuntungan', 'utk', 'negara', 'mreka', 'yg', 'sampahmreka', 'ga', 'mau', 'indonesia', 'jd', 'negara', 'kuat', 'krna', 'akan', 'mnyulitkan', 'mreka', 'bangsat', 'utk', 'mengeruk', 'kekayaan', 'alam', 'serta', 'uang', 'indonesia', 'mmg', 'sengaja', 'indonesia', 'buat', 'miskin', 'bodoh', 'spy', 'gampang', 'perbudak', 'ingat', 'bangsa', 'indonesia', 'jangan', 'jadi', 'org', 'tolol', 'yg', 'gampang', 'pecah', 'belah', 'benturkan', 'spy', 'sesama', 'berantam', 'pertahankan', 'kekayaan', 'alam', 'spy', 'tdk', 'curi', 'lg']",jangan mau kt adu domba oleh bangsat asing aseng yg ingin indonesia hancur krna mreka tau indonesia lahan surga yg bs ambil untung utk negara mreka yg sampahmreka ga mau indonesia jd negara kuat krna akan mnyulitkan mreka bangsat utk keruk kaya alam serta uang indonesia mmg sengaja indonesia buat miskin bodoh spy gampang budak ingat bangsa indonesia jangan jadi org tolol yg gampang pecah belah bentur spy sama rantam tahan kaya alam spy tdk curi lg
"Video cenderung menyalahkan ""hoaks"" sebagai penyebab utama investor kabur. Faktanya, berdasarkan data pasar 2026, capital outflow besar-besaran dipicu oleh kombinasi sentimen global (ketegangan geopolitik, kenaikan harga minyak), depresiasi Rupiah yang menembus Rp17.900/USD, serta kekhawatiran rebalancing indeks secara umum, bukan semata-mata karena rumor MSCI.",@siaguslapar,2,Netral,Video cenderung menyalahkan hoaks sebagai penyebab utama investor kabur Faktanya berdasarkan data pasar capital outflow besarbesaran dipicu oleh kombinasi sentimen global ketegangan geopolitik kenaikan harga minyak depresiasi Rupiah yang menembus RpUSD serta kekhawatiran rebalancing indeks secara umum bukan sematamata karena rumor MSCI,video cenderung menyalahkan hoaks sebagai penyebab utama investor kabur faktanya berdasarkan data pasar capital outflow besarbesaran dipicu oleh kombinasi sentimen global ketegangan geopolitik kenaikan harga minyak depresiasi rupiah yang menembus rpusd serta kekhawatiran rebalancing indeks secara umum bukan sematamata karena rumor msci,"['video', 'cenderung', 'menyalahkan', 'hoaks', 'sebagai', 'penyebab', 'utama', 'investor', 'kabur', 'faktanya', 'berdasarkan', 'data', 'pasar', 'capital', 'outflow', 'besarbesaran', 'dipicu', 'oleh', 'kombinasi', 'sentimen', 'global', 'ketegangan', 'geopolitik', 'kenaikan', 'harga', 'minyak', 'depresiasi', 'rupiah', 'yang', 'menembus', 'rpusd', 'serta', 'kekhawatiran', 'rebalancing', 'indeks', 'secara', 'umum', 'bukan', 'sematamata', 'karena', 'rumor', 'msci']","['video', 'cenderung', 'menyalahkan', 'hoaks', 'sebagai', 'penyebab', 'utama', 'investor', 'kabur', 'faktanya', 'berdasarkan', 'data', 'pasar', 'capital', 'outflow', 'besarbesaran', 'dipicu', 'oleh', 'kombinasi', 'sentimen', 'global', 'ketegangan', 'geopolitik', 'kenaikan', 'harga', 'minyak', 'depresiasi', 'rupiah', 'menembus', 'rpusd', 'serta', 'kekhawatiran', 'rebalancing', 'indeks', 'secara', 'umum', 'bukan', 'sematamata', 'rumor', 'msci']",video cenderung salah hoaks bagai sebab utama investor kabur fakta dasar data pasar capital outflow besarbesaran picu oleh kombinasi sentimen global tegang geopolitik naik harga minyak depresiasi rupiah tembus rpusd serta khawatir rebalancing indeks cara umum bukan sematamata rumor msci
@siaguslapar Prinsipnya sederhana.. kalau terlalu cepat turun atau naik berarti ada intervensi.. nah coba dinalar lagi..,@manskin5434,1,Netral,Prinsipnya sederhana kalau terlalu cepat turun atau naik berarti ada intervensi nah coba dinalar lagi,prinsipnya sederhana kalau terlalu cepat turun atau naik berarti ada intervensi nah coba dinalar lagi,"['prinsipnya', 'sederhana', 'kalau', 'terlalu', 'cepat', 'turun', 'atau', 'naik', 'berarti', 'ada', 'intervensi', 'nah', 'coba', 'dinalar', 'lagi']","['prinsipnya', 'sederhana', 'kalau', 'terlalu', 'cepat', 'turun', 'naik', 'berarti', 'ada', 'intervensi', 'nah', 'coba', 'dinalar', 'lagi']",prinsip sederhana kalau terlalu cepat turun naik arti ada intervensi nah coba nalar lagi
​@siaguslaparkan pelemahan rupiah setingan semata bang,@heiitsme182,0,Netral,pelemahan rupiah setingan semata bang,pelemahan rupiah setingan semata bang,"['pelemahan', 'rupiah', 'setingan', 'semata', 'bang']","['pelemahan', 'rupiah', 'setingan', 'semata', 'bang']",lemah rupiah ting semata bang
Apalagi bennix gak masuk akal sampH semua,@annmousnet903,0,Netral,Apalagi bennix gak masuk akal sampH semua,apalagi bennix gak masuk akal samph semua,"['apalagi', 'bennix', 'gak', 'masuk', 'akal', 'samph', 'semua']","['apalagi', 'bennix', 'gak', 'masuk', 'akal', 'samph', 'semua']",apalagi bennix gak masuk akal samph semua
"BANG BENIX...COCOKNYA JADI GUBERNUR BI...
ATAU...ASISTEN MENTRI KEUAN̈GAN",@UjangNurhanudin,0,Netral,BANG BENIXCOCOKNYA JADI GUBERNUR BI ATAUASISTEN MENTRI KEUANGAN,bang benixcocoknya jadi gubernur bi atauasisten mentri keuangan,"['bang', 'benixcocoknya', 'jadi', 'gubernur', 'bi', 'atauasisten', 'mentri', 'keuangan']","['bang', 'benixcocoknya', 'jadi', 'gubernur', 'bi', 'atauasisten', 'mentri', 'keuangan']",bang benixcocoknya jadi gubernur bi atauasisten tri uang
Krjanya buzzer apa?? Jualan jelas ama jilat..jilat terussss,@sazali2960,0,Netral,Krjanya buzzer apa Jualan jelas ama jilatjilat terussss,krjanya buzzer apa jualan jelas ama jilatjilat terussss,"['krjanya', 'buzzer', 'apa', 'jualan', 'jelas', 'ama', 'jilatjilat', 'terussss']","['krjanya', 'buzzer', 'apa', 'jualan', 'jelas', 'ama', 'jilatjilat', 'terussss']",krjanya buzzer apa jual jelas ama jilatjilat terussss
"MSCI itu terpercaya, dia bukan perusaan abal"" kyk program tol lol merah putih, atau makanan babi gratis, kok MSCI down gred negara Kita? Toh Banyak kok negara lain... Nah.. jawaban simple bet, ketika negara Di Asia lain stabil duitnya, kenapa rupiah sendiri yg ambruk?? 😂😂😂.. nah.. lagian Di konoha, para koruptor Di sembah.. makanya.. bahaya ni konoha, maka ASING kabur.. kebijakan sering berubah, Arah tuju juga ga jelas😂😂😂",@sazali2960,0,Netral,MSCI itu terpercaya dia bukan perusaan abal kyk program tol lol merah putih atau makanan babi gratis kok MSCI down gred negara Kita Toh Banyak kok negara lain Nah jawaban simple bet ketika negara Di Asia lain stabil duitnya kenapa rupiah sendiri yg ambruk nah lagian Di konoha para koruptor Di sembah makanya bahaya ni konoha maka ASING kabur kebijakan sering berubah Arah tuju juga ga jelas,msci itu terpercaya dia bukan perusaan abal kyk program tol lol merah putih atau makanan babi gratis kok msci down gred negara kita toh banyak kok negara lain nah jawaban simple bet ketika negara di asia lain stabil duitnya kenapa rupiah sendiri yg ambruk nah lagian di konoha para koruptor di sembah makanya bahaya ni konoha maka asing kabur kebijakan sering berubah arah tuju juga ga jelas,"['msci', 'itu', 'terpercaya', 'dia', 'bukan', 'perusaan', 'abal', 'kyk', 'program', 'tol', 'lol', 'merah', 'putih', 'atau', 'makanan', 'babi', 'gratis', 'kok', 'msci', 'down', 'gred', 'negara', 'kita', 'toh', 'banyak', 'kok', 'negara', 'lain', 'nah', 'jawaban', 'simple', 'bet', 'ketika', 'negara', 'di', 'asia', 'lain', 'stabil', 'duitnya', 'kenapa', 'rupiah', 'sendiri', 'yg', 'ambruk', 'nah', 'lagian', 'di', 'konoha', 'para', 'koruptor', 'di', 'sembah', 'makanya', 'bahaya', 'ni', 'konoha', 'maka', 'asing', 'kabur', 'kebijakan', 'sering', 'berubah', 'arah', 'tuju', 'juga', 'ga', 'jelas']","['msci', 'terpercaya', 'dia', 'bukan', 'perusaan', 'abal', 'kyk', 'program', 'tol', 'lol', 'merah', 'putih', 'makanan', 'babi', 'gratis', 'kok', 'msci', 'down', 'gred', 'negara', 'toh', 'banyak', 'kok', 'negara', 'lain', 'nah', 'jawaban', 'simple', 'bet', 'ketika', 'negara', 'asia', 'lain', 'stabil', 'duitnya', 'kenapa', 'rupiah', 'sendiri', 'yg', 'ambruk', 'nah', 'lagian', 'konoha', 'para', 'koruptor', 'sembah', 'makanya', 'bahaya', 'ni', 'konoha', 'maka', 'asing', 'kabur', 'kebijakan', 'sering', 'berubah', 'arah', 'tuju', 'ga', 'jelas']",msci percaya dia bukan rusa abal kyk program tol lol merah putih makan babi gratis kok msci down gred negara toh banyak kok negara lain nah jawab simple bet ketika negara asia lain stabil duit kenapa rupiah sendiri yg ambruk nah lagi konoha para koruptor sembah makanya bahaya ni konoha maka asing kabur bijak sering ubah arah tuju ga jelas
harus dibasmi itu Bekicot2 ekonomi di indonesia... Pemerintahan Prabowo harus kasih Garam itu para Bekicot...,@moltressatu700,0,Netral,harus dibasmi itu Bekicot ekonomi di indonesia Pemerintahan Prabowo harus kasih Garam itu para Bekicot,harus dibasmi itu bekicot ekonomi di indonesia pemerintahan prabowo harus kasih garam itu para bekicot,"['harus', 'dibasmi', 'itu', 'bekicot', 'ekonomi', 'di', 'indonesia', 'pemerintahan', 'prabowo', 'harus', 'kasih', 'garam', 'itu', 'para', 'bekicot']","['harus', 'dibasmi', 'bekicot', 'ekonomi', 'indonesia', 'pemerintahan', 'prabowo', 'harus', 'kasih', 'garam', 'para', 'bekicot']",harus basmi bekicot ekonomi indonesia perintah prabowo harus kasih garam para bekicot
"bang Bennix mungkin negara kita ini sdng di embargo atau dijegal ekonomi ya secara halus ya😢,,,KY nya ngebet bgt kita biar bubar hancur 😢😢😢Bang Bennix lanjutkan searing literasi ekonominya biar banyak yg melek informasi ekonomi nya😢 Bissmillah SEMANGAT Indonesia qu,,,Salim Salim Salim na ya Allah ya Rabb ya Karim ya Rahman ya Rahim,,,🙏🏻",@R.A_Berkah,0,Netral,bang Bennix mungkin negara kita ini sdng di embargo atau dijegal ekonomi ya secara halus yaKY nya ngebet bgt kita biar bubar hancur Bang Bennix lanjutkan searing literasi ekonominya biar banyak yg melek informasi ekonomi nya Bissmillah SEMANGAT Indonesia quSalim Salim Salim na ya Allah ya Rabb ya Karim ya Rahman ya Rahim,bang bennix mungkin negara kita ini sdng di embargo atau dijegal ekonomi ya secara halus yaky nya ngebet bgt kita biar bubar hancur bang bennix lanjutkan searing literasi ekonominya biar banyak yg melek informasi ekonomi nya bissmillah semangat indonesia qusalim salim salim na ya allah ya rabb ya karim ya rahman ya rahim,"['bang', 'bennix', 'mungkin', 'negara', 'kita', 'ini', 'sdng', 'di', 'embargo', 'atau', 'dijegal', 'ekonomi', 'ya', 'secara', 'halus', 'yaky', 'nya', 'ngebet', 'bgt', 'kita', 'biar', 'bubar', 'hancur', 'bang', 'bennix', 'lanjutkan', 'searing', 'literasi', 'ekonominya', 'biar', 'banyak', 'yg', 'melek', 'informasi', 'ekonomi', 'nya', 'bissmillah', 'semangat', 'indonesia', 'qusalim', 'salim', 'salim', 'na', 'ya', 'allah', 'ya', 'rabb', 'ya', 'karim', 'ya', 'rahman', 'ya', 'rahim']","['bang', 'bennix', 'mungkin', 'negara', 'sdng', 'embargo', 'dijegal', 'ekonomi', 'ya', 'secara', 'halus', 'yaky', 'nya', 'ngebet', 'bgt', 'biar', 'bubar', 'hancur', 'bang', 'bennix', 'lanjutkan', 'searing', 'literasi', 'ekonominya', 'biar', 'banyak', 'yg', 'melek', 'informasi', 'ekonomi', 'nya', 'bissmillah', 'semangat', 'indonesia', 'qusalim', 'salim', 'salim', 'na', 'ya', 'allah', 'ya', 'rabb', 'ya', 'karim', 'ya', 'rahman', 'ya', 'rahim']",bang bennix mungkin negara sdng embargo jegal ekonomi ya cara halus yaky nya ngebet bgt biar bubar hancur bang bennix lanjut aring literasi ekonomi biar banyak yg melek informasi ekonomi nya bissmillah semangat indonesia qusalim salim salim na ya allah ya rabb ya karim ya rahman ya rahim
Kalau mereka bilang kt SDM  rendah. Belum tau aja,@WatiWati-h9b,0,Netral,Kalau mereka bilang kt SDM rendah Belum tau aja,kalau mereka bilang kt sdm rendah belum tau aja,"['kalau', 'mereka', 'bilang', 'kt', 'sdm', 'rendah', 'belum', 'tau', 'aja']","['kalau', 'mereka', 'bilang', 'kt', 'sdm', 'rendah', 'belum', 'tau', 'aja']",kalau mereka bilang kt sdm rendah belum tau aja
Kapan live om,@muhammadafifhaikal8962,0,Netral,Kapan live om,kapan live om,"['kapan', 'live', 'om']","['kapan', 'live', 'om']",kapan live om
"Perang ekonomi global, Indonesia pasar konsumer dan produsen yg sexy di dunia.....calm down brooww.....dunia butuh Indonesia that its....Mereka maunya beli MURAH Indonesia.....🤣🤣🤣🤣🤣Harga diri Bangsa Indonesia lahh....",@lestarirumahmakan9445,0,Netral,Perang ekonomi global Indonesia pasar konsumer dan produsen yg sexy di duniacalm down broowwdunia butuh Indonesia that itsMereka maunya beli MURAH IndonesiaHarga diri Bangsa Indonesia lahh,perang ekonomi global indonesia pasar konsumer dan produsen yg sexy di duniacalm down broowwdunia butuh indonesia that itsmereka maunya beli murah indonesiaharga diri bangsa indonesia lahh,"['perang', 'ekonomi', 'global', 'indonesia', 'pasar', 'konsumer', 'dan', 'produsen', 'yg', 'sexy', 'di', 'duniacalm', 'down', 'broowwdunia', 'butuh', 'indonesia', 'that', 'itsmereka', 'maunya', 'beli', 'murah', 'indonesiaharga', 'diri', 'bangsa', 'indonesia', 'lahh']","['perang', 'ekonomi', 'global', 'indonesia', 'pasar', 'konsumer', 'produsen', 'yg', 'sexy', 'duniacalm', 'down', 'broowwdunia', 'butuh', 'indonesia', 'that', 'itsmereka', 'maunya', 'beli', 'murah', 'indonesiaharga', 'diri', 'bangsa', 'indonesia', 'lahh']",perang ekonomi global indonesia pasar konsumer produsen yg sexy duniacalm down broowwdunia butuh indonesia that itsmereka mau beli murah indonesiaharga diri bangsa indonesia lahh
Rating korupsi maksudnya..,@tubagusramadhan182,0,Negatif,Rating korupsi maksudnya,rating korupsi maksudnya,"['rating', 'korupsi', 'maksudnya']","['rating', 'korupsi', 'maksudnya']",rating korupsi maksud
"Memang bener semenjak pembratasan korupsi....semakin kesini byk musuh....dan musuh itu ya itu rombongan oligarki.....
Makanya semua  buat para kalangannya pemerintah....lebi waspada karena di belakang masih byk orang yg akan menjerumuskan pemerintah...Bakan dia berani membayar untuk melawan.....jdi setiap aparat TNI polisi Bakan pemerintah serta rakyat....mari bersatu supaya negri kita jgn ada orang oarang yg jahil kekayaan alam....yg memperkaya orang oarng penghianat...mari bersatu membantu negara.",@cat_three99,0,Netral,Memang bener semenjak pembratasan korupsisemakin kesini byk musuhdan musuh itu ya itu rombongan oligarki Makanya semua buat para kalangannya pemerintahlebi waspada karena di belakang masih byk orang yg akan menjerumuskan pemerintahBakan dia berani membayar untuk melawanjdi setiap aparat TNI polisi Bakan pemerintah serta rakyatmari bersatu supaya negri kita jgn ada orang oarang yg jahil kekayaan alamyg memperkaya orang oarng penghianatmari bersatu membantu negara,memang bener semenjak pembratasan korupsisemakin kesini byk musuhdan musuh itu ya itu rombongan oligarki makanya semua buat para kalangannya pemerintahlebi waspada karena di belakang masih byk orang yg akan menjerumuskan pemerintahbakan dia berani membayar untuk melawanjdi setiap aparat tni polisi bakan pemerintah serta rakyatmari bersatu supaya negri kita jgn ada orang oarang yg jahil kekayaan alamyg memperkaya orang oarng penghianatmari bersatu membantu negara,"['memang', 'bener', 'semenjak', 'pembratasan', 'korupsisemakin', 'kesini', 'byk', 'musuhdan', 'musuh', 'itu', 'ya', 'itu', 'rombongan', 'oligarki', 'makanya', 'semua', 'buat', 'para', 'kalangannya', 'pemerintahlebi', 'waspada', 'karena', 'di', 'belakang', 'masih', 'byk', 'orang', 'yg', 'akan', 'menjerumuskan', 'pemerintahbakan', 'dia', 'berani', 'membayar', 'untuk', 'melawanjdi', 'setiap', 'aparat', 'tni', 'polisi', 'bakan', 'pemerintah', 'serta', 'rakyatmari', 'bersatu', 'supaya', 'negri', 'kita', 'jgn', 'ada', 'orang', 'oarang', 'yg', 'jahil', 'kekayaan', 'alamyg', 'memperkaya', 'orang', 'oarng', 'penghianatmari', 'bersatu', 'membantu', 'negara']","['memang', 'bener', 'semenjak', 'pembratasan', 'korupsisemakin', 'kesini', 'byk', 'musuhdan', 'musuh', 'ya', 'rombongan', 'oligarki', 'makanya', 'semua', 'buat', 'para', 'kalangannya', 'pemerintahlebi', 'waspada', 'belakang', 'masih', 'byk', 'orang', 'yg', 'akan', 'menjerumuskan', 'pemerintahbakan', 'dia', 'berani', 'membayar', 'melawanjdi', 'setiap', 'aparat', 'tni', 'polisi', 'bakan', 'pemerintah', 'serta', 'rakyatmari', 'bersatu', 'supaya', 'negri', 'jgn', 'ada', 'orang', 'oarang', 'yg', 'jahil', 'kekayaan', 'alamyg', 'memperkaya', 'orang', 'oarng', 'penghianatmari', 'bersatu', 'membantu', 'negara']",memang bener semenjak pembratasan korupsisemakin kesini byk musuhdan musuh ya rombong oligarki makanya semua buat para kalang pemerintahlebi waspada belakang masih byk orang yg akan jerumus pemerintahbakan dia berani bayar melawanjdi tiap aparat tni polisi bak perintah serta rakyatmari satu supaya negri jgn ada orang oarang yg jahil kaya alamyg kaya orang oarng penghianatmari satu bantu negara
Sedih Indonesia kalah sama Malaysia soal reating msci,@fundamentalnumberone,0,Netral,Sedih Indonesia kalah sama Malaysia soal reating msci,sedih indonesia kalah sama malaysia soal reating msci,"['sedih', 'indonesia', 'kalah', 'sama', 'malaysia', 'soal', 'reating', 'msci']","['sedih', 'indonesia', 'kalah', 'sama', 'malaysia', 'soal', 'reating', 'msci']",sedih indonesia kalah sama malaysia soal reating msci
"#BennixGoblok
INILAH ADMIN GOBLOK WARGA INDONESIA YANG SERING BIKIN KONTEN BERITA HOAX SERTA FITNAH TERHADAP MALAYSIA SELAMA INI!! MALAH WARGA PINTER INDONESIA SUDAH UNSUB KANAL MILIK ADMIN GOBLOK WARGA INDONESIA INI KERNA ADMIN GOBLOK WARGA INDONESIA INI CUMA CARI CUAN AJA!! BUKAN MENGAJAR WARGA GOBLOK INDONESIA INI PINTER SAHAM!! GOBLOK NGAK JADI WARGA NEGARA INDONESIA INI?",@MohdYatim-i8z,1,Netral,INILAH ADMIN GOBLOK WARGA INDONESIA YANG SERING BIKIN KONTEN BERITA HOAX SERTA FITNAH TERHADAP MALAYSIA SELAMA INI MALAH WARGA PINTER INDONESIA SUDAH UNSUB KANAL MILIK ADMIN GOBLOK WARGA INDONESIA INI KERNA ADMIN GOBLOK WARGA INDONESIA INI CUMA CARI CUAN AJA BUKAN MENGAJAR WARGA GOBLOK INDONESIA INI PINTER SAHAM GOBLOK NGAK JADI WARGA NEGARA INDONESIA INI,inilah admin goblok warga indonesia yang sering bikin konten berita hoax serta fitnah terhadap malaysia selama ini malah warga pinter indonesia sudah unsub kanal milik admin goblok warga indonesia ini kerna admin goblok warga indonesia ini cuma cari cuan aja bukan mengajar warga goblok indonesia ini pinter saham goblok ngak jadi warga negara indonesia ini,"['inilah', 'admin', 'goblok', 'warga', 'indonesia', 'yang', 'sering', 'bikin', 'konten', 'berita', 'hoax', 'serta', 'fitnah', 'terhadap', 'malaysia', 'selama', 'ini', 'malah', 'warga', 'pinter', 'indonesia', 'sudah', 'unsub', 'kanal', 'milik', 'admin', 'goblok', 'warga', 'indonesia', 'ini', 'kerna', 'admin', 'goblok', 'warga', 'indonesia', 'ini', 'cuma', 'cari', 'cuan', 'aja', 'bukan', 'mengajar', 'warga', 'goblok', 'indonesia', 'ini', 'pinter', 'saham', 'goblok', 'ngak', 'jadi', 'warga', 'negara', 'indonesia', 'ini']","['inilah', 'admin', 'goblok', 'warga', 'indonesia', 'sering', 'bikin', 'konten', 'berita', 'hoax', 'serta', 'fitnah', 'terhadap', 'malaysia', 'selama', 'malah', 'warga', 'pinter', 'indonesia', 'sudah', 'unsub', 'kanal', 'milik', 'admin', 'goblok', 'warga', 'indonesia', 'kerna', 'admin', 'goblok', 'warga', 'indonesia', 'cuma', 'cari', 'cuan', 'aja', 'bukan', 'mengajar', 'warga', 'goblok', 'indonesia', 'pinter', 'saham', 'goblok', 'ngak', 'jadi', 'warga', 'negara', 'indonesia']",ini admin goblok warga indonesia sering bikin konten berita hoax serta fitnah hadap malaysia lama malah warga pinter indonesia sudah unsub kanal milik admin goblok warga indonesia kerna admin goblok warga indonesia cuma cari cuan aja bukan ajar warga goblok indonesia pinter saham goblok ngak jadi warga negara indonesia
Msci itu badan rating palsu dan tidak kompeten dan banyak mafia makanya jgn percaya lagi sama MSCI lagi tapi buktikan sendiri jika Klian berinvestasi,@arkan_2_1,1,Netral,Msci itu badan rating palsu dan tidak kompeten dan banyak mafia makanya jgn percaya lagi sama MSCI lagi tapi buktikan sendiri jika Klian berinvestasi,msci itu badan rating palsu dan tidak kompeten dan banyak mafia makanya jgn percaya lagi sama msci lagi tapi buktikan sendiri jika klian berinvestasi,"['msci', 'itu', 'badan', 'rating', 'palsu', 'dan', 'tidak', 'kompeten', 'dan', 'banyak', 'mafia', 'makanya', 'jgn', 'percaya', 'lagi', 'sama', 'msci', 'lagi', 'tapi', 'buktikan', 'sendiri', 'jika', 'klian', 'berinvestasi']","['msci', 'badan', 'rating', 'palsu', 'tidak', 'kompeten', 'banyak', 'mafia', 'makanya', 'jgn', 'percaya', 'lagi', 'sama', 'msci', 'lagi', 'tapi', 'buktikan', 'sendiri', 'jika', 'klian', 'berinvestasi']",msci badan rating palsu tidak kompeten banyak mafia makanya jgn percaya lagi sama msci lagi tapi bukti sendiri jika klian investasi
Kalau indonesia baik-baik saja kenapa harus takut di downgrade? Katanya bangsa besar yang ga takut kekuatan asing? Kenapa khawatir pihak asing  memberi penilaian negatif. Ekonomi kan kuat ga tergantung asing. Kenapa ngeluarin surat utang dari danantara katanya model temasek. Setahu saya temasek bukan berhutang tapi investasi dari kelebihan dana yg dimiliki negara. Kalo ekonomi kuat ngapain cari utang sampai ke cina?,@solmokompo,0,Positif,Kalau indonesia baikbaik saja kenapa harus takut di downgrade Katanya bangsa besar yang ga takut kekuatan asing Kenapa khawatir pihak asing memberi penilaian negatif Ekonomi kan kuat ga tergantung asing Kenapa ngeluarin surat utang dari danantara katanya model temasek Setahu saya temasek bukan berhutang tapi investasi dari kelebihan dana yg dimiliki negara Kalo ekonomi kuat ngapain cari utang sampai ke cina,kalau indonesia baikbaik saja kenapa harus takut di downgrade katanya bangsa besar yang ga takut kekuatan asing kenapa khawatir pihak asing memberi penilaian negatif ekonomi kan kuat ga tergantung asing kenapa ngeluarin surat utang dari danantara katanya model temasek setahu saya temasek bukan berhutang tapi investasi dari kelebihan dana yg dimiliki negara kalo ekonomi kuat ngapain cari utang sampai ke cina,"['kalau', 'indonesia', 'baikbaik', 'saja', 'kenapa', 'harus', 'takut', 'di', 'downgrade', 'katanya', 'bangsa', 'besar', 'yang', 'ga', 'takut', 'kekuatan', 'asing', 'kenapa', 'khawatir', 'pihak', 'asing', 'memberi', 'penilaian', 'negatif', 'ekonomi', 'kan', 'kuat', 'ga', 'tergantung', 'asing', 'kenapa', 'ngeluarin', 'surat', 'utang', 'dari', 'danantara', 'katanya', 'model', 'temasek', 'setahu', 'saya', 'temasek', 'bukan', 'berhutang', 'tapi', 'investasi', 'dari', 'kelebihan', 'dana', 'yg', 'dimiliki', 'negara', 'kalo', 'ekonomi', 'kuat', 'ngapain', 'cari', 'utang', 'sampai', 'ke', 'cina']","['kalau', 'indonesia', 'baikbaik', 'saja', 'kenapa', 'harus', 'takut', 'downgrade', 'katanya', 'bangsa', 'besar', 'ga', 'takut', 'kekuatan', 'asing', 'kenapa', 'khawatir', 'pihak', 'asing', 'memberi', 'penilaian', 'negatif', 'ekonomi', 'kan', 'kuat', 'ga', 'tergantung', 'asing', 'kenapa', 'ngeluarin', 'surat', 'utang', 'danantara', 'katanya', 'model', 'temasek', 'setahu', 'temasek', 'bukan', 'berhutang', 'tapi', 'investasi', 'kelebihan', 'dana', 'yg', 'dimiliki', 'negara', 'kalo', 'ekonomi', 'kuat', 'ngapain', 'cari', 'utang', 'sampai', 'cina']",kalau indonesia baikbaik saja kenapa harus takut downgrade kata bangsa besar ga takut kuat asing kenapa khawatir pihak asing beri nilai negatif ekonomi kan kuat ga gantung asing kenapa ngeluarin surat utang danantara kata model temasek tahu temasek bukan hutang tapi investasi lebih dana yg milik negara kalo ekonomi kuat ngapain cari utang sampai cina
"Edukasi mengenai informasi wajib diajarkan di sekolah. Metode ini bakal berguna juga membuat masyarakat lebih awas. Satu juga yg pasti akan nyambung dengan edukasi itu, efeknya jadi lebih bertanggung jawab thdp apa yg di omongin, dan ini salah satu pilar penting buat pemimpin2 masa depan.",@LeiteFrandale,0,Netral,Edukasi mengenai informasi wajib diajarkan di sekolah Metode ini bakal berguna juga membuat masyarakat lebih awas Satu juga yg pasti akan nyambung dengan edukasi itu efeknya jadi lebih bertanggung jawab thdp apa yg di omongin dan ini salah satu pilar penting buat pemimpin masa depan,edukasi mengenai informasi wajib diajarkan di sekolah metode ini bakal berguna juga membuat masyarakat lebih awas satu juga yg pasti akan nyambung dengan edukasi itu efeknya jadi lebih bertanggung jawab thdp apa yg di omongin dan ini salah satu pilar penting buat pemimpin masa depan,"['edukasi', 'mengenai', 'informasi', 'wajib', 'diajarkan', 'di', 'sekolah', 'metode', 'ini', 'bakal', 'berguna', 'juga', 'membuat', 'masyarakat', 'lebih', 'awas', 'satu', 'juga', 'yg', 'pasti', 'akan', 'nyambung', 'dengan', 'edukasi', 'itu', 'efeknya', 'jadi', 'lebih', 'bertanggung', 'jawab', 'thdp', 'apa', 'yg', 'di', 'omongin', 'dan', 'ini', 'salah', 'satu', 'pilar', 'penting', 'buat', 'pemimpin', 'masa', 'depan']","['edukasi', 'mengenai', 'informasi', 'wajib', 'diajarkan', 'sekolah', 'metode', 'bakal', 'berguna', 'membuat', 'masyarakat', 'lebih', 'awas', 'satu', 'yg', 'pasti', 'akan', 'nyambung', 'edukasi', 'efeknya', 'jadi', 'lebih', 'bertanggung', 'jawab', 'thdp', 'apa', 'yg', 'omongin', 'salah', 'satu', 'pilar', 'penting', 'buat', 'pemimpin', 'masa', 'depan']",edukasi kena informasi wajib ajar sekolah metode bakal guna buat masyarakat lebih awas satu yg pasti akan nyambung edukasi efek jadi lebih tanggung jawab thdp apa yg omongin salah satu pilar penting buat pimpin masa depan
Tempe bacem media penyokong LGBT 😮,@dodipriyanto-e7i,0,Netral,Tempe bacem media penyokong LGBT,tempe bacem media penyokong lgbt,"['tempe', 'bacem', 'media', 'penyokong', 'lgbt']","['tempe', 'bacem', 'media', 'penyokong', 'lgbt']",tempe bacem media sokong lgbt
katanya dulu donald Trump juga main curang dimana perusahaan yg dia bikin bangkrut bersama investor. sementara keuangan pribadinya meningkat pesat   bahkan berkali kali pola yang sama dia pakai untuk kekayaan pribadinya.,@budiberseri5685,0,Netral,katanya dulu donald Trump juga main curang dimana perusahaan yg dia bikin bangkrut bersama investor sementara keuangan pribadinya meningkat pesat bahkan berkali kali pola yang sama dia pakai untuk kekayaan pribadinya,katanya dulu donald trump juga main curang dimana perusahaan yg dia bikin bangkrut bersama investor sementara keuangan pribadinya meningkat pesat bahkan berkali kali pola yang sama dia pakai untuk kekayaan pribadinya,"['katanya', 'dulu', 'donald', 'trump', 'juga', 'main', 'curang', 'dimana', 'perusahaan', 'yg', 'dia', 'bikin', 'bangkrut', 'bersama', 'investor', 'sementara', 'keuangan', 'pribadinya', 'meningkat', 'pesat', 'bahkan', 'berkali', 'kali', 'pola', 'yang', 'sama', 'dia', 'pakai', 'untuk', 'kekayaan', 'pribadinya']","['katanya', 'dulu', 'donald', 'trump', 'main', 'curang', 'dimana', 'perusahaan', 'yg', 'dia', 'bikin', 'bangkrut', 'bersama', 'investor', 'sementara', 'keuangan', 'pribadinya', 'meningkat', 'pesat', 'bahkan', 'berkali', 'kali', 'pola', 'sama', 'dia', 'pakai', 'kekayaan', 'pribadinya']",kata dulu donald trump main curang mana usaha yg dia bikin bangkrut sama investor sementara uang pribadi tingkat pesat bahkan kali kali pola sama dia pakai kaya pribadi
Di Asia bursa efek indonesia cuma kalah sm 2 negara...1 cina..yg ke 2 mungkin singapura yg bentar lagi hancur,@dwiduwok1496,0,Netral,Di Asia bursa efek indonesia cuma kalah sm negara cinayg ke mungkin singapura yg bentar lagi hancur,di asia bursa efek indonesia cuma kalah sm negara cinayg ke mungkin singapura yg bentar lagi hancur,"['di', 'asia', 'bursa', 'efek', 'indonesia', 'cuma', 'kalah', 'sm', 'negara', 'cinayg', 'ke', 'mungkin', 'singapura', 'yg', 'bentar', 'lagi', 'hancur']","['asia', 'bursa', 'efek', 'indonesia', 'cuma', 'kalah', 'sm', 'negara', 'cinayg', 'mungkin', 'singapura', 'yg', 'bentar', 'lagi', 'hancur']",asia bursa efek indonesia cuma kalah sm negara cinayg mungkin singapura yg bentar lagi hancur
Setujuu... Mereka antek antek Singapur yg jilat jempol kaki.. nya sampe kinclong dsr penghianat😬,@Bebegigg,0,Positif,Setujuu Mereka antek antek Singapur yg jilat jempol kaki nya sampe kinclong dsr penghianat,setujuu mereka antek antek singapur yg jilat jempol kaki nya sampe kinclong dsr penghianat,"['setujuu', 'mereka', 'antek', 'antek', 'singapur', 'yg', 'jilat', 'jempol', 'kaki', 'nya', 'sampe', 'kinclong', 'dsr', 'penghianat']","['setujuu', 'mereka', 'antek', 'antek', 'singapur', 'yg', 'jilat', 'jempol', 'kaki', 'nya', 'sampe', 'kinclong', 'dsr', 'penghianat']",setujuu mereka antek antek singapur yg jilat jempol kaki nya sampe kinclong dsr penghianat
harus diakui malaysia nomor 2 setelah China. okelah.. semoga regulator kita bisa memperbaiki lebih bagus lagi kedepannya,@ndutzyyman3319,0,Positif,harus diakui malaysia nomor setelah China okelah semoga regulator kita bisa memperbaiki lebih bagus lagi kedepannya,harus diakui malaysia nomor setelah china okelah semoga regulator kita bisa memperbaiki lebih bagus lagi kedepannya,"['harus', 'diakui', 'malaysia', 'nomor', 'setelah', 'china', 'okelah', 'semoga', 'regulator', 'kita', 'bisa', 'memperbaiki', 'lebih', 'bagus', 'lagi', 'kedepannya']","['harus', 'diakui', 'malaysia', 'nomor', 'setelah', 'china', 'okelah', 'semoga', 'regulator', 'bisa', 'memperbaiki', 'lebih', 'bagus', 'lagi', 'kedepannya']",harus aku malaysia nomor telah china oke moga regulator bisa baik lebih bagus lagi depan
😅😅,@BUMNnr,0,Netral,,,[],[],
"Berita2 itu dibuat utk mendukung para pendemo
Jadi berita itu dijadikan dasar informasinya ..utk para pendemo teriak2 ..dan ternyata HOAX .. ??",@ednarsa-d8t,0,Netral,Berita itu dibuat utk mendukung para pendemo Jadi berita itu dijadikan dasar informasinya utk para pendemo teriak dan ternyata HOAX,berita itu dibuat utk mendukung para pendemo jadi berita itu dijadikan dasar informasinya utk para pendemo teriak dan ternyata hoax,"['berita', 'itu', 'dibuat', 'utk', 'mendukung', 'para', 'pendemo', 'jadi', 'berita', 'itu', 'dijadikan', 'dasar', 'informasinya', 'utk', 'para', 'pendemo', 'teriak', 'dan', 'ternyata', 'hoax']","['berita', 'dibuat', 'utk', 'mendukung', 'para', 'pendemo', 'jadi', 'berita', 'dijadikan', 'dasar', 'informasinya', 'utk', 'para', 'pendemo', 'teriak', 'ternyata', 'hoax']",berita buat utk dukung para demo jadi berita jadi dasar informasi utk para demo teriak nyata hoax
TRIMAKASIH BÀNG BEN PENCERAHÀNNYA....BIÀR RAKYAT INDONESIA PINTAR2 JANGAN MÀU DIBODOHIN SINGÀPURA TERUS......TERNYATA...SINGAPURA...AMERIKA...ISRAEL ITU PAKET KOMPLIT...UNTUK MENGHANCURKAN EKONOMI INDONESIA...LEWAT DOLLARNYA...KAPITALISME ITU BISANYA MENGADU DOMPA POLITIK2 DIINDONESIA BIAR INDONESIA RUSUH...BIAR INDONESIA KACAU.....RAKYATNYA BISA DISOGOK SUPAYA DEMO...MEDIA2NYA DIBAYAR SUPAYA BIKIN PROPAGANDA...BIAR EKONOMINYA LEMAH....KITA BARU SADAR....TERNYATA KAPITALISME SINGAPURA SENGAJA MENYEDOT SUMBER DAYA ALAM INDONESIA....IBARAT SINGAPURA ITU LINTAH DARAT...DARAH KITA DISEDOT HABIS2AN...DAN BENAR2 MEREKA ITU BENALU....DITAMBAH LAGI DISINI BÀNYAK PENGHIANÀT NEGARA MEREKA KERJÀ SAMÀ DENGÀN OLIGARKI SINGÀPURA.....DAN RÀKYAT INDONESIÀ  MULAI HARI INI SADAR ...YG SELAMA INI DIIII. BBBBOOOODDDOOOHHHIIIINNN SINGAPURA...,@UjangNurhanudin,0,Netral,TRIMAKASIH BNG BEN PENCERAHNNYABIR RAKYAT INDONESIA PINTAR JANGAN MU DIBODOHIN SINGPURA TERUSTERNYATASINGAPURAAMERIKAISRAEL ITU PAKET KOMPLITUNTUK MENGHANCURKAN EKONOMI INDONESIALEWAT DOLLARNYAKAPITALISME ITU BISANYA MENGADU DOMPA POLITIK DIINDONESIA BIAR INDONESIA RUSUHBIAR INDONESIA KACAURAKYATNYA BISA DISOGOK SUPAYA DEMOMEDIANYA DIBAYAR SUPAYA BIKIN PROPAGANDABIAR EKONOMINYA LEMAHKITA BARU SADARTERNYATA KAPITALISME SINGAPURA SENGAJA MENYEDOT SUMBER DAYA ALAM INDONESIAIBARAT SINGAPURA ITU LINTAH DARATDARAH KITA DISEDOT HABISANDAN BENAR MEREKA ITU BENALUDITAMBAH LAGI DISINI BNYAK PENGHIANT NEGARA MEREKA KERJ SAM DENGN OLIGARKI SINGPURADAN RKYAT INDONESI MULAI HARI INI SADAR YG SELAMA INI DIIII BBBBOOOODDDOOOHHHIIIINNN SINGAPURA,trimakasih bng ben pencerahnnyabir rakyat indonesia pintar jangan mu dibodohin singpura terusternyatasingapuraamerikaisrael itu paket komplituntuk menghancurkan ekonomi indonesialewat dollarnyakapitalisme itu bisanya mengadu dompa politik diindonesia biar indonesia rusuhbiar indonesia kacaurakyatnya bisa disogok supaya demomedianya dibayar supaya bikin propagandabiar ekonominya lemahkita baru sadarternyata kapitalisme singapura sengaja menyedot sumber daya alam indonesiaibarat singapura itu lintah daratdarah kita disedot habisandan benar mereka itu benaluditambah lagi disini bnyak penghiant negara mereka kerj sam dengn oligarki singpuradan rkyat indonesi mulai hari ini sadar yg selama ini diiii bbbboooodddooohhhiiiinnn singapura,"['trimakasih', 'bng', 'ben', 'pencerahnnyabir', 'rakyat', 'indonesia', 'pintar', 'jangan', 'mu', 'dibodohin', 'singpura', 'terusternyatasingapuraamerikaisrael', 'itu', 'paket', 'komplituntuk', 'menghancurkan', 'ekonomi', 'indonesialewat', 'dollarnyakapitalisme', 'itu', 'bisanya', 'mengadu', 'dompa', 'politik', 'diindonesia', 'biar', 'indonesia', 'rusuhbiar', 'indonesia', 'kacaurakyatnya', 'bisa', 'disogok', 'supaya', 'demomedianya', 'dibayar', 'supaya', 'bikin', 'propagandabiar', 'ekonominya', 'lemahkita', 'baru', 'sadarternyata', 'kapitalisme', 'singapura', 'sengaja', 'menyedot', 'sumber', 'daya', 'alam', 'indonesiaibarat', 'singapura', 'itu', 'lintah', 'daratdarah', 'kita', 'disedot', 'habisandan', 'benar', 'mereka', 'itu', 'benaluditambah', 'lagi', 'disini', 'bnyak', 'penghiant', 'negara', 'mereka', 'kerj', 'sam', 'dengn', 'oligarki', 'singpuradan', 'rkyat', 'indonesi', 'mulai', 'hari', 'ini', 'sadar', 'yg', 'selama', 'ini', 'diiii', 'bbbboooodddooohhhiiiinnn', 'singapura']","['trimakasih', 'bng', 'ben', 'pencerahnnyabir', 'rakyat', 'indonesia', 'pintar', 'jangan', 'mu', 'dibodohin', 'singpura', 'terusternyatasingapuraamerikaisrael', 'paket', 'komplituntuk', 'menghancurkan', 'ekonomi', 'indonesialewat', 'dollarnyakapitalisme', 'bisanya', 'mengadu', 'dompa', 'politik', 'diindonesia', 'biar', 'indonesia', 'rusuhbiar', 'indonesia', 'kacaurakyatnya', 'bisa', 'disogok', 'supaya', 'demomedianya', 'dibayar', 'supaya', 'bikin', 'propagandabiar', 'ekonominya', 'lemahkita', 'baru', 'sadarternyata', 'kapitalisme', 'singapura', 'sengaja', 'menyedot', 'sumber', 'daya', 'alam', 'indonesiaibarat', 'singapura', 'lintah', 'daratdarah', 'disedot', 'habisandan', 'benar', 'mereka', 'benaluditambah', 'lagi', 'disini', 'bnyak', 'penghiant', 'negara', 'mereka', 'kerj', 'sam', 'dengn', 'oligarki', 'singpuradan', 'rkyat', 'indonesi', 'mulai', 'hari', 'sadar', 'yg', 'selama', 'diiii', 'bbbboooodddooohhhiiiinnn', 'singapura']",trimakasih bng ben pencerahnnyabir rakyat indonesia pintar jangan mu dibodohin singpura terusternyatasingapuraamerikaisrael paket komplituntuk hancur ekonomi indonesialewat dollarnyakapitalisme bisa adu dompa politik indonesia biar indonesia rusuhbiar indonesia kacaurakyatnya bisa sogok supaya demomedianya bayar supaya bikin propagandabiar ekonomi lemahkita baru sadarternyata kapitalisme singapura sengaja sedot sumber daya alam indonesiaibarat singapura lintah daratdarah sedot habisandan benar mereka benaluditambah lagi sini bnyak penghiant negara mereka kerj sam dengn oligarki singpuradan rkyat indonesi mulai hari sadar yg lama diiii bbbboooodddooohhhiiiinnn singapura
"Rudal Aja kantor MSCI kan punya Rafale..... Kasih paham yang tegas,ini loh negara besar klo ngamuk 😂",@Hadiprayitno.7,0,Netral,Rudal Aja kantor MSCI kan punya Rafale Kasih paham yang tegasini loh negara besar klo ngamuk,rudal aja kantor msci kan punya rafale kasih paham yang tegasini loh negara besar klo ngamuk,"['rudal', 'aja', 'kantor', 'msci', 'kan', 'punya', 'rafale', 'kasih', 'paham', 'yang', 'tegasini', 'loh', 'negara', 'besar', 'klo', 'ngamuk']","['rudal', 'aja', 'kantor', 'msci', 'kan', 'punya', 'rafale', 'kasih', 'paham', 'tegasini', 'loh', 'negara', 'besar', 'klo', 'ngamuk']",rudal aja kantor msci kan punya rafale kasih paham tegasini loh negara besar klo ngamuk
"Intinya kalo kalian percaya Tempo, fix kalian aneh😂😂",@dhermawan3586,0,Netral,Intinya kalo kalian percaya Tempo fix kalian aneh,intinya kalo kalian percaya tempo fix kalian aneh,"['intinya', 'kalo', 'kalian', 'percaya', 'tempo', 'fix', 'kalian', 'aneh']","['intinya', 'kalo', 'kalian', 'percaya', 'tempo', 'fix', 'kalian', 'aneh']",inti kalo kalian percaya tempo fix kalian aneh
ikan hiu makan permen karet msci!!!!!!........ tolong terangin dong bang bennix,@sst9789,0,Netral,ikan hiu makan permen karet msci tolong terangin dong bang bennix,ikan hiu makan permen karet msci tolong terangin dong bang bennix,"['ikan', 'hiu', 'makan', 'permen', 'karet', 'msci', 'tolong', 'terangin', 'dong', 'bang', 'bennix']","['ikan', 'hiu', 'makan', 'permen', 'karet', 'msci', 'tolong', 'terangin', 'dong', 'bang', 'bennix']",ikan hiu makan permen karet msci tolong angin dong bang bennix
"Indonesia sedang dlm msa transisi reformasi ekonomi wajar bila tengkulak kaget,,tinggal adu kuat-kuatan aja,tapi yakinlah bila kita sukses melewati masa transisi ini yakin Indonesia akan lebih cepat berkembang",@fajrimuhani2710,0,Positif,Indonesia sedang dlm msa transisi reformasi ekonomi wajar bila tengkulak kagettinggal adu kuatkuatan ajatapi yakinlah bila kita sukses melewati masa transisi ini yakin Indonesia akan lebih cepat berkembang,indonesia sedang dlm msa transisi reformasi ekonomi wajar bila tengkulak kagettinggal adu kuatkuatan ajatapi yakinlah bila kita sukses melewati masa transisi ini yakin indonesia akan lebih cepat berkembang,"['indonesia', 'sedang', 'dlm', 'msa', 'transisi', 'reformasi', 'ekonomi', 'wajar', 'bila', 'tengkulak', 'kagettinggal', 'adu', 'kuatkuatan', 'ajatapi', 'yakinlah', 'bila', 'kita', 'sukses', 'melewati', 'masa', 'transisi', 'ini', 'yakin', 'indonesia', 'akan', 'lebih', 'cepat', 'berkembang']","['indonesia', 'sedang', 'dlm', 'msa', 'transisi', 'reformasi', 'ekonomi', 'wajar', 'bila', 'tengkulak', 'kagettinggal', 'adu', 'kuatkuatan', 'ajatapi', 'yakinlah', 'bila', 'sukses', 'melewati', 'masa', 'transisi', 'yakin', 'indonesia', 'akan', 'lebih', 'cepat', 'berkembang']",indonesia sedang dlm msa transisi reformasi ekonomi wajar bila tengkulak kagettinggal adu kuatkuatan ajatapi yakin bila sukses lewat masa transisi yakin indonesia akan lebih cepat kembang
Anjing peliharaan lhon pororo,@anditonianditoni6323,0,Netral,Anjing peliharaan lhon pororo,anjing peliharaan lhon pororo,"['anjing', 'peliharaan', 'lhon', 'pororo']","['anjing', 'peliharaan', 'lhon', 'pororo']",anjing pelihara lhon pororo
Indonesia gelap gelita..,@redmiredmi4801,0,Netral,Indonesia gelap gelita,indonesia gelap gelita,"['indonesia', 'gelap', 'gelita']","['indonesia', 'gelap', 'gelita']",indonesia gelap gelita
"Coba bahas propaganda LGBTQ yang marak akhir akhir ini sesuai prediksi bennix, coba buat vidio khusus menjelaskan ada apa sebetul nya.",@udanggorengtepung123,0,Netral,Coba bahas propaganda LGBTQ yang marak akhir akhir ini sesuai prediksi bennix coba buat vidio khusus menjelaskan ada apa sebetul nya,coba bahas propaganda lgbtq yang marak akhir akhir ini sesuai prediksi bennix coba buat vidio khusus menjelaskan ada apa sebetul nya,"['coba', 'bahas', 'propaganda', 'lgbtq', 'yang', 'marak', 'akhir', 'akhir', 'ini', 'sesuai', 'prediksi', 'bennix', 'coba', 'buat', 'vidio', 'khusus', 'menjelaskan', 'ada', 'apa', 'sebetul', 'nya']","['coba', 'bahas', 'propaganda', 'lgbtq', 'marak', 'akhir', 'akhir', 'sesuai', 'prediksi', 'bennix', 'coba', 'buat', 'vidio', 'khusus', 'menjelaskan', 'ada', 'apa', 'sebetul', 'nya']",coba bahas propaganda lgbtq marak akhir akhir sesuai prediksi bennix coba buat vidio khusus jelas ada apa betul nya
Truskan ben aku suka,@SigitAisah,0,Netral,Truskan ben aku suka,truskan ben aku suka,"['truskan', 'ben', 'aku', 'suka']","['truskan', 'ben', 'aku', 'suka']",truskan ben aku suka
"karena kontem kreator sekarang jualannya trafik, jadi konten yang rame itu saat ini yang nyinyir2, jangankan memuji pemerintah, bikin komentar netral aja gak bakalan laku. semua harus insecure berjamaah, kalau tidak insecure akan di cap buzzer pemerintah.😅",@jendralsarap1616,0,Netral,karena kontem kreator sekarang jualannya trafik jadi konten yang rame itu saat ini yang nyinyir jangankan memuji pemerintah bikin komentar netral aja gak bakalan laku semua harus insecure berjamaah kalau tidak insecure akan di cap buzzer pemerintah,karena kontem kreator sekarang jualannya trafik jadi konten yang rame itu saat ini yang nyinyir jangankan memuji pemerintah bikin komentar netral aja gak bakalan laku semua harus insecure berjamaah kalau tidak insecure akan di cap buzzer pemerintah,"['karena', 'kontem', 'kreator', 'sekarang', 'jualannya', 'trafik', 'jadi', 'konten', 'yang', 'rame', 'itu', 'saat', 'ini', 'yang', 'nyinyir', 'jangankan', 'memuji', 'pemerintah', 'bikin', 'komentar', 'netral', 'aja', 'gak', 'bakalan', 'laku', 'semua', 'harus', 'insecure', 'berjamaah', 'kalau', 'tidak', 'insecure', 'akan', 'di', 'cap', 'buzzer', 'pemerintah']","['kontem', 'kreator', 'sekarang', 'jualannya', 'trafik', 'jadi', 'konten', 'rame', 'saat', 'nyinyir', 'jangankan', 'memuji', 'pemerintah', 'bikin', 'komentar', 'netral', 'aja', 'gak', 'bakalan', 'laku', 'semua', 'harus', 'insecure', 'berjamaah', 'kalau', 'tidak', 'insecure', 'akan', 'cap', 'buzzer', 'pemerintah']",kontem kreator sekarang jual trafik jadi konten rame saat nyinyir jangan puji perintah bikin komentar netral aja gak bakal laku semua harus insecure jamaah kalau tidak insecure akan cap buzzer perintah
Fitnah dajjal akhr jaman udh pst..,@UcokBaba-n8p,0,Netral,Fitnah dajjal akhr jaman udh pst,fitnah dajjal akhr jaman udh pst,"['fitnah', 'dajjal', 'akhr', 'jaman', 'udh', 'pst']","['fitnah', 'dajjal', 'akhr', 'jaman', 'udh', 'pst']",fitnah dajjal akhr jaman udh pst
Apa gak bisa di tuntut media luar yang memberitakan  hal buruk dan tidak benar,@JamilUdin-p1h,0,Negatif,Apa gak bisa di tuntut media luar yang memberitakan hal buruk dan tidak benar,apa gak bisa di tuntut media luar yang memberitakan hal buruk dan tidak benar,"['apa', 'gak', 'bisa', 'di', 'tuntut', 'media', 'luar', 'yang', 'memberitakan', 'hal', 'buruk', 'dan', 'tidak', 'benar']","['apa', 'gak', 'bisa', 'tuntut', 'media', 'luar', 'memberitakan', 'hal', 'buruk', 'tidak', 'benar']",apa gak bisa tuntut media luar berita hal buruk tidak benar
"Semoga Prabowo dan DPR nonton bennix, biar Dirut BEI bisa bekerja dg target presisi. Jangan diberi kuasa besar tapi tumpul eksekusinya. Keren si Bennix, gacor habis deh.",@techkings1034,0,Netral,Semoga Prabowo dan DPR nonton bennix biar Dirut BEI bisa bekerja dg target presisi Jangan diberi kuasa besar tapi tumpul eksekusinya Keren si Bennix gacor habis deh,semoga prabowo dan dpr nonton bennix biar dirut bei bisa bekerja dg target presisi jangan diberi kuasa besar tapi tumpul eksekusinya keren si bennix gacor habis deh,"['semoga', 'prabowo', 'dan', 'dpr', 'nonton', 'bennix', 'biar', 'dirut', 'bei', 'bisa', 'bekerja', 'dg', 'target', 'presisi', 'jangan', 'diberi', 'kuasa', 'besar', 'tapi', 'tumpul', 'eksekusinya', 'keren', 'si', 'bennix', 'gacor', 'habis', 'deh']","['semoga', 'prabowo', 'dpr', 'nonton', 'bennix', 'biar', 'dirut', 'bei', 'bisa', 'bekerja', 'dg', 'target', 'presisi', 'jangan', 'diberi', 'kuasa', 'besar', 'tapi', 'tumpul', 'eksekusinya', 'keren', 'si', 'bennix', 'gacor', 'habis', 'deh']",moga prabowo dpr nonton bennix biar dirut bei bisa kerja dg target presisi jangan beri kuasa besar tapi tumpul eksekusi keren si bennix gacor habis deh
"George Soros berak aja, indonesia guncang

😂😂😂",@jacklesmana2833,0,Netral,George Soros berak aja indonesia guncang,george soros berak aja indonesia guncang,"['george', 'soros', 'berak', 'aja', 'indonesia', 'guncang']","['george', 'soros', 'berak', 'aja', 'indonesia', 'guncang']",george soros berak aja indonesia guncang
Kapan live om? 😅,@riokurniawan1875,0,Netral,Kapan live om,kapan live om,"['kapan', 'live', 'om']","['kapan', 'live', 'om']",kapan live om
Terimakasih bang Bennix compare dan ilmunya .Sangat mencerahkan dan membuat semakin pintar rakyat Indonesia,@nimatulhady6671,0,Netral,Terimakasih bang Bennix compare dan ilmunya Sangat mencerahkan dan membuat semakin pintar rakyat Indonesia,terimakasih bang bennix compare dan ilmunya sangat mencerahkan dan membuat semakin pintar rakyat indonesia,"['terimakasih', 'bang', 'bennix', 'compare', 'dan', 'ilmunya', 'sangat', 'mencerahkan', 'dan', 'membuat', 'semakin', 'pintar', 'rakyat', 'indonesia']","['terimakasih', 'bang', 'bennix', 'compare', 'ilmunya', 'sangat', 'mencerahkan', 'membuat', 'semakin', 'pintar', 'rakyat', 'indonesia']",terimakasih bang bennix compare ilmu sangat cerah buat makin pintar rakyat indonesia
kesempatan buyback besar-besaran sebenarnya,@bedhenis,0,Netral,kesempatan buyback besarbesaran sebenarnya,kesempatan buyback besarbesaran sebenarnya,"['kesempatan', 'buyback', 'besarbesaran', 'sebenarnya']","['kesempatan', 'buyback', 'besarbesaran', 'sebenarnya']",sempat buyback besarbesaran benar
"Cerdas lo bang, all In konglo besok serok bawah...",@thoriqguruPJOK,0,Netral,Cerdas lo bang all In konglo besok serok bawah,cerdas lo bang all in konglo besok serok bawah,"['cerdas', 'lo', 'bang', 'all', 'in', 'konglo', 'besok', 'serok', 'bawah']","['cerdas', 'lo', 'bang', 'all', 'in', 'konglo', 'besok', 'serok', 'bawah']",cerdas lo bang all in konglo besok serok bawah
Otak otak jos Soros,@KusnanKusnan-os7wm,0,Netral,Otak otak jos Soros,otak otak jos soros,"['otak', 'otak', 'jos', 'soros']","['otak', 'otak', 'jos', 'soros']",otak otak jos soros
dia mah postingannya negatif terus yang di post,@Raff789,0,Netral,dia mah postingannya negatif terus yang di post,dia mah postingannya negatif terus yang di post,"['dia', 'mah', 'postingannya', 'negatif', 'terus', 'yang', 'di', 'post']","['dia', 'mah', 'postingannya', 'negatif', 'terus', 'post']",dia mah postingannya negatif terus post
Tempo Hadir😅😅😅😅,@Pathur-i7d,0,Netral,Tempo Hadir,tempo hadir,"['tempo', 'hadir']","['tempo', 'hadir']",tempo hadir
pemerintah harus buka mata bukan tutup mata jangan main di belakang.,@SelvioktaDanis,0,Netral,pemerintah harus buka mata bukan tutup mata jangan main di belakang,pemerintah harus buka mata bukan tutup mata jangan main di belakang,"['pemerintah', 'harus', 'buka', 'mata', 'bukan', 'tutup', 'mata', 'jangan', 'main', 'di', 'belakang']","['pemerintah', 'harus', 'buka', 'mata', 'bukan', 'tutup', 'mata', 'jangan', 'main', 'belakang']",perintah harus buka mata bukan tutup mata jangan main belakang
"Cuma ada 3 kemungkinan yg kira"" Orang tolol yg tinggal di negaranya sendiri tapi malah menggaungkan down grade saham di negaranya sendiri.
-ga main saham
-duitnya liau dibawa kabur emiten Abal""
-emang udah kerjaannya karena dibayar oleh kelompok",@RikipongCahya,0,Netral,Cuma ada kemungkinan yg kira Orang tolol yg tinggal di negaranya sendiri tapi malah menggaungkan down grade saham di negaranya sendiri ga main saham duitnya liau dibawa kabur emiten Abal emang udah kerjaannya karena dibayar oleh kelompok,cuma ada kemungkinan yg kira orang tolol yg tinggal di negaranya sendiri tapi malah menggaungkan down grade saham di negaranya sendiri ga main saham duitnya liau dibawa kabur emiten abal emang udah kerjaannya karena dibayar oleh kelompok,"['cuma', 'ada', 'kemungkinan', 'yg', 'kira', 'orang', 'tolol', 'yg', 'tinggal', 'di', 'negaranya', 'sendiri', 'tapi', 'malah', 'menggaungkan', 'down', 'grade', 'saham', 'di', 'negaranya', 'sendiri', 'ga', 'main', 'saham', 'duitnya', 'liau', 'dibawa', 'kabur', 'emiten', 'abal', 'emang', 'udah', 'kerjaannya', 'karena', 'dibayar', 'oleh', 'kelompok']","['cuma', 'ada', 'kemungkinan', 'yg', 'kira', 'orang', 'tolol', 'yg', 'tinggal', 'negaranya', 'sendiri', 'tapi', 'malah', 'menggaungkan', 'down', 'grade', 'saham', 'negaranya', 'sendiri', 'ga', 'main', 'saham', 'duitnya', 'liau', 'dibawa', 'kabur', 'emiten', 'abal', 'emang', 'udah', 'kerjaannya', 'dibayar', 'oleh', 'kelompok']",cuma ada mungkin yg kira orang tolol yg tinggal negara sendiri tapi malah gaung down grade saham negara sendiri ga main saham duit liau bawa kabur emiten abal emang udah kerja bayar oleh kelompok
mengapa  byk yg ikut menjelekan ?karena sudut pandang yg sempit.semoga jaya Indonesia,@clecs1861,0,Negatif,mengapa byk yg ikut menjelekan karena sudut pandang yg sempitsemoga jaya Indonesia,mengapa byk yg ikut menjelekan karena sudut pandang yg sempitsemoga jaya indonesia,"['mengapa', 'byk', 'yg', 'ikut', 'menjelekan', 'karena', 'sudut', 'pandang', 'yg', 'sempitsemoga', 'jaya', 'indonesia']","['mengapa', 'byk', 'yg', 'ikut', 'menjelekan', 'sudut', 'pandang', 'yg', 'sempitsemoga', 'jaya', 'indonesia']",mengapa byk yg ikut jelek sudut pandang yg sempitsemoga jaya indonesia
ah...media singapura...masuk akal,@_unknown123.,0,Netral,ahmedia singapuramasuk akal,ahmedia singapuramasuk akal,"['ahmedia', 'singapuramasuk', 'akal']","['ahmedia', 'singapuramasuk', 'akal']",ahmedia singapuramasuk akal
Bukannya emang algoritma di internet itu lebih naikin berita2 buruk tentang pemerintah ya?(Atau mungkin in berita buruk in general),@irsyaadkenway,0,Negatif,Bukannya emang algoritma di internet itu lebih naikin berita buruk tentang pemerintah yaAtau mungkin in berita buruk in general,bukannya emang algoritma di internet itu lebih naikin berita buruk tentang pemerintah yaatau mungkin in berita buruk in general,"['bukannya', 'emang', 'algoritma', 'di', 'internet', 'itu', 'lebih', 'naikin', 'berita', 'buruk', 'tentang', 'pemerintah', 'yaatau', 'mungkin', 'in', 'berita', 'buruk', 'in', 'general']","['bukannya', 'emang', 'algoritma', 'internet', 'lebih', 'naikin', 'berita', 'buruk', 'tentang', 'pemerintah', 'yaatau', 'mungkin', 'in', 'berita', 'buruk', 'in', 'general']",bukan emang algoritma internet lebih naikin berita buruk tentang perintah yaatau mungkin in berita buruk in general
"Orang yang seneng berharap indonesia gelap, indonesia bubar itu orang goblok penghianat bangsa ahli neraka jahanam...",@Sayanganak-2605,0,Netral,Orang yang seneng berharap indonesia gelap indonesia bubar itu orang goblok penghianat bangsa ahli neraka jahanam,orang yang seneng berharap indonesia gelap indonesia bubar itu orang goblok penghianat bangsa ahli neraka jahanam,"['orang', 'yang', 'seneng', 'berharap', 'indonesia', 'gelap', 'indonesia', 'bubar', 'itu', 'orang', 'goblok', 'penghianat', 'bangsa', 'ahli', 'neraka', 'jahanam']","['orang', 'seneng', 'berharap', 'indonesia', 'gelap', 'indonesia', 'bubar', 'orang', 'goblok', 'penghianat', 'bangsa', 'ahli', 'neraka', 'jahanam']",orang neng harap indonesia gelap indonesia bubar orang goblok penghianat bangsa ahli neraka jahanam
Mereka di bayar trilyuner,@bintangbara9743,0,Netral,Mereka di bayar trilyuner,mereka di bayar trilyuner,"['mereka', 'di', 'bayar', 'trilyuner']","['mereka', 'bayar', 'trilyuner']",mereka bayar trilyuner
"Asia biggest: 
1. China..
2. Singapura 
3. Indonesia.. ❤❤",@djakawitaya2195,0,Netral,Asia biggest China Singapura Indonesia,asia biggest china singapura indonesia,"['asia', 'biggest', 'china', 'singapura', 'indonesia']","['asia', 'biggest', 'china', 'singapura', 'indonesia']",asia biggest china singapura indonesia
Wow makasih bang bennix ❤,@gioscani54fanggidae,0,Netral,Wow makasih bang bennix,wow makasih bang bennix,"['wow', 'makasih', 'bang', 'bennix']","['wow', 'makasih', 'bang', 'bennix']",wow makasih bang bennix
"ORANG ORANG GOBLOG MUDAH DIPENGARUHI ISSUE SINGAPORE MENGENAI MSCI TERHADAP INDONESIA..

PARA GOBLOG DI INDONESIA BERBAUR DENGAN ANTEK ANTEK SINGAPORE  & ANTEK ANTEK GEORGE SOROS & IMF.

INDONESIA SAAT INI SEDANG MENUJU KEMANDIRIAN & ONE WAY ECPORT ATAS KOMODITI UNGGULAN YANG AKAN MENGUNCI SINGAPORE & KAPITALIS MIRING ( IMF & SOROS ) AGAR TIDAK SEMBARANG MENGACAU",@aguss.287,0,Netral,ORANG ORANG GOBLOG MUDAH DIPENGARUHI ISSUE SINGAPORE MENGENAI MSCI TERHADAP INDONESIA PARA GOBLOG DI INDONESIA BERBAUR DENGAN ANTEK ANTEK SINGAPORE ANTEK ANTEK GEORGE SOROS IMF INDONESIA SAAT INI SEDANG MENUJU KEMANDIRIAN ONE WAY ECPORT ATAS KOMODITI UNGGULAN YANG AKAN MENGUNCI SINGAPORE KAPITALIS MIRING IMF SOROS AGAR TIDAK SEMBARANG MENGACAU,orang orang goblog mudah dipengaruhi issue singapore mengenai msci terhadap indonesia para goblog di indonesia berbaur dengan antek antek singapore antek antek george soros imf indonesia saat ini sedang menuju kemandirian one way ecport atas komoditi unggulan yang akan mengunci singapore kapitalis miring imf soros agar tidak sembarang mengacau,"['orang', 'orang', 'goblog', 'mudah', 'dipengaruhi', 'issue', 'singapore', 'mengenai', 'msci', 'terhadap', 'indonesia', 'para', 'goblog', 'di', 'indonesia', 'berbaur', 'dengan', 'antek', 'antek', 'singapore', 'antek', 'antek', 'george', 'soros', 'imf', 'indonesia', 'saat', 'ini', 'sedang', 'menuju', 'kemandirian', 'one', 'way', 'ecport', 'atas', 'komoditi', 'unggulan', 'yang', 'akan', 'mengunci', 'singapore', 'kapitalis', 'miring', 'imf', 'soros', 'agar', 'tidak', 'sembarang', 'mengacau']","['orang', 'orang', 'goblog', 'mudah', 'dipengaruhi', 'issue', 'singapore', 'mengenai', 'msci', 'terhadap', 'indonesia', 'para', 'goblog', 'indonesia', 'berbaur', 'antek', 'antek', 'singapore', 'antek', 'antek', 'george', 'soros', 'imf', 'indonesia', 'saat', 'sedang', 'menuju', 'kemandirian', 'one', 'way', 'ecport', 'atas', 'komoditi', 'unggulan', 'akan', 'mengunci', 'singapore', 'kapitalis', 'miring', 'imf', 'soros', 'agar', 'tidak', 'sembarang', 'mengacau']",orang orang goblog mudah pengaruh issue singapore kena msci hadap indonesia para goblog indonesia baur antek antek singapore antek antek george soros imf indonesia saat sedang tuju mandiri one way ecport atas komoditi unggul akan kunci singapore kapitalis miring imf soros agar tidak sembarang acau
Waktunya serok,@renjorecap1995,0,Netral,Waktunya serok,waktunya serok,"['waktunya', 'serok']","['waktunya', 'serok']",waktu serok
Kemungkinan kedua dari Singapur atau Jepang,@ToniHC08,0,Netral,Kemungkinan kedua dari Singapur atau Jepang,kemungkinan kedua dari singapur atau jepang,"['kemungkinan', 'kedua', 'dari', 'singapur', 'atau', 'jepang']","['kemungkinan', 'kedua', 'singapur', 'jepang']",mungkin dua singapur jepang
"19:09 Gila ya negeri jiran, jujur datanya bagus sih, ternyata mereka bisa dapet + semuanya no minus minus",@MikailNasution-g2w,0,Positif,Gila ya negeri jiran jujur datanya bagus sih ternyata mereka bisa dapet semuanya no minus minus,gila ya negeri jiran jujur datanya bagus sih ternyata mereka bisa dapet semuanya no minus minus,"['gila', 'ya', 'negeri', 'jiran', 'jujur', 'datanya', 'bagus', 'sih', 'ternyata', 'mereka', 'bisa', 'dapet', 'semuanya', 'no', 'minus', 'minus']","['gila', 'ya', 'negeri', 'jiran', 'jujur', 'datanya', 'bagus', 'sih', 'ternyata', 'mereka', 'bisa', 'dapet', 'semuanya', 'no', 'minus', 'minus']",gila ya negeri jiran jujur data bagus sih nyata mereka bisa dapet semua no minus minus
#sellsingapura,@bryan-h9p2y,0,Netral,,,[],[],
"Dapat kuliah gratis dr om bennix,rakyat awam jd smakin cerdas.Terima ksh ats ilmunya,suarakan terus tentang fakta dan data demi tegaknya NKRI yg makmur.sehat walafiat sllu",@ky_plenger,0,Netral,Dapat kuliah gratis dr om bennixrakyat awam jd smakin cerdasTerima ksh ats ilmunyasuarakan terus tentang fakta dan data demi tegaknya NKRI yg makmursehat walafiat sllu,dapat kuliah gratis dr om bennixrakyat awam jd smakin cerdasterima ksh ats ilmunyasuarakan terus tentang fakta dan data demi tegaknya nkri yg makmursehat walafiat sllu,"['dapat', 'kuliah', 'gratis', 'dr', 'om', 'bennixrakyat', 'awam', 'jd', 'smakin', 'cerdasterima', 'ksh', 'ats', 'ilmunyasuarakan', 'terus', 'tentang', 'fakta', 'dan', 'data', 'demi', 'tegaknya', 'nkri', 'yg', 'makmursehat', 'walafiat', 'sllu']","['dapat', 'kuliah', 'gratis', 'dr', 'om', 'bennixrakyat', 'awam', 'jd', 'smakin', 'cerdasterima', 'ksh', 'ats', 'ilmunyasuarakan', 'terus', 'tentang', 'fakta', 'data', 'demi', 'tegaknya', 'nkri', 'yg', 'makmursehat', 'walafiat', 'sllu']",dapat kuliah gratis dr om bennixrakyat awam jd smakin cerdasterima ksh ats ilmunyasuarakan terus tentang fakta data demi tegak nkri yg makmursehat walafiat sllu
Yang ke 2 kalah dari MALAYSIA Wkwkwk,@jones1625,0,Netral,Yang ke kalah dari MALAYSIA Wkwkwk,yang ke kalah dari malaysia wkwkwk,"['yang', 'ke', 'kalah', 'dari', 'malaysia', 'wkwkwk']","['kalah', 'malaysia', 'wkwkwk']",kalah malaysia wkwkwk
"PENGGANTINYA KHAZAKTAN
:text-green-game-over::cat-orange-whistling:",@dewatemplar,0,Netral,PENGGANTINYA KHAZAKTAN textgreengameovercatorangewhistling,penggantinya khazaktan textgreengameovercatorangewhistling,"['penggantinya', 'khazaktan', 'textgreengameovercatorangewhistling']","['penggantinya', 'khazaktan', 'textgreengameovercatorangewhistling']",ganti khazaktan textgreengameovercatorangewhistling
Akhirnya ada yg memberikan penerangan..  💡💡tq om,@F2PJFF,0,Netral,Akhirnya ada yg memberikan penerangan tq om,akhirnya ada yg memberikan penerangan tq om,"['akhirnya', 'ada', 'yg', 'memberikan', 'penerangan', 'tq', 'om']","['akhirnya', 'ada', 'yg', 'memberikan', 'penerangan', 'tq', 'om']",akhir ada yg beri terang tq om
"Saat media Singapura menyebarkan hoax terkait rusaknya ekonomi Bangsa Indonesia, maka saatnya pemerintah Indonesia stop seluruh kerjasama ekonomi dengan Singapura.
Satu komando...
Merdeka... merdeka....🇮🇩🇮🇩",@dwisetiyawan9955,0,Netral,Saat media Singapura menyebarkan hoax terkait rusaknya ekonomi Bangsa Indonesia maka saatnya pemerintah Indonesia stop seluruh kerjasama ekonomi dengan Singapura Satu komando Merdeka merdeka,saat media singapura menyebarkan hoax terkait rusaknya ekonomi bangsa indonesia maka saatnya pemerintah indonesia stop seluruh kerjasama ekonomi dengan singapura satu komando merdeka merdeka,"['saat', 'media', 'singapura', 'menyebarkan', 'hoax', 'terkait', 'rusaknya', 'ekonomi', 'bangsa', 'indonesia', 'maka', 'saatnya', 'pemerintah', 'indonesia', 'stop', 'seluruh', 'kerjasama', 'ekonomi', 'dengan', 'singapura', 'satu', 'komando', 'merdeka', 'merdeka']","['saat', 'media', 'singapura', 'menyebarkan', 'hoax', 'terkait', 'rusaknya', 'ekonomi', 'bangsa', 'indonesia', 'maka', 'saatnya', 'pemerintah', 'indonesia', 'stop', 'seluruh', 'kerjasama', 'ekonomi', 'singapura', 'satu', 'komando', 'merdeka', 'merdeka']",saat media singapura sebar hoax kait rusak ekonomi bangsa indonesia maka saat perintah indonesia stop seluruh kerjasama ekonomi singapura satu komando merdeka merdeka
"1. China
2. Malaysia
3. Indonesia",@cerpen_animasi_ai,0,Netral,China Malaysia Indonesia,china malaysia indonesia,"['china', 'malaysia', 'indonesia']","['china', 'malaysia', 'indonesia']",china malaysia indonesia
"Bsk kesempatan terakhir serok, tgl 24 stlh msci keluar n indo tetap emerging siap2 to the moon. 
Disclaimer on",@Kristianto-i7r,1,Netral,Bsk kesempatan terakhir serok tgl stlh msci keluar n indo tetap emerging siap to the moon Disclaimer on,bsk kesempatan terakhir serok tgl stlh msci keluar n indo tetap emerging siap to the moon disclaimer on,"['bsk', 'kesempatan', 'terakhir', 'serok', 'tgl', 'stlh', 'msci', 'keluar', 'n', 'indo', 'tetap', 'emerging', 'siap', 'to', 'the', 'moon', 'disclaimer', 'on']","['bsk', 'kesempatan', 'terakhir', 'serok', 'tgl', 'stlh', 'msci', 'keluar', 'n', 'indo', 'tetap', 'emerging', 'siap', 'to', 'the', 'moon', 'disclaimer', 'on']",bsk sempat akhir serok tgl stlh msci keluar n indo tetap emerging siap to the moon disclaimer on
"Bubar karena habis oleh MBG dan kopdes.
Berisik bela pemerintah mulu",@JackThompson-j9w,0,Netral,Bubar karena habis oleh MBG dan kopdes Berisik bela pemerintah mulu,bubar karena habis oleh mbg dan kopdes berisik bela pemerintah mulu,"['bubar', 'karena', 'habis', 'oleh', 'mbg', 'dan', 'kopdes', 'berisik', 'bela', 'pemerintah', 'mulu']","['bubar', 'habis', 'oleh', 'mbg', 'kopdes', 'berisik', 'bela', 'pemerintah', 'mulu']",bubar habis oleh mbg kopdes berisik bela perintah mulu
"I ❤ Indonesia. 
Jangan dengarkan apa yg di katakan, tapi lihatlah kelakuan dan agenda yg ada di belakang nya.. 
👍👍👍😂",@djakawitaya2195,0,Netral,I Indonesia Jangan dengarkan apa yg di katakan tapi lihatlah kelakuan dan agenda yg ada di belakang nya,i indonesia jangan dengarkan apa yg di katakan tapi lihatlah kelakuan dan agenda yg ada di belakang nya,"['i', 'indonesia', 'jangan', 'dengarkan', 'apa', 'yg', 'di', 'katakan', 'tapi', 'lihatlah', 'kelakuan', 'dan', 'agenda', 'yg', 'ada', 'di', 'belakang', 'nya']","['i', 'indonesia', 'jangan', 'dengarkan', 'apa', 'yg', 'katakan', 'tapi', 'lihatlah', 'kelakuan', 'agenda', 'yg', 'ada', 'belakang', 'nya']",i indonesia jangan dengar apa yg kata tapi lihat laku agenda yg ada belakang nya
Memberi informasi yg benar sesuai data mantap👍👍👍 tidak seperti ketua BEM di sebelah bacot doang gede tanpa data,@iwansanif2536,0,Positif,Memberi informasi yg benar sesuai data mantap tidak seperti ketua BEM di sebelah bacot doang gede tanpa data,memberi informasi yg benar sesuai data mantap tidak seperti ketua bem di sebelah bacot doang gede tanpa data,"['memberi', 'informasi', 'yg', 'benar', 'sesuai', 'data', 'mantap', 'tidak', 'seperti', 'ketua', 'bem', 'di', 'sebelah', 'bacot', 'doang', 'gede', 'tanpa', 'data']","['memberi', 'informasi', 'yg', 'benar', 'sesuai', 'data', 'mantap', 'tidak', 'seperti', 'ketua', 'bem', 'sebelah', 'bacot', 'doang', 'gede', 'tanpa', 'data']",beri informasi yg benar sesuai data mantap tidak seperti ketua bem belah bacot doang gede tanpa data
2.,@djakawitaya2195,0,Netral,,,[],[],
1,@djakawitaya2195,0,Netral,,,[],[],
Banyak sekali influencer yang mungkin memang sengaja di bayar untuk membuat gaduh negara ini..,@GalangGilang-o1p,0,Netral,Banyak sekali influencer yang mungkin memang sengaja di bayar untuk membuat gaduh negara ini,banyak sekali influencer yang mungkin memang sengaja di bayar untuk membuat gaduh negara ini,"['banyak', 'sekali', 'influencer', 'yang', 'mungkin', 'memang', 'sengaja', 'di', 'bayar', 'untuk', 'membuat', 'gaduh', 'negara', 'ini']","['banyak', 'sekali', 'influencer', 'mungkin', 'memang', 'sengaja', 'bayar', 'membuat', 'gaduh', 'negara']",banyak sekali influencer mungkin memang sengaja bayar buat gaduh negara
"GOO OPTIMIS IHSG OTW 10.000 
MENURUT DATA JUGA JUMLAH INVESTOR INDO TERUS BERTUMBUH..",@SambaraPB,0,Netral,GOO OPTIMIS IHSG OTW MENURUT DATA JUGA JUMLAH INVESTOR INDO TERUS BERTUMBUH,goo optimis ihsg otw menurut data juga jumlah investor indo terus bertumbuh,"['goo', 'optimis', 'ihsg', 'otw', 'menurut', 'data', 'juga', 'jumlah', 'investor', 'indo', 'terus', 'bertumbuh']","['goo', 'optimis', 'ihsg', 'otw', 'menurut', 'data', 'jumlah', 'investor', 'indo', 'terus', 'bertumbuh']",goo optimis ihsg otw turut data jumlah investor indo terus tumbuh
bang rakyat gk konoha gk suka baca bang suka di dongengin😂😂😂,@Dinamika_Sport,0,Netral,bang rakyat gk konoha gk suka baca bang suka di dongengin,bang rakyat gk konoha gk suka baca bang suka di dongengin,"['bang', 'rakyat', 'gk', 'konoha', 'gk', 'suka', 'baca', 'bang', 'suka', 'di', 'dongengin']","['bang', 'rakyat', 'gk', 'konoha', 'gk', 'suka', 'baca', 'bang', 'suka', 'dongengin']",bang rakyat gk konoha gk suka baca bang suka dongengin
"Hahahahaha ...mantap Mas Bennix 👍🙏
Omelin terus orang orang budek dan buta itu supaya ngerti..... Hahhaha",@DjokoPurnomo-j7v,0,Positif,Hahahahaha mantap Mas Bennix Omelin terus orang orang budek dan buta itu supaya ngerti Hahhaha,hahahahaha mantap mas bennix omelin terus orang orang budek dan buta itu supaya ngerti hahhaha,"['hahahahaha', 'mantap', 'mas', 'bennix', 'omelin', 'terus', 'orang', 'orang', 'budek', 'dan', 'buta', 'itu', 'supaya', 'ngerti', 'hahhaha']","['hahahahaha', 'mantap', 'mas', 'bennix', 'omelin', 'terus', 'orang', 'orang', 'budek', 'buta', 'supaya', 'ngerti', 'hahhaha']",hahahahaha mantap mas bennix omelin terus orang orang budek buta supaya ngerti hahhaha
bahas demo bang,@Samin-dn4wv,0,Netral,bahas demo bang,bahas demo bang,"['bahas', 'demo', 'bang']","['bahas', 'demo', 'bang']",bahas demo bang
Kitasemuataubossengajaindodibikinpanik karenapenghasilansingapurmegabmegabjadi,@HariyadiPuerwanto,0,Netral,Kitasemuataubossengajaindodibikinpanik karenapenghasilansingapurmegabmegabjadi,kitasemuataubossengajaindodibikinpanik karenapenghasilansingapurmegabmegabjadi,"['kitasemuataubossengajaindodibikinpanik', 'karenapenghasilansingapurmegabmegabjadi']","['kitasemuataubossengajaindodibikinpanik', 'karenapenghasilansingapurmegabmegabjadi']",kitasemuataubossengajaindodibikinpanik karenapenghasilansingapurmegabmegabjadi
Sell singa rampok,@Mujianto-o6n,0,Netral,Sell singa rampok,sell singa rampok,"['sell', 'singa', 'rampok']","['sell', 'singa', 'rampok']",sell singa rampok
"yg bangkrut yg gelap yg nyungsep itu singapura dan malaydesh..indonesia di tangan pak prabowo berjaya sejahtera suasembada pangan dan energi,semua sda nya di hilirisasi..",@danielongko8286,0,Netral,yg bangkrut yg gelap yg nyungsep itu singapura dan malaydeshindonesia di tangan pak prabowo berjaya sejahtera suasembada pangan dan energisemua sda nya di hilirisasi,yg bangkrut yg gelap yg nyungsep itu singapura dan malaydeshindonesia di tangan pak prabowo berjaya sejahtera suasembada pangan dan energisemua sda nya di hilirisasi,"['yg', 'bangkrut', 'yg', 'gelap', 'yg', 'nyungsep', 'itu', 'singapura', 'dan', 'malaydeshindonesia', 'di', 'tangan', 'pak', 'prabowo', 'berjaya', 'sejahtera', 'suasembada', 'pangan', 'dan', 'energisemua', 'sda', 'nya', 'di', 'hilirisasi']","['yg', 'bangkrut', 'yg', 'gelap', 'yg', 'nyungsep', 'singapura', 'malaydeshindonesia', 'tangan', 'pak', 'prabowo', 'berjaya', 'sejahtera', 'suasembada', 'pangan', 'energisemua', 'sda', 'nya', 'hilirisasi']",yg bangkrut yg gelap yg nyungsep singapura malaydeshindonesia tangan pak prabowo jaya sejahtera suasembada pangan energisemua sda nya hilir
"memang anjing orang itu bg, belum di kasih makan pur ayam,,,,",@easylife9550,0,Netral,memang anjing orang itu bg belum di kasih makan pur ayam,memang anjing orang itu bg belum di kasih makan pur ayam,"['memang', 'anjing', 'orang', 'itu', 'bg', 'belum', 'di', 'kasih', 'makan', 'pur', 'ayam']","['memang', 'anjing', 'orang', 'bg', 'belum', 'kasih', 'makan', 'pur', 'ayam']",memang anjing orang bg belum kasih makan pur ayam
Karena mereka tidak akan suka Indonesia lebih baik,@kukuhpriayadi3059,0,Positif,Karena mereka tidak akan suka Indonesia lebih baik,karena mereka tidak akan suka indonesia lebih baik,"['karena', 'mereka', 'tidak', 'akan', 'suka', 'indonesia', 'lebih', 'baik']","['mereka', 'tidak', 'akan', 'suka', 'indonesia', 'lebih', 'baik']",mereka tidak akan suka indonesia lebih baik
Secara langsung bagus untuk evaluasi bei .. Tapi secara tidak langsung mereka tdk akan membiarkan Indonesia mandiri,@dimawahyudiono4827,0,Positif,Secara langsung bagus untuk evaluasi bei Tapi secara tidak langsung mereka tdk akan membiarkan Indonesia mandiri,secara langsung bagus untuk evaluasi bei tapi secara tidak langsung mereka tdk akan membiarkan indonesia mandiri,"['secara', 'langsung', 'bagus', 'untuk', 'evaluasi', 'bei', 'tapi', 'secara', 'tidak', 'langsung', 'mereka', 'tdk', 'akan', 'membiarkan', 'indonesia', 'mandiri']","['secara', 'langsung', 'bagus', 'evaluasi', 'bei', 'tapi', 'secara', 'tidak', 'langsung', 'mereka', 'tdk', 'akan', 'membiarkan', 'indonesia', 'mandiri']",cara langsung bagus evaluasi bei tapi cara tidak langsung mereka tdk akan biar indonesia mandiri
Selama orang orang baik berdoa untuk pemerintah dan Bangsa Indonesia dan pemerintah kerja keras suka menolng yang membutuhkan Tuhan tetap memberkati menyertai Bangsa Indonesia karena Tuhan tidak suka keributan,@murnimakesha8091,0,Positif,Selama orang orang baik berdoa untuk pemerintah dan Bangsa Indonesia dan pemerintah kerja keras suka menolng yang membutuhkan Tuhan tetap memberkati menyertai Bangsa Indonesia karena Tuhan tidak suka keributan,selama orang orang baik berdoa untuk pemerintah dan bangsa indonesia dan pemerintah kerja keras suka menolng yang membutuhkan tuhan tetap memberkati menyertai bangsa indonesia karena tuhan tidak suka keributan,"['selama', 'orang', 'orang', 'baik', 'berdoa', 'untuk', 'pemerintah', 'dan', 'bangsa', 'indonesia', 'dan', 'pemerintah', 'kerja', 'keras', 'suka', 'menolng', 'yang', 'membutuhkan', 'tuhan', 'tetap', 'memberkati', 'menyertai', 'bangsa', 'indonesia', 'karena', 'tuhan', 'tidak', 'suka', 'keributan']","['selama', 'orang', 'orang', 'baik', 'berdoa', 'pemerintah', 'bangsa', 'indonesia', 'pemerintah', 'kerja', 'keras', 'suka', 'menolng', 'membutuhkan', 'tuhan', 'tetap', 'memberkati', 'menyertai', 'bangsa', 'indonesia', 'tuhan', 'tidak', 'suka', 'keributan']",lama orang orang baik doa perintah bangsa indonesia perintah kerja keras suka menolng butuh tuhan tetap kati serta bangsa indonesia tuhan tidak suka ribut
"Jujur saya pngn bngt konten gini lebih  banyak lg,,,biar seimbang sama konten"" yg  bisanya bikin gaduh Indonesia",@Jangkung79-h3z,0,Netral,Jujur saya pngn bngt konten gini lebih banyak lgbiar seimbang sama konten yg bisanya bikin gaduh Indonesia,jujur saya pngn bngt konten gini lebih banyak lgbiar seimbang sama konten yg bisanya bikin gaduh indonesia,"['jujur', 'saya', 'pngn', 'bngt', 'konten', 'gini', 'lebih', 'banyak', 'lgbiar', 'seimbang', 'sama', 'konten', 'yg', 'bisanya', 'bikin', 'gaduh', 'indonesia']","['jujur', 'pngn', 'bngt', 'konten', 'gini', 'lebih', 'banyak', 'lgbiar', 'seimbang', 'sama', 'konten', 'yg', 'bisanya', 'bikin', 'gaduh', 'indonesia']",jujur pngn bngt konten gin lebih banyak lgbiar imbang sama konten yg bisa bikin gaduh indonesia
"Setuju mas Bennix...
Jongos2 soros otaknya digadaikan..😂😂😂",@thohaalhuda,1,Positif,Setuju mas Bennix Jongos soros otaknya digadaikan,setuju mas bennix jongos soros otaknya digadaikan,"['setuju', 'mas', 'bennix', 'jongos', 'soros', 'otaknya', 'digadaikan']","['setuju', 'mas', 'bennix', 'jongos', 'soros', 'otaknya', 'digadaikan']",tuju mas bennix jongos soros otak gadai
"Saya beli saham gak pedulikan itu asing , Aseng , asong, asung mau kabur / mau masuk",@masjack6772,0,Netral,Saya beli saham gak pedulikan itu asing Aseng asong asung mau kabur mau masuk,saya beli saham gak pedulikan itu asing aseng asong asung mau kabur mau masuk,"['saya', 'beli', 'saham', 'gak', 'pedulikan', 'itu', 'asing', 'aseng', 'asong', 'asung', 'mau', 'kabur', 'mau', 'masuk']","['beli', 'saham', 'gak', 'pedulikan', 'asing', 'aseng', 'asong', 'asung', 'mau', 'kabur', 'mau', 'masuk']",beli saham gak peduli asing aseng asong asung mau kabur mau masuk
Selagi orang orang baik berdoa untuk pemerintah dan Bangsa ini Tuhan tetap menyertai,@murnimakesha8091,1,Positif,Selagi orang orang baik berdoa untuk pemerintah dan Bangsa ini Tuhan tetap menyertai,selagi orang orang baik berdoa untuk pemerintah dan bangsa ini tuhan tetap menyertai,"['selagi', 'orang', 'orang', 'baik', 'berdoa', 'untuk', 'pemerintah', 'dan', 'bangsa', 'ini', 'tuhan', 'tetap', 'menyertai']","['selagi', 'orang', 'orang', 'baik', 'berdoa', 'pemerintah', 'bangsa', 'tuhan', 'tetap', 'menyertai']",selagi orang orang baik doa perintah bangsa tuhan tetap serta
"media2 dan para influencer dodol itu sengaja meyebarkan HOAX ... bersamaan dengan itu, dibuatlah demo2 brengsek dengan isu kampungan seperti menurunkan harga pertamax tapi lupa kalau itu BBM non subsidi ... bersamaan juga dengan berita buruk tentang market Indonesia di luar negeri yag bahkan dengan bregseknya singapur bikin tagline sell Indonesia ... orkestrasi yang jelas tujuannya kalau dihubungkan untuk menjatuhkan pemerintahan yang sah di NKRI untuk digantikan pemerintahan boneka bohir2 mereka ....",@asidharta,1,Negatif,media dan para influencer dodol itu sengaja meyebarkan HOAX bersamaan dengan itu dibuatlah demo brengsek dengan isu kampungan seperti menurunkan harga pertamax tapi lupa kalau itu BBM non subsidi bersamaan juga dengan berita buruk tentang market Indonesia di luar negeri yag bahkan dengan bregseknya singapur bikin tagline sell Indonesia orkestrasi yang jelas tujuannya kalau dihubungkan untuk menjatuhkan pemerintahan yang sah di NKRI untuk digantikan pemerintahan boneka bohir mereka,media dan para influencer dodol itu sengaja meyebarkan hoax bersamaan dengan itu dibuatlah demo brengsek dengan isu kampungan seperti menurunkan harga pertamax tapi lupa kalau itu bbm non subsidi bersamaan juga dengan berita buruk tentang market indonesia di luar negeri yag bahkan dengan bregseknya singapur bikin tagline sell indonesia orkestrasi yang jelas tujuannya kalau dihubungkan untuk menjatuhkan pemerintahan yang sah di nkri untuk digantikan pemerintahan boneka bohir mereka,"['media', 'dan', 'para', 'influencer', 'dodol', 'itu', 'sengaja', 'meyebarkan', 'hoax', 'bersamaan', 'dengan', 'itu', 'dibuatlah', 'demo', 'brengsek', 'dengan', 'isu', 'kampungan', 'seperti', 'menurunkan', 'harga', 'pertamax', 'tapi', 'lupa', 'kalau', 'itu', 'bbm', 'non', 'subsidi', 'bersamaan', 'juga', 'dengan', 'berita', 'buruk', 'tentang', 'market', 'indonesia', 'di', 'luar', 'negeri', 'yag', 'bahkan', 'dengan', 'bregseknya', 'singapur', 'bikin', 'tagline', 'sell', 'indonesia', 'orkestrasi', 'yang', 'jelas', 'tujuannya', 'kalau', 'dihubungkan', 'untuk', 'menjatuhkan', 'pemerintahan', 'yang', 'sah', 'di', 'nkri', 'untuk', 'digantikan', 'pemerintahan', 'boneka', 'bohir', 'mereka']","['media', 'para', 'influencer', 'dodol', 'sengaja', 'meyebarkan', 'hoax', 'bersamaan', 'dibuatlah', 'demo', 'brengsek', 'isu', 'kampungan', 'seperti', 'menurunkan', 'harga', 'pertamax', 'tapi', 'lupa', 'kalau', 'bbm', 'non', 'subsidi', 'bersamaan', 'berita', 'buruk', 'tentang', 'market', 'indonesia', 'luar', 'negeri', 'yag', 'bahkan', 'bregseknya', 'singapur', 'bikin', 'tagline', 'sell', 'indonesia', 'orkestrasi', 'jelas', 'tujuannya', 'kalau', 'dihubungkan', 'menjatuhkan', 'pemerintahan', 'sah', 'nkri', 'digantikan', 'pemerintahan', 'boneka', 'bohir', 'mereka']",media para influencer dodol sengaja meyebarkan hoax sama buat demo brengsek isu kampung seperti turun harga pertamax tapi lupa kalau bbm non subsidi sama berita buruk tentang market indonesia luar negeri yag bahkan bregseknya singapur bikin tagline sell indonesia orkestrasi jelas tuju kalau hubung jatuh perintah sah nkri ganti perintah boneka bohir mereka
"Selama Masih Banyak Partai, Konoha Tak Bisa Maju dan Rakyat Akan Terus Diperbudak... Katanya Sih... 🤭",@MercuBuana-z9x9p,0,Netral,Selama Masih Banyak Partai Konoha Tak Bisa Maju dan Rakyat Akan Terus Diperbudak Katanya Sih,selama masih banyak partai konoha tak bisa maju dan rakyat akan terus diperbudak katanya sih,"['selama', 'masih', 'banyak', 'partai', 'konoha', 'tak', 'bisa', 'maju', 'dan', 'rakyat', 'akan', 'terus', 'diperbudak', 'katanya', 'sih']","['selama', 'masih', 'banyak', 'partai', 'konoha', 'tak', 'bisa', 'maju', 'rakyat', 'akan', 'terus', 'diperbudak', 'katanya', 'sih']",lama masih banyak partai konoha tak bisa maju rakyat akan terus budak kata sih
"Sejalan dengan tio mantan ketua BEM UGM dia bilang ""kalau Indonesia krisis seperti tahun 98 IMF tidak akan meminjamkan uang"" Kalau... tau darimana dia anlisa teknikal aja ga bisa, apa lagi analisa fundamental.. mata kuliah kalkulus aja belum tentu lulus.. sudah jelas sudah di briefing sebelumnya.. terstruktur masif ini seh.. kampret!!!",@manskin5434,1,Netral,Sejalan dengan tio mantan ketua BEM UGM dia bilang kalau Indonesia krisis seperti tahun IMF tidak akan meminjamkan uang Kalau tau darimana dia anlisa teknikal aja ga bisa apa lagi analisa fundamental mata kuliah kalkulus aja belum tentu lulus sudah jelas sudah di briefing sebelumnya terstruktur masif ini seh kampret,sejalan dengan tio mantan ketua bem ugm dia bilang kalau indonesia krisis seperti tahun imf tidak akan meminjamkan uang kalau tau darimana dia anlisa teknikal aja ga bisa apa lagi analisa fundamental mata kuliah kalkulus aja belum tentu lulus sudah jelas sudah di briefing sebelumnya terstruktur masif ini seh kampret,"['sejalan', 'dengan', 'tio', 'mantan', 'ketua', 'bem', 'ugm', 'dia', 'bilang', 'kalau', 'indonesia', 'krisis', 'seperti', 'tahun', 'imf', 'tidak', 'akan', 'meminjamkan', 'uang', 'kalau', 'tau', 'darimana', 'dia', 'anlisa', 'teknikal', 'aja', 'ga', 'bisa', 'apa', 'lagi', 'analisa', 'fundamental', 'mata', 'kuliah', 'kalkulus', 'aja', 'belum', 'tentu', 'lulus', 'sudah', 'jelas', 'sudah', 'di', 'briefing', 'sebelumnya', 'terstruktur', 'masif', 'ini', 'seh', 'kampret']","['sejalan', 'tio', 'mantan', 'ketua', 'bem', 'ugm', 'dia', 'bilang', 'kalau', 'indonesia', 'krisis', 'seperti', 'tahun', 'imf', 'tidak', 'akan', 'meminjamkan', 'uang', 'kalau', 'tau', 'darimana', 'dia', 'anlisa', 'teknikal', 'aja', 'ga', 'bisa', 'apa', 'lagi', 'analisa', 'fundamental', 'mata', 'kuliah', 'kalkulus', 'aja', 'belum', 'tentu', 'lulus', 'sudah', 'jelas', 'sudah', 'briefing', 'sebelumnya', 'terstruktur', 'masif', 'seh', 'kampret']",jalan tio mantan ketua bem ugm dia bilang kalau indonesia krisis seperti tahun imf tidak akan pinjam uang kalau tau darimana dia anlisa teknikal aja ga bisa apa lagi analisa fundamental mata kuliah kalkulus aja belum tentu lulus sudah jelas sudah briefing belum struktur masif seh kampret
"Selama Indonesia masih punya sda, selama petani kita belum bosan mengolah tanah, selama pedagang masih mau cari untung dan selama kepala keluarga tetap semangat menafkahi keluarga saya tidak percaya Indonesia bisa hancur..",@Payah-i2d,0,Netral,Selama Indonesia masih punya sda selama petani kita belum bosan mengolah tanah selama pedagang masih mau cari untung dan selama kepala keluarga tetap semangat menafkahi keluarga saya tidak percaya Indonesia bisa hancur,selama indonesia masih punya sda selama petani kita belum bosan mengolah tanah selama pedagang masih mau cari untung dan selama kepala keluarga tetap semangat menafkahi keluarga saya tidak percaya indonesia bisa hancur,"['selama', 'indonesia', 'masih', 'punya', 'sda', 'selama', 'petani', 'kita', 'belum', 'bosan', 'mengolah', 'tanah', 'selama', 'pedagang', 'masih', 'mau', 'cari', 'untung', 'dan', 'selama', 'kepala', 'keluarga', 'tetap', 'semangat', 'menafkahi', 'keluarga', 'saya', 'tidak', 'percaya', 'indonesia', 'bisa', 'hancur']","['selama', 'indonesia', 'masih', 'punya', 'sda', 'selama', 'petani', 'belum', 'bosan', 'mengolah', 'tanah', 'selama', 'pedagang', 'masih', 'mau', 'cari', 'untung', 'selama', 'kepala', 'keluarga', 'tetap', 'semangat', 'menafkahi', 'keluarga', 'tidak', 'percaya', 'indonesia', 'bisa', 'hancur']",lama indonesia masih punya sda lama tani belum bosan olah tanah lama dagang masih mau cari untung lama kepala keluarga tetap semangat nafkah keluarga tidak percaya indonesia bisa hancur
Lebih yakin Indonesia gelap sih,@navigasiin,0,Netral,Lebih yakin Indonesia gelap sih,lebih yakin indonesia gelap sih,"['lebih', 'yakin', 'indonesia', 'gelap', 'sih']","['lebih', 'yakin', 'indonesia', 'gelap', 'sih']",lebih yakin indonesia gelap sih
lah bukannya pak bennix juga sempat singgung potensi indonesia ke frontier market?,@arsyad4492,0,Netral,lah bukannya pak bennix juga sempat singgung potensi indonesia ke frontier market,lah bukannya pak bennix juga sempat singgung potensi indonesia ke frontier market,"['lah', 'bukannya', 'pak', 'bennix', 'juga', 'sempat', 'singgung', 'potensi', 'indonesia', 'ke', 'frontier', 'market']","['lah', 'bukannya', 'pak', 'bennix', 'sempat', 'singgung', 'potensi', 'indonesia', 'frontier', 'market']",lah bukan pak bennix sempat singgung potensi indonesia frontier market
"MSCI cm ingin bursa kita berbenah, tentang keterbukaan informasi. market kita terlalu besar kl di downgrade ke frontier market. optimis aja Q3-Q4 2026 IHSG rebound gaes.",@Studio-ji4dj,0,Netral,MSCI cm ingin bursa kita berbenah tentang keterbukaan informasi market kita terlalu besar kl di downgrade ke frontier market optimis aja QQ IHSG rebound gaes,msci cm ingin bursa kita berbenah tentang keterbukaan informasi market kita terlalu besar kl di downgrade ke frontier market optimis aja qq ihsg rebound gaes,"['msci', 'cm', 'ingin', 'bursa', 'kita', 'berbenah', 'tentang', 'keterbukaan', 'informasi', 'market', 'kita', 'terlalu', 'besar', 'kl', 'di', 'downgrade', 'ke', 'frontier', 'market', 'optimis', 'aja', 'qq', 'ihsg', 'rebound', 'gaes']","['msci', 'cm', 'ingin', 'bursa', 'berbenah', 'tentang', 'keterbukaan', 'informasi', 'market', 'terlalu', 'besar', 'kl', 'downgrade', 'frontier', 'market', 'optimis', 'aja', 'qq', 'ihsg', 'rebound', 'gaes']",msci cm ingin bursa benah tentang buka informasi market terlalu besar kl downgrade frontier market optimis aja qq ihsg rebound gaes
"Rupiah turun pasti karena ini sih om 😅😅😅

https://youtu.be/XKTBX9-pkRI",@Clipperindonesia1,0,Netral,Rupiah turun pasti karena ini sih om,rupiah turun pasti karena ini sih om,"['rupiah', 'turun', 'pasti', 'karena', 'ini', 'sih', 'om']","['rupiah', 'turun', 'pasti', 'sih', 'om']",rupiah turun pasti sih om
"Mau bangkrut atau enggak kita tetap hidup di negara ini
Jadi mari kita jaga negara kita jangan sampai terpecah belah 
❤ Indonesia",@vogspeed,0,Netral,Mau bangkrut atau enggak kita tetap hidup di negara ini Jadi mari kita jaga negara kita jangan sampai terpecah belah Indonesia,mau bangkrut atau enggak kita tetap hidup di negara ini jadi mari kita jaga negara kita jangan sampai terpecah belah indonesia,"['mau', 'bangkrut', 'atau', 'enggak', 'kita', 'tetap', 'hidup', 'di', 'negara', 'ini', 'jadi', 'mari', 'kita', 'jaga', 'negara', 'kita', 'jangan', 'sampai', 'terpecah', 'belah', 'indonesia']","['mau', 'bangkrut', 'enggak', 'tetap', 'hidup', 'negara', 'jadi', 'mari', 'jaga', 'negara', 'jangan', 'sampai', 'terpecah', 'belah', 'indonesia']",mau bangkrut enggak tetap hidup negara jadi mari jaga negara jangan sampai pecah belah indonesia
"Enggak apa-apa downgrade IHSG, yang penting saya bisa serok terus saham-saham bluechip yang membagikan dividen. Lagipula perusahaan yang saham bluechip bisnis sudah go internasional",@moch.arungsamudra,1,Netral,Enggak apaapa downgrade IHSG yang penting saya bisa serok terus sahamsaham bluechip yang membagikan dividen Lagipula perusahaan yang saham bluechip bisnis sudah go internasional,enggak apaapa downgrade ihsg yang penting saya bisa serok terus sahamsaham bluechip yang membagikan dividen lagipula perusahaan yang saham bluechip bisnis sudah go internasional,"['enggak', 'apaapa', 'downgrade', 'ihsg', 'yang', 'penting', 'saya', 'bisa', 'serok', 'terus', 'sahamsaham', 'bluechip', 'yang', 'membagikan', 'dividen', 'lagipula', 'perusahaan', 'yang', 'saham', 'bluechip', 'bisnis', 'sudah', 'go', 'internasional']","['enggak', 'apaapa', 'downgrade', 'ihsg', 'penting', 'bisa', 'serok', 'terus', 'sahamsaham', 'bluechip', 'membagikan', 'dividen', 'lagipula', 'perusahaan', 'saham', 'bluechip', 'bisnis', 'sudah', 'go', 'internasional']",enggak apaapa downgrade ihsg penting bisa serok terus sahamsaham bluechip bagi dividen lagipula usaha saham bluechip bisnis sudah go internasional
Peduli amat IHSG yg penting MBG & Kopdes harus terus jalan!!! Kalo perlu jangan 1T sehari tapi 10T per hari,@OkhiSafarudin,1,Netral,Peduli amat IHSG yg penting MBG Kopdes harus terus jalan Kalo perlu jangan T sehari tapi T per hari,peduli amat ihsg yg penting mbg kopdes harus terus jalan kalo perlu jangan t sehari tapi t per hari,"['peduli', 'amat', 'ihsg', 'yg', 'penting', 'mbg', 'kopdes', 'harus', 'terus', 'jalan', 'kalo', 'perlu', 'jangan', 't', 'sehari', 'tapi', 't', 'per', 'hari']","['peduli', 'amat', 'ihsg', 'yg', 'penting', 'mbg', 'kopdes', 'harus', 'terus', 'jalan', 'kalo', 'perlu', 'jangan', 't', 'sehari', 'tapi', 't', 'per', 'hari']",peduli amat ihsg yg penting mbg kopdes harus terus jalan kalo perlu jangan t hari tapi t per hari
"Terlepas dari omongan Bennix itu buzzer pemerintah, saya org yg fokus dg apa yg Bennix omongin, dia ga selalu bela pemerintah, kalau kebijakannya mmg nyeleneh dia juga nge-g*bl*k""in. Justru dari Bennix sebenarnya kita belajar dari banyak sudut pandang, agar ketika kritik kebijakan kita bisa pakai cara yg cerdas.",@TheDodydydo,0,Netral,Terlepas dari omongan Bennix itu buzzer pemerintah saya org yg fokus dg apa yg Bennix omongin dia ga selalu bela pemerintah kalau kebijakannya mmg nyeleneh dia juga ngegblkin Justru dari Bennix sebenarnya kita belajar dari banyak sudut pandang agar ketika kritik kebijakan kita bisa pakai cara yg cerdas,terlepas dari omongan bennix itu buzzer pemerintah saya org yg fokus dg apa yg bennix omongin dia ga selalu bela pemerintah kalau kebijakannya mmg nyeleneh dia juga ngegblkin justru dari bennix sebenarnya kita belajar dari banyak sudut pandang agar ketika kritik kebijakan kita bisa pakai cara yg cerdas,"['terlepas', 'dari', 'omongan', 'bennix', 'itu', 'buzzer', 'pemerintah', 'saya', 'org', 'yg', 'fokus', 'dg', 'apa', 'yg', 'bennix', 'omongin', 'dia', 'ga', 'selalu', 'bela', 'pemerintah', 'kalau', 'kebijakannya', 'mmg', 'nyeleneh', 'dia', 'juga', 'ngegblkin', 'justru', 'dari', 'bennix', 'sebenarnya', 'kita', 'belajar', 'dari', 'banyak', 'sudut', 'pandang', 'agar', 'ketika', 'kritik', 'kebijakan', 'kita', 'bisa', 'pakai', 'cara', 'yg', 'cerdas']","['terlepas', 'omongan', 'bennix', 'buzzer', 'pemerintah', 'org', 'yg', 'fokus', 'dg', 'apa', 'yg', 'bennix', 'omongin', 'dia', 'ga', 'selalu', 'bela', 'pemerintah', 'kalau', 'kebijakannya', 'mmg', 'nyeleneh', 'dia', 'ngegblkin', 'justru', 'bennix', 'sebenarnya', 'belajar', 'banyak', 'sudut', 'pandang', 'agar', 'ketika', 'kritik', 'kebijakan', 'bisa', 'pakai', 'cara', 'yg', 'cerdas']",lepas omong bennix buzzer perintah org yg fokus dg apa yg bennix omongin dia ga selalu bela perintah kalau bijak mmg nyeleneh dia ngegblkin justru bennix benar ajar banyak sudut pandang agar ketika kritik bijak bisa pakai cara yg cerdas
MSCI itu ormas preman internasional yang tidak punya hak intervensi pasar saham negara manapun kenapa Indonesia ketakutan pada MSCI preman,@BiroGani-g4k,1,Netral,MSCI itu ormas preman internasional yang tidak punya hak intervensi pasar saham negara manapun kenapa Indonesia ketakutan pada MSCI preman,msci itu ormas preman internasional yang tidak punya hak intervensi pasar saham negara manapun kenapa indonesia ketakutan pada msci preman,"['msci', 'itu', 'ormas', 'preman', 'internasional', 'yang', 'tidak', 'punya', 'hak', 'intervensi', 'pasar', 'saham', 'negara', 'manapun', 'kenapa', 'indonesia', 'ketakutan', 'pada', 'msci', 'preman']","['msci', 'ormas', 'preman', 'internasional', 'tidak', 'punya', 'hak', 'intervensi', 'pasar', 'saham', 'negara', 'manapun', 'kenapa', 'indonesia', 'ketakutan', 'msci', 'preman']",msci ormas preman internasional tidak punya hak intervensi pasar saham negara mana kenapa indonesia takut msci preman
Benix buzeer.. MBG dia dukung.. padahal itu kontrak politik... MBG terbukti ladang korupsi... Jangan percaya kata dia,@YoungLack-m8l,0,Negatif,Benix buzeer MBG dia dukung padahal itu kontrak politik MBG terbukti ladang korupsi Jangan percaya kata dia,benix buzeer mbg dia dukung padahal itu kontrak politik mbg terbukti ladang korupsi jangan percaya kata dia,"['benix', 'buzeer', 'mbg', 'dia', 'dukung', 'padahal', 'itu', 'kontrak', 'politik', 'mbg', 'terbukti', 'ladang', 'korupsi', 'jangan', 'percaya', 'kata', 'dia']","['benix', 'buzeer', 'mbg', 'dia', 'dukung', 'padahal', 'kontrak', 'politik', 'mbg', 'terbukti', 'ladang', 'korupsi', 'jangan', 'percaya', 'kata', 'dia']",benix buzeer mbg dia dukung padahal kontrak politik mbg bukti ladang korupsi jangan percaya kata dia
Jika ingin mendapatkan informasi tentang investasi yang factual dan perkembangan ekonomi menurut saya Bennix paling tepat. Informasinya valid dan prediksinya akurat.,@Kusumo2166,0,Netral,Jika ingin mendapatkan informasi tentang investasi yang factual dan perkembangan ekonomi menurut saya Bennix paling tepat Informasinya valid dan prediksinya akurat,jika ingin mendapatkan informasi tentang investasi yang factual dan perkembangan ekonomi menurut saya bennix paling tepat informasinya valid dan prediksinya akurat,"['jika', 'ingin', 'mendapatkan', 'informasi', 'tentang', 'investasi', 'yang', 'factual', 'dan', 'perkembangan', 'ekonomi', 'menurut', 'saya', 'bennix', 'paling', 'tepat', 'informasinya', 'valid', 'dan', 'prediksinya', 'akurat']","['jika', 'ingin', 'mendapatkan', 'informasi', 'tentang', 'investasi', 'factual', 'perkembangan', 'ekonomi', 'menurut', 'bennix', 'paling', 'tepat', 'informasinya', 'valid', 'prediksinya', 'akurat']",jika ingin dapat informasi tentang investasi factual kembang ekonomi turut bennix paling tepat informasi valid prediksi akurat
Orang yg berkeliaran cm bikin rusuh aja ternyata bnyak nitizen asing sengaja nkri rusuh 😮😮😮,@cholis.6770,0,Netral,Orang yg berkeliaran cm bikin rusuh aja ternyata bnyak nitizen asing sengaja nkri rusuh,orang yg berkeliaran cm bikin rusuh aja ternyata bnyak nitizen asing sengaja nkri rusuh,"['orang', 'yg', 'berkeliaran', 'cm', 'bikin', 'rusuh', 'aja', 'ternyata', 'bnyak', 'nitizen', 'asing', 'sengaja', 'nkri', 'rusuh']","['orang', 'yg', 'berkeliaran', 'cm', 'bikin', 'rusuh', 'aja', 'ternyata', 'bnyak', 'nitizen', 'asing', 'sengaja', 'nkri', 'rusuh']",orang yg liar cm bikin rusuh aja nyata bnyak nitizen asing sengaja nkri rusuh
"seneng kali si goblok ini sama investor asing, kapan mandirinya kita otakmu gitu ben2",@jibrilagung,0,Netral,seneng kali si goblok ini sama investor asing kapan mandirinya kita otakmu gitu ben,seneng kali si goblok ini sama investor asing kapan mandirinya kita otakmu gitu ben,"['seneng', 'kali', 'si', 'goblok', 'ini', 'sama', 'investor', 'asing', 'kapan', 'mandirinya', 'kita', 'otakmu', 'gitu', 'ben']","['seneng', 'kali', 'si', 'goblok', 'sama', 'investor', 'asing', 'kapan', 'mandirinya', 'otakmu', 'gitu', 'ben']",neng kali si goblok sama investor asing kapan mandiri otak gitu ben
Dasar penjilat zionis,@bryan-h9p2y,0,Netral,Dasar penjilat zionis,dasar penjilat zionis,"['dasar', 'penjilat', 'zionis']","['dasar', 'penjilat', 'zionis']",dasar jilat zionis
Kau penjilat zionis bangsat,@bryan-h9p2y,0,Netral,Kau penjilat zionis bangsat,kau penjilat zionis bangsat,"['kau', 'penjilat', 'zionis', 'bangsat']","['kau', 'penjilat', 'zionis', 'bangsat']",kau jilat zionis bangsat
Kau tu penjilat zionis,@bryan-h9p2y,0,Netral,Kau tu penjilat zionis,kau tu penjilat zionis,"['kau', 'tu', 'penjilat', 'zionis']","['kau', 'tu', 'penjilat', 'zionis']",kau tu jilat zionis
"Mantap bang Bennix lanjut.....,👍👍👍",@gamerl9484,0,Positif,Mantap bang Bennix lanjut,mantap bang bennix lanjut,"['mantap', 'bang', 'bennix', 'lanjut']","['mantap', 'bang', 'bennix', 'lanjut']",mantap bang bennix lanjut
Jongos jongos asing berseliweran di negeri ini...mereka menginginkan pemerintahan prabowo hancur...salah satu cara..memberitakan kabar bohong....yg berasal dari singapore....apalagi ada berita kalau perdana menteri italia menolak kedatangannya prabowo...wah..wah...gk boleh datang gk madalah..ke perancis disambut dgn meriah..ke belanda..ke rusia juga sama....yah mungkin karena export satu pintu yg dicanangkan pk prabowo.....katanya prabowo tidak pro rakyat......,@soebarto2025,0,Negatif,Jongos jongos asing berseliweran di negeri inimereka menginginkan pemerintahan prabowo hancursalah satu caramemberitakan kabar bohongyg berasal dari singaporeapalagi ada berita kalau perdana menteri italia menolak kedatangannya prabowowahwahgk boleh datang gk madalahke perancis disambut dgn meriahke belandake rusia juga samayah mungkin karena export satu pintu yg dicanangkan pk prabowokatanya prabowo tidak pro rakyat,jongos jongos asing berseliweran di negeri inimereka menginginkan pemerintahan prabowo hancursalah satu caramemberitakan kabar bohongyg berasal dari singaporeapalagi ada berita kalau perdana menteri italia menolak kedatangannya prabowowahwahgk boleh datang gk madalahke perancis disambut dgn meriahke belandake rusia juga samayah mungkin karena export satu pintu yg dicanangkan pk prabowokatanya prabowo tidak pro rakyat,"['jongos', 'jongos', 'asing', 'berseliweran', 'di', 'negeri', 'inimereka', 'menginginkan', 'pemerintahan', 'prabowo', 'hancursalah', 'satu', 'caramemberitakan', 'kabar', 'bohongyg', 'berasal', 'dari', 'singaporeapalagi', 'ada', 'berita', 'kalau', 'perdana', 'menteri', 'italia', 'menolak', 'kedatangannya', 'prabowowahwahgk', 'boleh', 'datang', 'gk', 'madalahke', 'perancis', 'disambut', 'dgn', 'meriahke', 'belandake', 'rusia', 'juga', 'samayah', 'mungkin', 'karena', 'export', 'satu', 'pintu', 'yg', 'dicanangkan', 'pk', 'prabowokatanya', 'prabowo', 'tidak', 'pro', 'rakyat']","['jongos', 'jongos', 'asing', 'berseliweran', 'negeri', 'inimereka', 'menginginkan', 'pemerintahan', 'prabowo', 'hancursalah', 'satu', 'caramemberitakan', 'kabar', 'bohongyg', 'berasal', 'singaporeapalagi', 'ada', 'berita', 'kalau', 'perdana', 'menteri', 'italia', 'menolak', 'kedatangannya', 'prabowowahwahgk', 'boleh', 'datang', 'gk', 'madalahke', 'perancis', 'disambut', 'dgn', 'meriahke', 'belandake', 'rusia', 'samayah', 'mungkin', 'export', 'satu', 'pintu', 'yg', 'dicanangkan', 'pk', 'prabowokatanya', 'prabowo', 'tidak', 'pro', 'rakyat']",jongos jongos asing seliwer negeri inimereka ingin perintah prabowo hancursalah satu caramemberitakan kabar bohongyg asal singaporeapalagi ada berita kalau perdana menteri italia tolak datang prabowowahwahgk boleh datang gk madalahke perancis sambut dgn meriahke belandake rusia samayah mungkin export satu pintu yg canang pk prabowokatanya prabowo tidak pro rakyat
Berantem sesama Indonesia tapi menjilat ke aseng 😅,@basdol,0,Netral,Berantem sesama Indonesia tapi menjilat ke aseng,berantem sesama indonesia tapi menjilat ke aseng,"['berantem', 'sesama', 'indonesia', 'tapi', 'menjilat', 'ke', 'aseng']","['berantem', 'sesama', 'indonesia', 'tapi', 'menjilat', 'aseng']",antem sama indonesia tapi jilat aseng
"Penyebaran hoax oleh media seperti Tempo, itu perlu diproses hukum.  Media tukang penyebar hoax, fitnah & pemecah belah bangsa.",@randypea.official,0,Netral,Penyebaran hoax oleh media seperti Tempo itu perlu diproses hukum Media tukang penyebar hoax fitnah pemecah belah bangsa,penyebaran hoax oleh media seperti tempo itu perlu diproses hukum media tukang penyebar hoax fitnah pemecah belah bangsa,"['penyebaran', 'hoax', 'oleh', 'media', 'seperti', 'tempo', 'itu', 'perlu', 'diproses', 'hukum', 'media', 'tukang', 'penyebar', 'hoax', 'fitnah', 'pemecah', 'belah', 'bangsa']","['penyebaran', 'hoax', 'oleh', 'media', 'seperti', 'tempo', 'perlu', 'diproses', 'hukum', 'media', 'tukang', 'penyebar', 'hoax', 'fitnah', 'pemecah', 'belah', 'bangsa']",sebar hoax oleh media seperti tempo perlu proses hukum media tukang sebar hoax fitnah pecah belah bangsa
media sebar hoax biar mau nyerok doang pak wkwkw,@mfarissestiyodha2110,0,Netral,media sebar hoax biar mau nyerok doang pak wkwkw,media sebar hoax biar mau nyerok doang pak wkwkw,"['media', 'sebar', 'hoax', 'biar', 'mau', 'nyerok', 'doang', 'pak', 'wkwkw']","['media', 'sebar', 'hoax', 'biar', 'mau', 'nyerok', 'doang', 'pak', 'wkwkw']",media sebar hoax biar mau nyerok doang pak wkwkw
Hmm nampaknya media asing tempe bacem dan anjing2 peliharaan G soros ini butuh MBG juga biar IQ nya ga jongkok di 50 🤔. Ya minimal naik ke 80 sdh lumayan sepertinya 🤔,@putufandy9490,0,Netral,Hmm nampaknya media asing tempe bacem dan anjing peliharaan G soros ini butuh MBG juga biar IQ nya ga jongkok di Ya minimal naik ke sdh lumayan sepertinya,hmm nampaknya media asing tempe bacem dan anjing peliharaan g soros ini butuh mbg juga biar iq nya ga jongkok di ya minimal naik ke sdh lumayan sepertinya,"['hmm', 'nampaknya', 'media', 'asing', 'tempe', 'bacem', 'dan', 'anjing', 'peliharaan', 'g', 'soros', 'ini', 'butuh', 'mbg', 'juga', 'biar', 'iq', 'nya', 'ga', 'jongkok', 'di', 'ya', 'minimal', 'naik', 'ke', 'sdh', 'lumayan', 'sepertinya']","['hmm', 'nampaknya', 'media', 'asing', 'tempe', 'bacem', 'anjing', 'peliharaan', 'g', 'soros', 'butuh', 'mbg', 'biar', 'iq', 'nya', 'ga', 'jongkok', 'ya', 'minimal', 'naik', 'sdh', 'lumayan', 'sepertinya']",hmm nampaknya media asing tempe bacem anjing pelihara g soros butuh mbg biar iq nya ga jongkok ya minimal naik sdh lumayan seperti
Memang banyak penghianat di Indonesia,@hilyatul_ainchanel9954,0,Netral,Memang banyak penghianat di Indonesia,memang banyak penghianat di indonesia,"['memang', 'banyak', 'penghianat', 'di', 'indonesia']","['memang', 'banyak', 'penghianat', 'indonesia']",memang banyak penghianat indonesia
"Walaupun menurut bang bennix indonesia masih bagus, tapi barat menganggap indonesia membangkang dan harus di rusak bursa efek biar hancur negaranya 😅",@Asterisk-27,0,Positif,Walaupun menurut bang bennix indonesia masih bagus tapi barat menganggap indonesia membangkang dan harus di rusak bursa efek biar hancur negaranya,walaupun menurut bang bennix indonesia masih bagus tapi barat menganggap indonesia membangkang dan harus di rusak bursa efek biar hancur negaranya,"['walaupun', 'menurut', 'bang', 'bennix', 'indonesia', 'masih', 'bagus', 'tapi', 'barat', 'menganggap', 'indonesia', 'membangkang', 'dan', 'harus', 'di', 'rusak', 'bursa', 'efek', 'biar', 'hancur', 'negaranya']","['walaupun', 'menurut', 'bang', 'bennix', 'indonesia', 'masih', 'bagus', 'tapi', 'barat', 'menganggap', 'indonesia', 'membangkang', 'harus', 'rusak', 'bursa', 'efek', 'biar', 'hancur', 'negaranya']",walaupun turut bang bennix indonesia masih bagus tapi barat anggap indonesia bangkang harus rusak bursa efek biar hancur negara
Yang gelap itu isi kepala org yang.... ??? Lanjut kan!!!!!!,@rawingshag9439,0,Netral,Yang gelap itu isi kepala org yang Lanjut kan,yang gelap itu isi kepala org yang lanjut kan,"['yang', 'gelap', 'itu', 'isi', 'kepala', 'org', 'yang', 'lanjut', 'kan']","['gelap', 'isi', 'kepala', 'org', 'lanjut', 'kan']",gelap isi kepala org lanjut kan
MSCI cma kritisi IDX kalo diperbaiki ya positiflah  IDX .... INGET IDX MASIH LEBIH TRANSPARAN DAN BEBAS dari negara asia lain .... cuma kita gampang kena sentiment negatif bukan  nurut sama data yg BAGUS dari MSCI .... INGAT INVESTOR EKONOMI.... GLOBAL MAUNYA LIBERAL TRANSPARAN itu maunya investor asing....,@catsrandomfunny,0,Positif,MSCI cma kritisi IDX kalo diperbaiki ya positiflah IDX INGET IDX MASIH LEBIH TRANSPARAN DAN BEBAS dari negara asia lain cuma kita gampang kena sentiment negatif bukan nurut sama data yg BAGUS dari MSCI INGAT INVESTOR EKONOMI GLOBAL MAUNYA LIBERAL TRANSPARAN itu maunya investor asing,msci cma kritisi idx kalo diperbaiki ya positiflah idx inget idx masih lebih transparan dan bebas dari negara asia lain cuma kita gampang kena sentiment negatif bukan nurut sama data yg bagus dari msci ingat investor ekonomi global maunya liberal transparan itu maunya investor asing,"['msci', 'cma', 'kritisi', 'idx', 'kalo', 'diperbaiki', 'ya', 'positiflah', 'idx', 'inget', 'idx', 'masih', 'lebih', 'transparan', 'dan', 'bebas', 'dari', 'negara', 'asia', 'lain', 'cuma', 'kita', 'gampang', 'kena', 'sentiment', 'negatif', 'bukan', 'nurut', 'sama', 'data', 'yg', 'bagus', 'dari', 'msci', 'ingat', 'investor', 'ekonomi', 'global', 'maunya', 'liberal', 'transparan', 'itu', 'maunya', 'investor', 'asing']","['msci', 'cma', 'kritisi', 'idx', 'kalo', 'diperbaiki', 'ya', 'positiflah', 'idx', 'inget', 'idx', 'masih', 'lebih', 'transparan', 'bebas', 'negara', 'asia', 'lain', 'cuma', 'gampang', 'kena', 'sentiment', 'negatif', 'bukan', 'nurut', 'sama', 'data', 'yg', 'bagus', 'msci', 'ingat', 'investor', 'ekonomi', 'global', 'maunya', 'liberal', 'transparan', 'maunya', 'investor', 'asing']",msci cma kritisi idx kalo baik ya positif idx inget idx masih lebih transparan bebas negara asia lain cuma gampang kena sentiment negatif bukan nurut sama data yg bagus msci ingat investor ekonomi global mau liberal transparan mau investor asing
penghianat bangsa mana seneng dibeberkan fakta begini,@tuanmudo7324,0,Netral,penghianat bangsa mana seneng dibeberkan fakta begini,penghianat bangsa mana seneng dibeberkan fakta begini,"['penghianat', 'bangsa', 'mana', 'seneng', 'dibeberkan', 'fakta', 'begini']","['penghianat', 'bangsa', 'mana', 'seneng', 'dibeberkan', 'fakta', 'begini']",penghianat bangsa mana neng beber fakta begini
Memang Anjing Antek AS di Indonesia ikut memprovokasi buat kerusuhan termasuk si Anjing Yaman Bangsat BusEdan,@charleswiggins83,0,Netral,Memang Anjing Antek AS di Indonesia ikut memprovokasi buat kerusuhan termasuk si Anjing Yaman Bangsat BusEdan,memang anjing antek as di indonesia ikut memprovokasi buat kerusuhan termasuk si anjing yaman bangsat busedan,"['memang', 'anjing', 'antek', 'as', 'di', 'indonesia', 'ikut', 'memprovokasi', 'buat', 'kerusuhan', 'termasuk', 'si', 'anjing', 'yaman', 'bangsat', 'busedan']","['memang', 'anjing', 'antek', 'as', 'indonesia', 'ikut', 'memprovokasi', 'buat', 'kerusuhan', 'termasuk', 'si', 'anjing', 'yaman', 'bangsat', 'busedan']",memang anjing antek as indonesia ikut provokasi buat rusuh masuk si anjing yaman bangsat busedan
Indonesia adalah surga dunia . apa aja ada d Indonesia . tanahnya subur . semakin kalian mau hancurkan Indonesia . semakin maju Indonesia .,@Agustriady-s2y,0,Netral,Indonesia adalah surga dunia apa aja ada d Indonesia tanahnya subur semakin kalian mau hancurkan Indonesia semakin maju Indonesia,indonesia adalah surga dunia apa aja ada d indonesia tanahnya subur semakin kalian mau hancurkan indonesia semakin maju indonesia,"['indonesia', 'adalah', 'surga', 'dunia', 'apa', 'aja', 'ada', 'd', 'indonesia', 'tanahnya', 'subur', 'semakin', 'kalian', 'mau', 'hancurkan', 'indonesia', 'semakin', 'maju', 'indonesia']","['indonesia', 'surga', 'dunia', 'apa', 'aja', 'ada', 'd', 'indonesia', 'tanahnya', 'subur', 'semakin', 'kalian', 'mau', 'hancurkan', 'indonesia', 'semakin', 'maju', 'indonesia']",indonesia surga dunia apa aja ada d indonesia tanah subur makin kalian mau hancur indonesia makin maju indonesia
"Kebanyakan media di indo penghianat bangsa,demi cuan pribadi,",@AsmaniAs-y2u,0,Netral,Kebanyakan media di indo penghianat bangsademi cuan pribadi,kebanyakan media di indo penghianat bangsademi cuan pribadi,"['kebanyakan', 'media', 'di', 'indo', 'penghianat', 'bangsademi', 'cuan', 'pribadi']","['kebanyakan', 'media', 'indo', 'penghianat', 'bangsademi', 'cuan', 'pribadi']",banyak media indo penghianat bangsademi cuan pribadi
"BERSAMA KITA KUAT
MAJU INDONESIAKU❤❤❤",@rafliunsan6620,2,Netral,BERSAMA KITA KUAT MAJU INDONESIAKU,bersama kita kuat maju indonesiaku,"['bersama', 'kita', 'kuat', 'maju', 'indonesiaku']","['bersama', 'kuat', 'maju', 'indonesiaku']",sama kuat maju indonesia
Full pengkhianat bangsa d indo,@tarmidzidaud1934,0,Netral,Full pengkhianat bangsa d indo,full pengkhianat bangsa d indo,"['full', 'pengkhianat', 'bangsa', 'd', 'indo']","['full', 'pengkhianat', 'bangsa', 'd', 'indo']",full khianat bangsa d indo
Anjing soros itu...si Tempe ???🤔,@andida01,0,Netral,Anjing soros itusi Tempe,anjing soros itusi tempe,"['anjing', 'soros', 'itusi', 'tempe']","['anjing', 'soros', 'itusi', 'tempe']",anjing soros itusi tempe
jilatt teruss 😂,@prewok2512,0,Netral,jilatt teruss,jilatt teruss,"['jilatt', 'teruss']","['jilatt', 'teruss']",jilatt teruss
"Klo digambar ttg Bursa,,kyk nya diserang nih pak Purbaya 🤣🤣🤣🤣🤣
Pak Prabowo alias Gemoy pasti ketawa² nih di Pojokan akibat para kelakuan ologarki bodoh🤣🤣🤣",@davidsimarmata1076,0,Netral,Klo digambar ttg Bursakyk nya diserang nih pak Purbaya Pak Prabowo alias Gemoy pasti ketawa nih di Pojokan akibat para kelakuan ologarki bodoh,klo digambar ttg bursakyk nya diserang nih pak purbaya pak prabowo alias gemoy pasti ketawa nih di pojokan akibat para kelakuan ologarki bodoh,"['klo', 'digambar', 'ttg', 'bursakyk', 'nya', 'diserang', 'nih', 'pak', 'purbaya', 'pak', 'prabowo', 'alias', 'gemoy', 'pasti', 'ketawa', 'nih', 'di', 'pojokan', 'akibat', 'para', 'kelakuan', 'ologarki', 'bodoh']","['klo', 'digambar', 'ttg', 'bursakyk', 'nya', 'diserang', 'nih', 'pak', 'purbaya', 'pak', 'prabowo', 'alias', 'gemoy', 'pasti', 'ketawa', 'nih', 'pojokan', 'akibat', 'para', 'kelakuan', 'ologarki', 'bodoh']",klo gambar ttg bursakyk nya serang nih pak purbaya pak prabowo alias gemoy pasti ketawa nih pojok akibat para laku ologarki bodoh
"mental sangat berpengaruh terhadap perilaku orang untuk investasi, dan mental tersebut dikendalikan oleh media...",@DombaSesat,0,Netral,mental sangat berpengaruh terhadap perilaku orang untuk investasi dan mental tersebut dikendalikan oleh media,mental sangat berpengaruh terhadap perilaku orang untuk investasi dan mental tersebut dikendalikan oleh media,"['mental', 'sangat', 'berpengaruh', 'terhadap', 'perilaku', 'orang', 'untuk', 'investasi', 'dan', 'mental', 'tersebut', 'dikendalikan', 'oleh', 'media']","['mental', 'sangat', 'berpengaruh', 'terhadap', 'perilaku', 'orang', 'investasi', 'mental', 'tersebut', 'dikendalikan', 'oleh', 'media']",mental sangat pengaruh hadap perilaku orang investasi mental sebut kendali oleh media
Indo kalah sama 2 negara ini CHINA & TIMOR LESTE,@MoazzamTVN,0,Netral,Indo kalah sama negara ini CHINA TIMOR LESTE,indo kalah sama negara ini china timor leste,"['indo', 'kalah', 'sama', 'negara', 'ini', 'china', 'timor', 'leste']","['indo', 'kalah', 'sama', 'negara', 'china', 'timor', 'leste']",indo kalah sama negara china timor leste
mulailah belanja di pasar tradisional agar mereka bisa mempertahankan hidup bukan jadi kaya,@yansanggara1943,0,Netral,mulailah belanja di pasar tradisional agar mereka bisa mempertahankan hidup bukan jadi kaya,mulailah belanja di pasar tradisional agar mereka bisa mempertahankan hidup bukan jadi kaya,"['mulailah', 'belanja', 'di', 'pasar', 'tradisional', 'agar', 'mereka', 'bisa', 'mempertahankan', 'hidup', 'bukan', 'jadi', 'kaya']","['mulailah', 'belanja', 'pasar', 'tradisional', 'agar', 'mereka', 'bisa', 'mempertahankan', 'hidup', 'bukan', 'jadi', 'kaya']",mulai belanja pasar tradisional agar mereka bisa tahan hidup bukan jadi kaya
Mahasewa antek Singapura,@Tiyung-r4r,0,Netral,Mahasewa antek Singapura,mahasewa antek singapura,"['mahasewa', 'antek', 'singapura']","['mahasewa', 'antek', 'singapura']",mahasewa antek singapura
Saatnya beli saham perusahaan BUMN yang banyak diskonnya,@PeternakDomba-ul9px,0,Netral,Saatnya beli saham perusahaan BUMN yang banyak diskonnya,saatnya beli saham perusahaan bumn yang banyak diskonnya,"['saatnya', 'beli', 'saham', 'perusahaan', 'bumn', 'yang', 'banyak', 'diskonnya']","['saatnya', 'beli', 'saham', 'perusahaan', 'bumn', 'banyak', 'diskonnya']",saat beli saham usaha bumn banyak diskon
"Nah ini nih, om Bennix emang Buzzer Ibu Pertiwi",@Caesar_Maulana,0,Netral,Nah ini nih om Bennix emang Buzzer Ibu Pertiwi,nah ini nih om bennix emang buzzer ibu pertiwi,"['nah', 'ini', 'nih', 'om', 'bennix', 'emang', 'buzzer', 'ibu', 'pertiwi']","['nah', 'nih', 'om', 'bennix', 'emang', 'buzzer', 'ibu', 'pertiwi']",nah nih om bennix emang buzzer ibu pertiwi
"Buy, kapan lagi beli saham blue chip murah 😂",@donjoe2694,0,Netral,Buy kapan lagi beli saham blue chip murah,buy kapan lagi beli saham blue chip murah,"['buy', 'kapan', 'lagi', 'beli', 'saham', 'blue', 'chip', 'murah']","['buy', 'kapan', 'lagi', 'beli', 'saham', 'blue', 'chip', 'murah']",buy kapan lagi beli saham blue chip murah
malaysia kah,@nizam_TA,0,Netral,malaysia kah,malaysia kah,"['malaysia', 'kah']","['malaysia', 'kah']",malaysia kah
Mantap ini infonya.. Sangat bermanfaat..,@bss1229,2,Positif,Mantap ini infonya Sangat bermanfaat,mantap ini infonya sangat bermanfaat,"['mantap', 'ini', 'infonya', 'sangat', 'bermanfaat']","['mantap', 'infonya', 'sangat', 'bermanfaat']",mantap info sangat manfaat
Indonesia mandiri 🎉dan Indonesia bangkit 🎉,@ihsansutanto1280,1,Netral,Indonesia mandiri dan Indonesia bangkit,indonesia mandiri dan indonesia bangkit,"['indonesia', 'mandiri', 'dan', 'indonesia', 'bangkit']","['indonesia', 'mandiri', 'indonesia', 'bangkit']",indonesia mandiri indonesia bangkit
"Ini mah kemungkinan besar bakal di Tunda dulu 🤔🤔🤔🤔

Sambil nunggu arahan ""Bos"" nya 🙈🙈🙈🙈🙈🙈

Pantau aja terus Emiten Income USD Expenses IDR

Pasti Emiten Himbara cuekin dulu kan?",@hendrywijaya1017,0,Netral,Ini mah kemungkinan besar bakal di Tunda dulu Sambil nunggu arahan Bos nya Pantau aja terus Emiten Income USD Expenses IDR Pasti Emiten Himbara cuekin dulu kan,ini mah kemungkinan besar bakal di tunda dulu sambil nunggu arahan bos nya pantau aja terus emiten income usd expenses idr pasti emiten himbara cuekin dulu kan,"['ini', 'mah', 'kemungkinan', 'besar', 'bakal', 'di', 'tunda', 'dulu', 'sambil', 'nunggu', 'arahan', 'bos', 'nya', 'pantau', 'aja', 'terus', 'emiten', 'income', 'usd', 'expenses', 'idr', 'pasti', 'emiten', 'himbara', 'cuekin', 'dulu', 'kan']","['mah', 'kemungkinan', 'besar', 'bakal', 'tunda', 'dulu', 'sambil', 'nunggu', 'arahan', 'bos', 'nya', 'pantau', 'aja', 'terus', 'emiten', 'income', 'usd', 'expenses', 'idr', 'pasti', 'emiten', 'himbara', 'cuekin', 'dulu', 'kan']",mah mungkin besar bakal tunda dulu sambil nunggu arah bos nya pantau aja terus emiten income usd expenses idr pasti emiten himbara cuekin dulu kan
Sikat terus bang...jos...kasih paham pantang mundur bang benix,@DonjuanJuan-q2f,0,Netral,Sikat terus bangjoskasih paham pantang mundur bang benix,sikat terus bangjoskasih paham pantang mundur bang benix,"['sikat', 'terus', 'bangjoskasih', 'paham', 'pantang', 'mundur', 'bang', 'benix']","['sikat', 'terus', 'bangjoskasih', 'paham', 'pantang', 'mundur', 'bang', 'benix']",sikat terus bangjoskasih paham pantang mundur bang benix
Media2 yg menyebar hoax itu core bisnisnya memang membuat berita hoax. Mereka sudah terima bayaran dimuka utk memproduksi berita hoax,@inoekertapati9294,0,Netral,Media yg menyebar hoax itu core bisnisnya memang membuat berita hoax Mereka sudah terima bayaran dimuka utk memproduksi berita hoax,media yg menyebar hoax itu core bisnisnya memang membuat berita hoax mereka sudah terima bayaran dimuka utk memproduksi berita hoax,"['media', 'yg', 'menyebar', 'hoax', 'itu', 'core', 'bisnisnya', 'memang', 'membuat', 'berita', 'hoax', 'mereka', 'sudah', 'terima', 'bayaran', 'dimuka', 'utk', 'memproduksi', 'berita', 'hoax']","['media', 'yg', 'menyebar', 'hoax', 'core', 'bisnisnya', 'memang', 'membuat', 'berita', 'hoax', 'mereka', 'sudah', 'terima', 'bayaran', 'dimuka', 'utk', 'memproduksi', 'berita', 'hoax']",media yg sebar hoax core bisnis memang buat berita hoax mereka sudah terima bayar muka utk produksi berita hoax
Mang dasar media media dajjal itu.,@adeindra658,0,Netral,Mang dasar media media dajjal itu,mang dasar media media dajjal itu,"['mang', 'dasar', 'media', 'media', 'dajjal', 'itu']","['mang', 'dasar', 'media', 'media', 'dajjal']",mang dasar media media dajjal
"biar bisa serok murah, klo udah serok murah mereka bisa cuan dan bisa kendaliin market kita. so jangan mau kalah",@davidsusilo,0,Netral,biar bisa serok murah klo udah serok murah mereka bisa cuan dan bisa kendaliin market kita so jangan mau kalah,biar bisa serok murah klo udah serok murah mereka bisa cuan dan bisa kendaliin market kita so jangan mau kalah,"['biar', 'bisa', 'serok', 'murah', 'klo', 'udah', 'serok', 'murah', 'mereka', 'bisa', 'cuan', 'dan', 'bisa', 'kendaliin', 'market', 'kita', 'so', 'jangan', 'mau', 'kalah']","['biar', 'bisa', 'serok', 'murah', 'klo', 'udah', 'serok', 'murah', 'mereka', 'bisa', 'cuan', 'bisa', 'kendaliin', 'market', 'so', 'jangan', 'mau', 'kalah']",biar bisa serok murah klo udah serok murah mereka bisa cuan bisa kendaliin market so jangan mau kalah
Yg ke 2 kalah Bursa Indo sama Malaysia...!!! (Nyebeliiiinnn) 🤣🤣,@helmiawaiy9255,0,Netral,Yg ke kalah Bursa Indo sama Malaysia Nyebeliiiinnn,yg ke kalah bursa indo sama malaysia nyebeliiiinnn,"['yg', 'ke', 'kalah', 'bursa', 'indo', 'sama', 'malaysia', 'nyebeliiiinnn']","['yg', 'kalah', 'bursa', 'indo', 'sama', 'malaysia', 'nyebeliiiinnn']",yg kalah bursa indo sama malaysia nyebeliiiinnn
"Banyak influencer bajingan di luar sana yang demi bayarin nyebarin berita ngga benar dan jelek, perlu orang seperti bennix untuk menyeimbangkan keadaan",@ngadiminsim3244,0,Negatif,Banyak influencer bajingan di luar sana yang demi bayarin nyebarin berita ngga benar dan jelek perlu orang seperti bennix untuk menyeimbangkan keadaan,banyak influencer bajingan di luar sana yang demi bayarin nyebarin berita ngga benar dan jelek perlu orang seperti bennix untuk menyeimbangkan keadaan,"['banyak', 'influencer', 'bajingan', 'di', 'luar', 'sana', 'yang', 'demi', 'bayarin', 'nyebarin', 'berita', 'ngga', 'benar', 'dan', 'jelek', 'perlu', 'orang', 'seperti', 'bennix', 'untuk', 'menyeimbangkan', 'keadaan']","['banyak', 'influencer', 'bajingan', 'luar', 'sana', 'demi', 'bayarin', 'nyebarin', 'berita', 'ngga', 'benar', 'jelek', 'perlu', 'orang', 'seperti', 'bennix', 'menyeimbangkan', 'keadaan']",banyak influencer bajing luar sana demi bayarin nyebarin berita ngga benar jelek perlu orang seperti bennix imbang ada
Buy Indonesia!,@rifki_-wf5ie,0,Netral,Buy Indonesia,buy indonesia,"['buy', 'indonesia']","['buy', 'indonesia']",buy indonesia
"Alhamdulillah kalau fakta nya demikian. Semoga pemerintah BISA  mengkomunikasi kan nya dengan baik, asyik dan santun, agar mereka2 yg Gedeg tiap pemerintah bilang negara kita baik2 saja bisa sadar. Selain itu juga kita harus lebih fokus pada poin2 mines MSCI (berpikir invert) gimana caranya kita downgrade, biar segera cari solusi utk mengatasinya 
 🙏",@abiel9501,0,Positif,Alhamdulillah kalau fakta nya demikian Semoga pemerintah BISA mengkomunikasi kan nya dengan baik asyik dan santun agar mereka yg Gedeg tiap pemerintah bilang negara kita baik saja bisa sadar Selain itu juga kita harus lebih fokus pada poin mines MSCI berpikir invert gimana caranya kita downgrade biar segera cari solusi utk mengatasinya,alhamdulillah kalau fakta nya demikian semoga pemerintah bisa mengkomunikasi kan nya dengan baik asyik dan santun agar mereka yg gedeg tiap pemerintah bilang negara kita baik saja bisa sadar selain itu juga kita harus lebih fokus pada poin mines msci berpikir invert gimana caranya kita downgrade biar segera cari solusi utk mengatasinya,"['alhamdulillah', 'kalau', 'fakta', 'nya', 'demikian', 'semoga', 'pemerintah', 'bisa', 'mengkomunikasi', 'kan', 'nya', 'dengan', 'baik', 'asyik', 'dan', 'santun', 'agar', 'mereka', 'yg', 'gedeg', 'tiap', 'pemerintah', 'bilang', 'negara', 'kita', 'baik', 'saja', 'bisa', 'sadar', 'selain', 'itu', 'juga', 'kita', 'harus', 'lebih', 'fokus', 'pada', 'poin', 'mines', 'msci', 'berpikir', 'invert', 'gimana', 'caranya', 'kita', 'downgrade', 'biar', 'segera', 'cari', 'solusi', 'utk', 'mengatasinya']","['alhamdulillah', 'kalau', 'fakta', 'nya', 'demikian', 'semoga', 'pemerintah', 'bisa', 'mengkomunikasi', 'kan', 'nya', 'baik', 'asyik', 'santun', 'agar', 'mereka', 'yg', 'gedeg', 'tiap', 'pemerintah', 'bilang', 'negara', 'baik', 'saja', 'bisa', 'sadar', 'selain', 'harus', 'lebih', 'fokus', 'poin', 'mines', 'msci', 'berpikir', 'invert', 'gimana', 'caranya', 'downgrade', 'biar', 'segera', 'cari', 'solusi', 'utk', 'mengatasinya']",alhamdulillah kalau fakta nya demikian moga perintah bisa komunikasi kan nya baik asyik santun agar mereka yg gedeg tiap perintah bilang negara baik saja bisa sadar selain harus lebih fokus poin mes msci pikir invert gimana cara downgrade biar segera cari solusi utk atas
Efek dari koruptor merajelah di Konoha..,@castell1183,0,Netral,Efek dari koruptor merajelah di Konoha,efek dari koruptor merajelah di konoha,"['efek', 'dari', 'koruptor', 'merajelah', 'di', 'konoha']","['efek', 'koruptor', 'merajelah', 'konoha']",efek koruptor merajelah konoha
"Udah demo ber jilid jilid, setiap daerah dari mahasewa trus rupiah anjlok, IHSG naik dikit,mantap deh cobaan Prabowo,efek dari melawan oligarki dan mafia,semoga kuat deh Prabowo dan para menterinya",@paksuyud3902,1,Positif,Udah demo ber jilid jilid setiap daerah dari mahasewa trus rupiah anjlok IHSG naik dikitmantap deh cobaan Prabowoefek dari melawan oligarki dan mafiasemoga kuat deh Prabowo dan para menterinya,udah demo ber jilid jilid setiap daerah dari mahasewa trus rupiah anjlok ihsg naik dikitmantap deh cobaan prabowoefek dari melawan oligarki dan mafiasemoga kuat deh prabowo dan para menterinya,"['udah', 'demo', 'ber', 'jilid', 'jilid', 'setiap', 'daerah', 'dari', 'mahasewa', 'trus', 'rupiah', 'anjlok', 'ihsg', 'naik', 'dikitmantap', 'deh', 'cobaan', 'prabowoefek', 'dari', 'melawan', 'oligarki', 'dan', 'mafiasemoga', 'kuat', 'deh', 'prabowo', 'dan', 'para', 'menterinya']","['udah', 'demo', 'ber', 'jilid', 'jilid', 'setiap', 'daerah', 'mahasewa', 'trus', 'rupiah', 'anjlok', 'ihsg', 'naik', 'dikitmantap', 'deh', 'cobaan', 'prabowoefek', 'melawan', 'oligarki', 'mafiasemoga', 'kuat', 'deh', 'prabowo', 'para', 'menterinya']",udah demo ber jilid jilid tiap daerah mahasewa trus rupiah anjlok ihsg naik dikitmantap deh coba prabowoefek lawan oligarki mafiasemoga kuat deh prabowo para menteri
Indo kalah juga dr bangladesh.uang mereka lagi tinggi dr rupiah😂😂,@daektrown,0,Netral,Indo kalah juga dr bangladeshuang mereka lagi tinggi dr rupiah,indo kalah juga dr bangladeshuang mereka lagi tinggi dr rupiah,"['indo', 'kalah', 'juga', 'dr', 'bangladeshuang', 'mereka', 'lagi', 'tinggi', 'dr', 'rupiah']","['indo', 'kalah', 'dr', 'bangladeshuang', 'mereka', 'lagi', 'tinggi', 'dr', 'rupiah']",indo kalah dr bangladeshuang mereka lagi tinggi dr rupiah
tx bro nt sdh ksh pencerahan,@dwiaripriyastono9415,1,Netral,tx bro nt sdh ksh pencerahan,tx bro nt sdh ksh pencerahan,"['tx', 'bro', 'nt', 'sdh', 'ksh', 'pencerahan']","['tx', 'bro', 'nt', 'sdh', 'ksh', 'pencerahan']",tx bro nt sdh ksh cerah
Kok.asing ikut keluar ya,@ahmadarifafandi454,0,Netral,Kokasing ikut keluar ya,kokasing ikut keluar ya,"['kokasing', 'ikut', 'keluar', 'ya']","['kokasing', 'ikut', 'keluar', 'ya']",kokasing ikut keluar ya
"Antek² pura²singa bergerilya, pastinya.. 😂😅",@hazhurhoanadza,0,Netral,Antek purasinga bergerilya pastinya,antek purasinga bergerilya pastinya,"['antek', 'purasinga', 'bergerilya', 'pastinya']","['antek', 'purasinga', 'bergerilya', 'pastinya']",antek purasinga gerilya pasti
"Redaktur tempe dan kompos suruh sering minum susu MBG biar pinter dan IQ nya upgrade, nggak jadi antek Soros dan mafia rente singapur🎉😂😅",@FitriaWinata,0,Netral,Redaktur tempe dan kompos suruh sering minum susu MBG biar pinter dan IQ nya upgrade nggak jadi antek Soros dan mafia rente singapur,redaktur tempe dan kompos suruh sering minum susu mbg biar pinter dan iq nya upgrade nggak jadi antek soros dan mafia rente singapur,"['redaktur', 'tempe', 'dan', 'kompos', 'suruh', 'sering', 'minum', 'susu', 'mbg', 'biar', 'pinter', 'dan', 'iq', 'nya', 'upgrade', 'nggak', 'jadi', 'antek', 'soros', 'dan', 'mafia', 'rente', 'singapur']","['redaktur', 'tempe', 'kompos', 'suruh', 'sering', 'minum', 'susu', 'mbg', 'biar', 'pinter', 'iq', 'nya', 'upgrade', 'nggak', 'jadi', 'antek', 'soros', 'mafia', 'rente', 'singapur']",redaktur tempe kompos suruh sering minum susu mbg biar pinter iq nya upgrade nggak jadi antek soros mafia rente singapur
"Selamat malam semua,media2 kazastan yg di pikir kan hanya cuan dan cuan sj,nggak seperti media2 negara lain yg taat ke pd pemerintah,seharus nya media yg di kazastan harus nya negara yg menghendel,terus kan bang memberi kan informasi yg benar ke masyarakat nggak,biar masyarakat nggak dlm ketakutan,tetap semangat,optimis,slm sehat semua,slm cuan dan sukses selalu",@EraEra-qz2be,0,Positif,Selamat malam semuamedia kazastan yg di pikir kan hanya cuan dan cuan sjnggak seperti media negara lain yg taat ke pd pemerintahseharus nya media yg di kazastan harus nya negara yg menghendelterus kan bang memberi kan informasi yg benar ke masyarakat nggakbiar masyarakat nggak dlm ketakutantetap semangatoptimisslm sehat semuaslm cuan dan sukses selalu,selamat malam semuamedia kazastan yg di pikir kan hanya cuan dan cuan sjnggak seperti media negara lain yg taat ke pd pemerintahseharus nya media yg di kazastan harus nya negara yg menghendelterus kan bang memberi kan informasi yg benar ke masyarakat nggakbiar masyarakat nggak dlm ketakutantetap semangatoptimisslm sehat semuaslm cuan dan sukses selalu,"['selamat', 'malam', 'semuamedia', 'kazastan', 'yg', 'di', 'pikir', 'kan', 'hanya', 'cuan', 'dan', 'cuan', 'sjnggak', 'seperti', 'media', 'negara', 'lain', 'yg', 'taat', 'ke', 'pd', 'pemerintahseharus', 'nya', 'media', 'yg', 'di', 'kazastan', 'harus', 'nya', 'negara', 'yg', 'menghendelterus', 'kan', 'bang', 'memberi', 'kan', 'informasi', 'yg', 'benar', 'ke', 'masyarakat', 'nggakbiar', 'masyarakat', 'nggak', 'dlm', 'ketakutantetap', 'semangatoptimisslm', 'sehat', 'semuaslm', 'cuan', 'dan', 'sukses', 'selalu']","['selamat', 'malam', 'semuamedia', 'kazastan', 'yg', 'pikir', 'kan', 'hanya', 'cuan', 'cuan', 'sjnggak', 'seperti', 'media', 'negara', 'lain', 'yg', 'taat', 'pd', 'pemerintahseharus', 'nya', 'media', 'yg', 'kazastan', 'harus', 'nya', 'negara', 'yg', 'menghendelterus', 'kan', 'bang', 'memberi', 'kan', 'informasi', 'yg', 'benar', 'masyarakat', 'nggakbiar', 'masyarakat', 'nggak', 'dlm', 'ketakutantetap', 'semangatoptimisslm', 'sehat', 'semuaslm', 'cuan', 'sukses', 'selalu']",selamat malam semuamedia kazastan yg pikir kan hanya cuan cuan sjnggak seperti media negara lain yg taat pd pemerintahseharus nya media yg kazastan harus nya negara yg menghendelterus kan bang beri kan informasi yg benar masyarakat nggakbiar masyarakat nggak dlm ketakutantetap semangatoptimisslm sehat semuaslm cuan sukses selalu
Siap2 cash agar nanti kita bisa bagger lagi pak,@edirawi7454,0,Netral,Siap cash agar nanti kita bisa bagger lagi pak,siap cash agar nanti kita bisa bagger lagi pak,"['siap', 'cash', 'agar', 'nanti', 'kita', 'bisa', 'bagger', 'lagi', 'pak']","['siap', 'cash', 'agar', 'nanti', 'bisa', 'bagger', 'lagi', 'pak']",siap cash agar nanti bisa bagger lagi pak
"Dulu si beninx bilang dolar naik terus baik, sekarang bilang MSCI down grade bagus juga. Ni orang keliatan buzzer nya gak liat dampak negatif nya",@abisuryap219,1,Positif,Dulu si beninx bilang dolar naik terus baik sekarang bilang MSCI down grade bagus juga Ni orang keliatan buzzer nya gak liat dampak negatif nya,dulu si beninx bilang dolar naik terus baik sekarang bilang msci down grade bagus juga ni orang keliatan buzzer nya gak liat dampak negatif nya,"['dulu', 'si', 'beninx', 'bilang', 'dolar', 'naik', 'terus', 'baik', 'sekarang', 'bilang', 'msci', 'down', 'grade', 'bagus', 'juga', 'ni', 'orang', 'keliatan', 'buzzer', 'nya', 'gak', 'liat', 'dampak', 'negatif', 'nya']","['dulu', 'si', 'beninx', 'bilang', 'dolar', 'naik', 'terus', 'baik', 'sekarang', 'bilang', 'msci', 'down', 'grade', 'bagus', 'ni', 'orang', 'keliatan', 'buzzer', 'nya', 'gak', 'liat', 'dampak', 'negatif', 'nya']",dulu si beninx bilang dolar naik terus baik sekarang bilang msci down grade bagus ni orang liat buzzer nya gak liat dampak negatif nya
"Indeks pingin naik.. persulit lah media"" informasi tanpa datased valid.. dan permuda media yg mendidik

Terutama dari youtube",@MustofaSamsul,0,Netral,Indeks pingin naik persulit lah media informasi tanpa datased valid dan permuda media yg mendidik Terutama dari youtube,indeks pingin naik persulit lah media informasi tanpa datased valid dan permuda media yg mendidik terutama dari youtube,"['indeks', 'pingin', 'naik', 'persulit', 'lah', 'media', 'informasi', 'tanpa', 'datased', 'valid', 'dan', 'permuda', 'media', 'yg', 'mendidik', 'terutama', 'dari', 'youtube']","['indeks', 'pingin', 'naik', 'persulit', 'lah', 'media', 'informasi', 'tanpa', 'datased', 'valid', 'permuda', 'media', 'yg', 'mendidik', 'terutama', 'youtube']",indeks pingin naik sulit lah media informasi tanpa datased valid muda media yg didik utama youtube
"bang benix tolong pin.

mahasisiiiisiiii tahun kemarin demo. projek 20rb megawatt Pak jokowi dengan dalil. salah satu program Geotermal di Gunung Slamet merusak alam.

padahal geotermal adalah sumber daya pembangkit listrik paling ramah lingkungan.
dan akhirnya projek Geotermal batal.

dan hari ini,, krisis energi.. mahasisisisisisii menyalahkan pemerintah.

sadar ga sih, mereka itu 2digit doang.
pantes jaman gw lulus grade IPK buat masuk PT KAI cuma 2,75 untuk PTN. skarang minimal 3,5 untuk PTN.

seburuk inikah IQ kita",@adityahendry,1,Negatif,bang benix tolong pin mahasisiiiisiiii tahun kemarin demo projek rb megawatt Pak jokowi dengan dalil salah satu program Geotermal di Gunung Slamet merusak alam padahal geotermal adalah sumber daya pembangkit listrik paling ramah lingkungan dan akhirnya projek Geotermal batal dan hari ini krisis energi mahasisisisisisii menyalahkan pemerintah sadar ga sih mereka itu digit doang pantes jaman gw lulus grade IPK buat masuk PT KAI cuma untuk PTN skarang minimal untuk PTN seburuk inikah IQ kita,bang benix tolong pin mahasisiiiisiiii tahun kemarin demo projek rb megawatt pak jokowi dengan dalil salah satu program geotermal di gunung slamet merusak alam padahal geotermal adalah sumber daya pembangkit listrik paling ramah lingkungan dan akhirnya projek geotermal batal dan hari ini krisis energi mahasisisisisisii menyalahkan pemerintah sadar ga sih mereka itu digit doang pantes jaman gw lulus grade ipk buat masuk pt kai cuma untuk ptn skarang minimal untuk ptn seburuk inikah iq kita,"['bang', 'benix', 'tolong', 'pin', 'mahasisiiiisiiii', 'tahun', 'kemarin', 'demo', 'projek', 'rb', 'megawatt', 'pak', 'jokowi', 'dengan', 'dalil', 'salah', 'satu', 'program', 'geotermal', 'di', 'gunung', 'slamet', 'merusak', 'alam', 'padahal', 'geotermal', 'adalah', 'sumber', 'daya', 'pembangkit', 'listrik', 'paling', 'ramah', 'lingkungan', 'dan', 'akhirnya', 'projek', 'geotermal', 'batal', 'dan', 'hari', 'ini', 'krisis', 'energi', 'mahasisisisisisii', 'menyalahkan', 'pemerintah', 'sadar', 'ga', 'sih', 'mereka', 'itu', 'digit', 'doang', 'pantes', 'jaman', 'gw', 'lulus', 'grade', 'ipk', 'buat', 'masuk', 'pt', 'kai', 'cuma', 'untuk', 'ptn', 'skarang', 'minimal', 'untuk', 'ptn', 'seburuk', 'inikah', 'iq', 'kita']","['bang', 'benix', 'tolong', 'pin', 'mahasisiiiisiiii', 'tahun', 'kemarin', 'demo', 'projek', 'rb', 'megawatt', 'pak', 'jokowi', 'dalil', 'salah', 'satu', 'program', 'geotermal', 'gunung', 'slamet', 'merusak', 'alam', 'padahal', 'geotermal', 'sumber', 'daya', 'pembangkit', 'listrik', 'paling', 'ramah', 'lingkungan', 'akhirnya', 'projek', 'geotermal', 'batal', 'hari', 'krisis', 'energi', 'mahasisisisisisii', 'menyalahkan', 'pemerintah', 'sadar', 'ga', 'sih', 'mereka', 'digit', 'doang', 'pantes', 'jaman', 'gw', 'lulus', 'grade', 'ipk', 'buat', 'masuk', 'pt', 'kai', 'cuma', 'ptn', 'skarang', 'minimal', 'ptn', 'seburuk', 'inikah', 'iq']",bang benix tolong pin mahasisiiiisiiii tahun kemarin demo projek rb megawatt pak jokowi dalil salah satu program geotermal gunung slamet rusak alam padahal geotermal sumber daya bangkit listrik paling ramah lingkung akhir projek geotermal batal hari krisis energi mahasisisisisisii salah perintah sadar ga sih mereka digit doang pantes jaman gw lulus grade ipk buat masuk pt kai cuma ptn skarang minimal ptn buruk ini iq
"Dulu Cina juga di perlakukan sama, lihat hari ini keadaan Cina :trophy-yellow-smiling:",@paperplastikguy8728,14,Netral,Dulu Cina juga di perlakukan sama lihat hari ini keadaan Cina trophyyellowsmiling,dulu cina juga di perlakukan sama lihat hari ini keadaan cina trophyyellowsmiling,"['dulu', 'cina', 'juga', 'di', 'perlakukan', 'sama', 'lihat', 'hari', 'ini', 'keadaan', 'cina', 'trophyyellowsmiling']","['dulu', 'cina', 'perlakukan', 'sama', 'lihat', 'hari', 'keadaan', 'cina', 'trophyyellowsmiling']",dulu cina laku sama lihat hari ada cina trophyyellowsmiling
"Tonton podcast Astronacci ttg konspirasi pihak asing yg ingin mengacaukan Indonesia.
HATI-HATI dgn pihak asing (USA & SEKUTU ) yg ingin mengacaukan & mengadu domba Indonesia, TERUTAMA SINGAPURA, karna kebijakan 1 pintu bikin cuan Singapura hilang",@TanDody,0,Netral,Tonton podcast Astronacci ttg konspirasi pihak asing yg ingin mengacaukan Indonesia HATIHATI dgn pihak asing USA SEKUTU yg ingin mengacaukan mengadu domba Indonesia TERUTAMA SINGAPURA karna kebijakan pintu bikin cuan Singapura hilang,tonton podcast astronacci ttg konspirasi pihak asing yg ingin mengacaukan indonesia hatihati dgn pihak asing usa sekutu yg ingin mengacaukan mengadu domba indonesia terutama singapura karna kebijakan pintu bikin cuan singapura hilang,"['tonton', 'podcast', 'astronacci', 'ttg', 'konspirasi', 'pihak', 'asing', 'yg', 'ingin', 'mengacaukan', 'indonesia', 'hatihati', 'dgn', 'pihak', 'asing', 'usa', 'sekutu', 'yg', 'ingin', 'mengacaukan', 'mengadu', 'domba', 'indonesia', 'terutama', 'singapura', 'karna', 'kebijakan', 'pintu', 'bikin', 'cuan', 'singapura', 'hilang']","['tonton', 'podcast', 'astronacci', 'ttg', 'konspirasi', 'pihak', 'asing', 'yg', 'ingin', 'mengacaukan', 'indonesia', 'hatihati', 'dgn', 'pihak', 'asing', 'usa', 'sekutu', 'yg', 'ingin', 'mengacaukan', 'mengadu', 'domba', 'indonesia', 'terutama', 'singapura', 'karna', 'kebijakan', 'pintu', 'bikin', 'cuan', 'singapura', 'hilang']",tonton podcast astronacci ttg konspirasi pihak asing yg ingin acau indonesia hatihati dgn pihak asing usa sekutu yg ingin acau adu domba indonesia utama singapura karna bijak pintu bikin cuan singapura hilang
"Hoax,nanti mereka balik kok",@edirawi7454,0,Netral,Hoaxnanti mereka balik kok,hoaxnanti mereka balik kok,"['hoaxnanti', 'mereka', 'balik', 'kok']","['hoaxnanti', 'mereka', 'balik', 'kok']",hoaxnanti mereka balik kok
cuma bennix yang maki2 tapi bikin pinter wkwkwk.,@dwidesain5562,0,Netral,cuma bennix yang maki tapi bikin pinter wkwkwk,cuma bennix yang maki tapi bikin pinter wkwkwk,"['cuma', 'bennix', 'yang', 'maki', 'tapi', 'bikin', 'pinter', 'wkwkwk']","['cuma', 'bennix', 'maki', 'tapi', 'bikin', 'pinter', 'wkwkwk']",cuma bennix maki tapi bikin pinter wkwkwk
"Banyak peserta aksi demo tidak pernah bertanya mengenai isi rekening korlapnya. 😊
Mungkin dikira para korlap itu manusia suci semua.
FYI, sejak menjelang Reformasi 1998, aksi demo itu sudah jadi bisnis tersendiri. Tarifnya mulai dari puluhan juta hingga milyaran rupiah. 😊
Sungguh naif para mahasiswa yang gak paham itu.
Pernah tanya gak, kok tuntutan UU Perampasan Aset hilang dari aksi demo sekarang? 😊",@hakeemdj368,1,Netral,Banyak peserta aksi demo tidak pernah bertanya mengenai isi rekening korlapnya Mungkin dikira para korlap itu manusia suci semua FYI sejak menjelang Reformasi aksi demo itu sudah jadi bisnis tersendiri Tarifnya mulai dari puluhan juta hingga milyaran rupiah Sungguh naif para mahasiswa yang gak paham itu Pernah tanya gak kok tuntutan UU Perampasan Aset hilang dari aksi demo sekarang,banyak peserta aksi demo tidak pernah bertanya mengenai isi rekening korlapnya mungkin dikira para korlap itu manusia suci semua fyi sejak menjelang reformasi aksi demo itu sudah jadi bisnis tersendiri tarifnya mulai dari puluhan juta hingga milyaran rupiah sungguh naif para mahasiswa yang gak paham itu pernah tanya gak kok tuntutan uu perampasan aset hilang dari aksi demo sekarang,"['banyak', 'peserta', 'aksi', 'demo', 'tidak', 'pernah', 'bertanya', 'mengenai', 'isi', 'rekening', 'korlapnya', 'mungkin', 'dikira', 'para', 'korlap', 'itu', 'manusia', 'suci', 'semua', 'fyi', 'sejak', 'menjelang', 'reformasi', 'aksi', 'demo', 'itu', 'sudah', 'jadi', 'bisnis', 'tersendiri', 'tarifnya', 'mulai', 'dari', 'puluhan', 'juta', 'hingga', 'milyaran', 'rupiah', 'sungguh', 'naif', 'para', 'mahasiswa', 'yang', 'gak', 'paham', 'itu', 'pernah', 'tanya', 'gak', 'kok', 'tuntutan', 'uu', 'perampasan', 'aset', 'hilang', 'dari', 'aksi', 'demo', 'sekarang']","['banyak', 'peserta', 'aksi', 'demo', 'tidak', 'pernah', 'bertanya', 'mengenai', 'isi', 'rekening', 'korlapnya', 'mungkin', 'dikira', 'para', 'korlap', 'manusia', 'suci', 'semua', 'fyi', 'sejak', 'menjelang', 'reformasi', 'aksi', 'demo', 'sudah', 'jadi', 'bisnis', 'tersendiri', 'tarifnya', 'mulai', 'puluhan', 'juta', 'hingga', 'milyaran', 'rupiah', 'sungguh', 'naif', 'para', 'mahasiswa', 'gak', 'paham', 'pernah', 'tanya', 'gak', 'kok', 'tuntutan', 'uu', 'perampasan', 'aset', 'hilang', 'aksi', 'demo', 'sekarang']",banyak serta aksi demo tidak pernah tanya kena isi rekening korlapnya mungkin kira para korlap manusia suci semua fyi sejak jelang reformasi aksi demo sudah jadi bisnis sendiri tarif mulai puluh juta hingga milyaran rupiah sungguh naif para mahasiswa gak paham pernah tanya gak kok tuntut uu ampas aset hilang aksi demo sekarang
Itulah proxy ekonomi yang sesungguhnya dari embargo negara maju untuk menjatuhkan  ekonomi rantai pasok Indonesia,@E-ARTV,0,Netral,Itulah proxy ekonomi yang sesungguhnya dari embargo negara maju untuk menjatuhkan ekonomi rantai pasok Indonesia,itulah proxy ekonomi yang sesungguhnya dari embargo negara maju untuk menjatuhkan ekonomi rantai pasok indonesia,"['itulah', 'proxy', 'ekonomi', 'yang', 'sesungguhnya', 'dari', 'embargo', 'negara', 'maju', 'untuk', 'menjatuhkan', 'ekonomi', 'rantai', 'pasok', 'indonesia']","['itulah', 'proxy', 'ekonomi', 'sesungguhnya', 'embargo', 'negara', 'maju', 'menjatuhkan', 'ekonomi', 'rantai', 'pasok', 'indonesia']",itu proxy ekonomi sungguh embargo negara maju jatuh ekonomi rantai pasok indonesia
"Apa iya, katanya asing saja banyak data bps sudah tidak percaya akibat banyak beda data perhitungan asing",@NadiaHut,0,Netral,Apa iya katanya asing saja banyak data bps sudah tidak percaya akibat banyak beda data perhitungan asing,apa iya katanya asing saja banyak data bps sudah tidak percaya akibat banyak beda data perhitungan asing,"['apa', 'iya', 'katanya', 'asing', 'saja', 'banyak', 'data', 'bps', 'sudah', 'tidak', 'percaya', 'akibat', 'banyak', 'beda', 'data', 'perhitungan', 'asing']","['apa', 'iya', 'katanya', 'asing', 'saja', 'banyak', 'data', 'bps', 'sudah', 'tidak', 'percaya', 'akibat', 'banyak', 'beda', 'data', 'perhitungan', 'asing']",apa iya kata asing saja banyak data bps sudah tidak percaya akibat banyak beda data hitung asing
tarik napas dulu om..,@dijass431,0,Netral,tarik napas dulu om,tarik napas dulu om,"['tarik', 'napas', 'dulu', 'om']","['tarik', 'napas', 'dulu', 'om']",tarik napas dulu om
AING PERCAYA MANG WOWO DKK....ASING2 GAK RELA KALAU INDONESIA MANDIRI...KARENA GAK ADA YG BISA D PERBUDAK LAGI OLEH MEREKA,@gastonchannel3818,1,Netral,AING PERCAYA MANG WOWO DKKASING GAK RELA KALAU INDONESIA MANDIRIKARENA GAK ADA YG BISA D PERBUDAK LAGI OLEH MEREKA,aing percaya mang wowo dkkasing gak rela kalau indonesia mandirikarena gak ada yg bisa d perbudak lagi oleh mereka,"['aing', 'percaya', 'mang', 'wowo', 'dkkasing', 'gak', 'rela', 'kalau', 'indonesia', 'mandirikarena', 'gak', 'ada', 'yg', 'bisa', 'd', 'perbudak', 'lagi', 'oleh', 'mereka']","['aing', 'percaya', 'mang', 'wowo', 'dkkasing', 'gak', 'rela', 'kalau', 'indonesia', 'mandirikarena', 'gak', 'ada', 'yg', 'bisa', 'd', 'perbudak', 'lagi', 'oleh', 'mereka']",aing percaya mang wowo dkkasing gak rela kalau indonesia mandirikarena gak ada yg bisa d budak lagi oleh mereka
"00:22.. klo bubar, udah pasti. Knp krn suka ngutuk negara orang, bahkan pro palelolistin triak2 genosid negara orang lain.. ingat sejarah palelolistin, negara gak ada, bahkan dikitab suci manapun tdk ada satu katapun palelolistin.. nazi bubar, romawi bubar, bentar lg perlahan2 konoha.  Kecuali, ada kecuali, cuman satu, minta maap.

Dan satu lg. Yg suka triak2 ini salahnya soros, itu settan nya😅😂😅😂..
Nama nya settan, pasti nunjuk org lain, elu settannya. Padahal settannya ada didlm.😮😮",@Nusantaraberjaya-t4o,0,Netral,klo bubar udah pasti Knp krn suka ngutuk negara orang bahkan pro palelolistin triak genosid negara orang lain ingat sejarah palelolistin negara gak ada bahkan dikitab suci manapun tdk ada satu katapun palelolistin nazi bubar romawi bubar bentar lg perlahan konoha Kecuali ada kecuali cuman satu minta maap Dan satu lg Yg suka triak ini salahnya soros itu settan nya Nama nya settan pasti nunjuk org lain elu settannya Padahal settannya ada didlm,klo bubar udah pasti knp krn suka ngutuk negara orang bahkan pro palelolistin triak genosid negara orang lain ingat sejarah palelolistin negara gak ada bahkan dikitab suci manapun tdk ada satu katapun palelolistin nazi bubar romawi bubar bentar lg perlahan konoha kecuali ada kecuali cuman satu minta maap dan satu lg yg suka triak ini salahnya soros itu settan nya nama nya settan pasti nunjuk org lain elu settannya padahal settannya ada didlm,"['klo', 'bubar', 'udah', 'pasti', 'knp', 'krn', 'suka', 'ngutuk', 'negara', 'orang', 'bahkan', 'pro', 'palelolistin', 'triak', 'genosid', 'negara', 'orang', 'lain', 'ingat', 'sejarah', 'palelolistin', 'negara', 'gak', 'ada', 'bahkan', 'dikitab', 'suci', 'manapun', 'tdk', 'ada', 'satu', 'katapun', 'palelolistin', 'nazi', 'bubar', 'romawi', 'bubar', 'bentar', 'lg', 'perlahan', 'konoha', 'kecuali', 'ada', 'kecuali', 'cuman', 'satu', 'minta', 'maap', 'dan', 'satu', 'lg', 'yg', 'suka', 'triak', 'ini', 'salahnya', 'soros', 'itu', 'settan', 'nya', 'nama', 'nya', 'settan', 'pasti', 'nunjuk', 'org', 'lain', 'elu', 'settannya', 'padahal', 'settannya', 'ada', 'didlm']","['klo', 'bubar', 'udah', 'pasti', 'knp', 'krn', 'suka', 'ngutuk', 'negara', 'orang', 'bahkan', 'pro', 'palelolistin', 'triak', 'genosid', 'negara', 'orang', 'lain', 'ingat', 'sejarah', 'palelolistin', 'negara', 'gak', 'ada', 'bahkan', 'dikitab', 'suci', 'manapun', 'tdk', 'ada', 'satu', 'katapun', 'palelolistin', 'nazi', 'bubar', 'romawi', 'bubar', 'bentar', 'lg', 'perlahan', 'konoha', 'kecuali', 'ada', 'kecuali', 'cuman', 'satu', 'minta', 'maap', 'satu', 'lg', 'yg', 'suka', 'triak', 'salahnya', 'soros', 'settan', 'nya', 'nama', 'nya', 'settan', 'pasti', 'nunjuk', 'org', 'lain', 'elu', 'settannya', 'padahal', 'settannya', 'ada', 'didlm']",klo bubar udah pasti knp krn suka ngutuk negara orang bahkan pro palelolistin triak genosid negara orang lain ingat sejarah palelolistin negara gak ada bahkan kitab suci mana tdk ada satu kata palelolistin nazi bubar romawi bubar bentar lg perlahan konoha kecuali ada kecuali cuman satu minta maap satu lg yg suka triak salah soros settan nya nama nya settan pasti nunjuk org lain elu settannya padahal settannya ada didlm
"Cuman mau tanya , ada ga yg perna liat porto orang ini",@rahmathafizh5574,0,Netral,Cuman mau tanya ada ga yg perna liat porto orang ini,cuman mau tanya ada ga yg perna liat porto orang ini,"['cuman', 'mau', 'tanya', 'ada', 'ga', 'yg', 'perna', 'liat', 'porto', 'orang', 'ini']","['cuman', 'mau', 'tanya', 'ada', 'ga', 'yg', 'perna', 'liat', 'porto', 'orang']",cuman mau tanya ada ga yg perna liat porto orang
Nontonnya jgn setengah2 bi 😅,@anwarwahudin,0,Netral,Nontonnya jgn setengah bi,nontonnya jgn setengah bi,"['nontonnya', 'jgn', 'setengah', 'bi']","['nontonnya', 'jgn', 'setengah', 'bi']",nontonnya jgn tengah bi
Kalau mau seperti Cina perlu ubah sistem dari demokrasi ke otoriter dulu.,@mypetora,1,Netral,Kalau mau seperti Cina perlu ubah sistem dari demokrasi ke otoriter dulu,kalau mau seperti cina perlu ubah sistem dari demokrasi ke otoriter dulu,"['kalau', 'mau', 'seperti', 'cina', 'perlu', 'ubah', 'sistem', 'dari', 'demokrasi', 'ke', 'otoriter', 'dulu']","['kalau', 'mau', 'seperti', 'cina', 'perlu', 'ubah', 'sistem', 'demokrasi', 'otoriter', 'dulu']",kalau mau seperti cina perlu ubah sistem demokrasi otoriter dulu
Telat 😂,@left4014,0,Netral,Telat,telat,['telat'],['telat'],telat
Ngmng pake pantat,@left4014,0,Netral,Ngmng pake pantat,ngmng pake pantat,"['ngmng', 'pake', 'pantat']","['ngmng', 'pake', 'pantat']",ngmng pake pantat
Join seminarnya ntar lu tagih portonya simple😂,@left4014,1,Netral,Join seminarnya ntar lu tagih portonya simple,join seminarnya ntar lu tagih portonya simple,"['join', 'seminarnya', 'ntar', 'lu', 'tagih', 'portonya', 'simple']","['join', 'seminarnya', 'ntar', 'lu', 'tagih', 'portonya', 'simple']",join seminar ntar lu tagih porto simple
Memamng indonesia ini kurang tranparasn apa lgi maslaah pajak.,@agusapriliana6329,0,Netral,Memamng indonesia ini kurang tranparasn apa lgi maslaah pajak,memamng indonesia ini kurang tranparasn apa lgi maslaah pajak,"['memamng', 'indonesia', 'ini', 'kurang', 'tranparasn', 'apa', 'lgi', 'maslaah', 'pajak']","['memamng', 'indonesia', 'kurang', 'tranparasn', 'apa', 'lgi', 'maslaah', 'pajak']",memamng indonesia kurang tranparasn apa lgi maslaah pajak
"Trimakasih om bennix, selalau mencerahkan.... Semangat dan maju terus om...",@Coba2x,1,Netral,Trimakasih om bennix selalau mencerahkan Semangat dan maju terus om,trimakasih om bennix selalau mencerahkan semangat dan maju terus om,"['trimakasih', 'om', 'bennix', 'selalau', 'mencerahkan', 'semangat', 'dan', 'maju', 'terus', 'om']","['trimakasih', 'om', 'bennix', 'selalau', 'mencerahkan', 'semangat', 'maju', 'terus', 'om']",trimakasih om bennix lalau cerah semangat maju terus om
"Bagaimana tanggapan lu bg, soal demo yang terjadi sekarang?",@Baskoro-d2h,0,Netral,Bagaimana tanggapan lu bg soal demo yang terjadi sekarang,bagaimana tanggapan lu bg soal demo yang terjadi sekarang,"['bagaimana', 'tanggapan', 'lu', 'bg', 'soal', 'demo', 'yang', 'terjadi', 'sekarang']","['bagaimana', 'tanggapan', 'lu', 'bg', 'soal', 'demo', 'terjadi', 'sekarang']",bagaimana tanggap lu bg soal demo jadi sekarang
prabowo ckp 1 periode,@setanhalus3436,0,Netral,prabowo ckp periode,prabowo ckp periode,"['prabowo', 'ckp', 'periode']","['prabowo', 'ckp', 'periode']",prabowo ckp periode
Banyak sekali akun-akun dari singapura dan malaysia yang menyamar/menyaru seperti orang Indonesia dan senang sekali komentar negatif semua berita tentang Indonesia.,@IjazahAsli_KW3,0,Positif,Banyak sekali akunakun dari singapura dan malaysia yang menyamarmenyaru seperti orang Indonesia dan senang sekali komentar negatif semua berita tentang Indonesia,banyak sekali akunakun dari singapura dan malaysia yang menyamarmenyaru seperti orang indonesia dan senang sekali komentar negatif semua berita tentang indonesia,"['banyak', 'sekali', 'akunakun', 'dari', 'singapura', 'dan', 'malaysia', 'yang', 'menyamarmenyaru', 'seperti', 'orang', 'indonesia', 'dan', 'senang', 'sekali', 'komentar', 'negatif', 'semua', 'berita', 'tentang', 'indonesia']","['banyak', 'sekali', 'akunakun', 'singapura', 'malaysia', 'menyamarmenyaru', 'seperti', 'orang', 'indonesia', 'senang', 'sekali', 'komentar', 'negatif', 'semua', 'berita', 'tentang', 'indonesia']",banyak sekali akunakun singapura malaysia menyamarmenyaru seperti orang indonesia senang sekali komentar negatif semua berita tentang indonesia
NKRI ❤❤❤❤❤,@WidhyAdnyanaWidjaPutra,0,Netral,NKRI,nkri,['nkri'],['nkri'],nkri
"@Benix .lawan indonesia maju. DPR  DAN MAPIA LUARNEGRI . 
😂😂",@opekun6963,0,Netral,lawan indonesia maju DPR DAN MAPIA LUARNEGRI,lawan indonesia maju dpr dan mapia luarnegri,"['lawan', 'indonesia', 'maju', 'dpr', 'dan', 'mapia', 'luarnegri']","['lawan', 'indonesia', 'maju', 'dpr', 'mapia', 'luarnegri']",lawan indonesia maju dpr mapia luarnegri
Kita sbg org yg waras harus jeli dan benar mendapatkan informasi yg benar.. Karena indonesia skrg sedang diadu domba asing dan mafia utk ngancurin indonesia ditambab byknya penghianat bangsa yg terima duit mafia dan asing buat ngancurin pemerintah agar mereka tetap bisa ngeruk kekayaan indonesia.. Bennix adalah salah satu panduan bagi kita yg waras dan cinta dgn NKRI..benix punya jiwa nasionalis indonesia dan sangat cerdas....❤❤❤❤🎉🎉🎉 benixx sangat cinta indonesia,@SudiroLancar,0,Netral,Kita sbg org yg waras harus jeli dan benar mendapatkan informasi yg benar Karena indonesia skrg sedang diadu domba asing dan mafia utk ngancurin indonesia ditambab byknya penghianat bangsa yg terima duit mafia dan asing buat ngancurin pemerintah agar mereka tetap bisa ngeruk kekayaan indonesia Bennix adalah salah satu panduan bagi kita yg waras dan cinta dgn NKRIbenix punya jiwa nasionalis indonesia dan sangat cerdas benixx sangat cinta indonesia,kita sbg org yg waras harus jeli dan benar mendapatkan informasi yg benar karena indonesia skrg sedang diadu domba asing dan mafia utk ngancurin indonesia ditambab byknya penghianat bangsa yg terima duit mafia dan asing buat ngancurin pemerintah agar mereka tetap bisa ngeruk kekayaan indonesia bennix adalah salah satu panduan bagi kita yg waras dan cinta dgn nkribenix punya jiwa nasionalis indonesia dan sangat cerdas benixx sangat cinta indonesia,"['kita', 'sbg', 'org', 'yg', 'waras', 'harus', 'jeli', 'dan', 'benar', 'mendapatkan', 'informasi', 'yg', 'benar', 'karena', 'indonesia', 'skrg', 'sedang', 'diadu', 'domba', 'asing', 'dan', 'mafia', 'utk', 'ngancurin', 'indonesia', 'ditambab', 'byknya', 'penghianat', 'bangsa', 'yg', 'terima', 'duit', 'mafia', 'dan', 'asing', 'buat', 'ngancurin', 'pemerintah', 'agar', 'mereka', 'tetap', 'bisa', 'ngeruk', 'kekayaan', 'indonesia', 'bennix', 'adalah', 'salah', 'satu', 'panduan', 'bagi', 'kita', 'yg', 'waras', 'dan', 'cinta', 'dgn', 'nkribenix', 'punya', 'jiwa', 'nasionalis', 'indonesia', 'dan', 'sangat', 'cerdas', 'benixx', 'sangat', 'cinta', 'indonesia']","['sbg', 'org', 'yg', 'waras', 'harus', 'jeli', 'benar', 'mendapatkan', 'informasi', 'yg', 'benar', 'indonesia', 'skrg', 'sedang', 'diadu', 'domba', 'asing', 'mafia', 'utk', 'ngancurin', 'indonesia', 'ditambab', 'byknya', 'penghianat', 'bangsa', 'yg', 'terima', 'duit', 'mafia', 'asing', 'buat', 'ngancurin', 'pemerintah', 'agar', 'mereka', 'tetap', 'bisa', 'ngeruk', 'kekayaan', 'indonesia', 'bennix', 'salah', 'satu', 'panduan', 'bagi', 'yg', 'waras', 'cinta', 'dgn', 'nkribenix', 'punya', 'jiwa', 'nasionalis', 'indonesia', 'sangat', 'cerdas', 'benixx', 'sangat', 'cinta', 'indonesia']",sbg org yg waras harus jeli benar dapat informasi yg benar indonesia skrg sedang adu domba asing mafia utk ngancurin indonesia ditambab byknya penghianat bangsa yg terima duit mafia asing buat ngancurin perintah agar mereka tetap bisa ngeruk kaya indonesia bennix salah satu pandu bagi yg waras cinta dgn nkribenix punya jiwa nasionalis indonesia sangat cerdas benixx sangat cinta indonesia
"Selama Russia & Tiongkok masih berdiri kokoh, Insya Allah Indonesia aman2 saja",@alparslankhaan1071,1,Netral,Selama Russia Tiongkok masih berdiri kokoh Insya Allah Indonesia aman saja,selama russia tiongkok masih berdiri kokoh insya allah indonesia aman saja,"['selama', 'russia', 'tiongkok', 'masih', 'berdiri', 'kokoh', 'insya', 'allah', 'indonesia', 'aman', 'saja']","['selama', 'russia', 'tiongkok', 'masih', 'berdiri', 'kokoh', 'insya', 'allah', 'indonesia', 'aman', 'saja']",lama russia tiongkok masih diri kokoh insya allah indonesia aman saja
Wartawan tempe bacem kok berita nya Indonesia kok gak ada bagusnya sama sekali ya.,@SuhaemiAja-d7b,0,Positif,Wartawan tempe bacem kok berita nya Indonesia kok gak ada bagusnya sama sekali ya,wartawan tempe bacem kok berita nya indonesia kok gak ada bagusnya sama sekali ya,"['wartawan', 'tempe', 'bacem', 'kok', 'berita', 'nya', 'indonesia', 'kok', 'gak', 'ada', 'bagusnya', 'sama', 'sekali', 'ya']","['wartawan', 'tempe', 'bacem', 'kok', 'berita', 'nya', 'indonesia', 'kok', 'gak', 'ada', 'bagusnya', 'sama', 'sekali', 'ya']",wartawan tempe bacem kok berita nya indonesia kok gak ada bagus sama sekali ya
Bennix crita emang lucu banget aku suka critanya fakta and nyata😂😂👍,@SulastriBoby,0,Netral,Bennix crita emang lucu banget aku suka critanya fakta and nyata,bennix crita emang lucu banget aku suka critanya fakta and nyata,"['bennix', 'crita', 'emang', 'lucu', 'banget', 'aku', 'suka', 'critanya', 'fakta', 'and', 'nyata']","['bennix', 'crita', 'emang', 'lucu', 'banget', 'aku', 'suka', 'critanya', 'fakta', 'and', 'nyata']",bennix crita emang lucu banget aku suka critanya fakta and nyata
"si moncong merah bikin isu negatif supaya mahasiswa rusuh. coba kalian cari di google yg banyak terjun usaha di export itu kebanyakan partai mana sih. karna kebijakam satu pintu, merekalah yg kepanasan yg usahanya di bidang export. bagi mereka kebijakan satu pintu ini bahaya.",@nisalgiandarma8137,2,Netral,si moncong merah bikin isu negatif supaya mahasiswa rusuh coba kalian cari di google yg banyak terjun usaha di export itu kebanyakan partai mana sih karna kebijakam satu pintu merekalah yg kepanasan yg usahanya di bidang export bagi mereka kebijakan satu pintu ini bahaya,si moncong merah bikin isu negatif supaya mahasiswa rusuh coba kalian cari di google yg banyak terjun usaha di export itu kebanyakan partai mana sih karna kebijakam satu pintu merekalah yg kepanasan yg usahanya di bidang export bagi mereka kebijakan satu pintu ini bahaya,"['si', 'moncong', 'merah', 'bikin', 'isu', 'negatif', 'supaya', 'mahasiswa', 'rusuh', 'coba', 'kalian', 'cari', 'di', 'google', 'yg', 'banyak', 'terjun', 'usaha', 'di', 'export', 'itu', 'kebanyakan', 'partai', 'mana', 'sih', 'karna', 'kebijakam', 'satu', 'pintu', 'merekalah', 'yg', 'kepanasan', 'yg', 'usahanya', 'di', 'bidang', 'export', 'bagi', 'mereka', 'kebijakan', 'satu', 'pintu', 'ini', 'bahaya']","['si', 'moncong', 'merah', 'bikin', 'isu', 'negatif', 'supaya', 'mahasiswa', 'rusuh', 'coba', 'kalian', 'cari', 'google', 'yg', 'banyak', 'terjun', 'usaha', 'export', 'kebanyakan', 'partai', 'mana', 'sih', 'karna', 'kebijakam', 'satu', 'pintu', 'merekalah', 'yg', 'kepanasan', 'yg', 'usahanya', 'bidang', 'export', 'bagi', 'mereka', 'kebijakan', 'satu', 'pintu', 'bahaya']",si moncong merah bikin isu negatif supaya mahasiswa rusuh coba kalian cari google yg banyak terjun usaha export banyak partai mana sih karna kebijakam satu pintu mereka yg panas yg usaha bidang export bagi mereka bijak satu pintu bahaya
"Katanya ihsg ambruk tapi
Adro,Astra,antam tetep kokoh sahamnnya padahal aku udah mengintai sejak lama untuk masuk😭",@zetzetblackcatpirate9423,1,Netral,Katanya ihsg ambruk tapi AdroAstraantam tetep kokoh sahamnnya padahal aku udah mengintai sejak lama untuk masuk,katanya ihsg ambruk tapi adroastraantam tetep kokoh sahamnnya padahal aku udah mengintai sejak lama untuk masuk,"['katanya', 'ihsg', 'ambruk', 'tapi', 'adroastraantam', 'tetep', 'kokoh', 'sahamnnya', 'padahal', 'aku', 'udah', 'mengintai', 'sejak', 'lama', 'untuk', 'masuk']","['katanya', 'ihsg', 'ambruk', 'tapi', 'adroastraantam', 'tetep', 'kokoh', 'sahamnnya', 'padahal', 'aku', 'udah', 'mengintai', 'sejak', 'lama', 'masuk']",kata ihsg ambruk tapi adroastraantam tetep kokoh sahamnnya padahal aku udah intai sejak lama masuk
Ini baru berimbang baik dan buruk dikatakan apa adanya,@serenamonika92,0,Netral,Ini baru berimbang baik dan buruk dikatakan apa adanya,ini baru berimbang baik dan buruk dikatakan apa adanya,"['ini', 'baru', 'berimbang', 'baik', 'dan', 'buruk', 'dikatakan', 'apa', 'adanya']","['baru', 'berimbang', 'baik', 'buruk', 'dikatakan', 'apa', 'adanya']",baru imbang baik buruk kata apa ada
Volume perputaran uang di bursa saham Indonesia berbeda dengan di negara-negara barat yang sektor keuangannya lebih besar daripada sektor riil. 😊,@hakeemdj368,0,Netral,Volume perputaran uang di bursa saham Indonesia berbeda dengan di negaranegara barat yang sektor keuangannya lebih besar daripada sektor riil,volume perputaran uang di bursa saham indonesia berbeda dengan di negaranegara barat yang sektor keuangannya lebih besar daripada sektor riil,"['volume', 'perputaran', 'uang', 'di', 'bursa', 'saham', 'indonesia', 'berbeda', 'dengan', 'di', 'negaranegara', 'barat', 'yang', 'sektor', 'keuangannya', 'lebih', 'besar', 'daripada', 'sektor', 'riil']","['volume', 'perputaran', 'uang', 'bursa', 'saham', 'indonesia', 'berbeda', 'negaranegara', 'barat', 'sektor', 'keuangannya', 'lebih', 'besar', 'daripada', 'sektor', 'riil']",volume putar uang bursa saham indonesia beda negaranegara barat sektor uang lebih besar daripada sektor riil
"Gak suka indonesia majuu.
Biasaaa 😂😂😂😂",@rizkyriza9114,0,Netral,Gak suka indonesia majuu Biasaaa,gak suka indonesia majuu biasaaa,"['gak', 'suka', 'indonesia', 'majuu', 'biasaaa']","['gak', 'suka', 'indonesia', 'majuu', 'biasaaa']",gak suka indonesia majuu biasaaa
Indonesia salah satu negara yg tidak percaya pada lembaga msci,@yosotanaka269,0,Netral,Indonesia salah satu negara yg tidak percaya pada lembaga msci,indonesia salah satu negara yg tidak percaya pada lembaga msci,"['indonesia', 'salah', 'satu', 'negara', 'yg', 'tidak', 'percaya', 'pada', 'lembaga', 'msci']","['indonesia', 'salah', 'satu', 'negara', 'yg', 'tidak', 'percaya', 'lembaga', 'msci']",indonesia salah satu negara yg tidak percaya lembaga msci
"Benix yang fair lah....
Jangan hanya menyalahkan pihak lain.
Bukannya introspeksi diri kenapa market Indonesia crash.",@Robs-e2h,0,Netral,Benix yang fair lah Jangan hanya menyalahkan pihak lain Bukannya introspeksi diri kenapa market Indonesia crash,benix yang fair lah jangan hanya menyalahkan pihak lain bukannya introspeksi diri kenapa market indonesia crash,"['benix', 'yang', 'fair', 'lah', 'jangan', 'hanya', 'menyalahkan', 'pihak', 'lain', 'bukannya', 'introspeksi', 'diri', 'kenapa', 'market', 'indonesia', 'crash']","['benix', 'fair', 'lah', 'jangan', 'hanya', 'menyalahkan', 'pihak', 'lain', 'bukannya', 'introspeksi', 'diri', 'kenapa', 'market', 'indonesia', 'crash']",benix fair lah jangan hanya salah pihak lain bukan introspeksi diri kenapa market indonesia crash
"Pajak mau naik, listrik naik, sensus rumah buat pajak naik, bilang aja gak becus kelola sumber kekayaan, utang tambah, pabrik pasa mau pindah ke luar, preman bejibun mulai dari kelas cere Sampenberseragam, , sembako naik, padahal minyak sawit kaya, gas kaya, batu bara tinggal keruk buat rakyat aja alasan pajak listrik naik najisss dah wowo tambah rusak",@adinda_khairunnis,0,Netral,Pajak mau naik listrik naik sensus rumah buat pajak naik bilang aja gak becus kelola sumber kekayaan utang tambah pabrik pasa mau pindah ke luar preman bejibun mulai dari kelas cere Sampenberseragam sembako naik padahal minyak sawit kaya gas kaya batu bara tinggal keruk buat rakyat aja alasan pajak listrik naik najisss dah wowo tambah rusak,pajak mau naik listrik naik sensus rumah buat pajak naik bilang aja gak becus kelola sumber kekayaan utang tambah pabrik pasa mau pindah ke luar preman bejibun mulai dari kelas cere sampenberseragam sembako naik padahal minyak sawit kaya gas kaya batu bara tinggal keruk buat rakyat aja alasan pajak listrik naik najisss dah wowo tambah rusak,"['pajak', 'mau', 'naik', 'listrik', 'naik', 'sensus', 'rumah', 'buat', 'pajak', 'naik', 'bilang', 'aja', 'gak', 'becus', 'kelola', 'sumber', 'kekayaan', 'utang', 'tambah', 'pabrik', 'pasa', 'mau', 'pindah', 'ke', 'luar', 'preman', 'bejibun', 'mulai', 'dari', 'kelas', 'cere', 'sampenberseragam', 'sembako', 'naik', 'padahal', 'minyak', 'sawit', 'kaya', 'gas', 'kaya', 'batu', 'bara', 'tinggal', 'keruk', 'buat', 'rakyat', 'aja', 'alasan', 'pajak', 'listrik', 'naik', 'najisss', 'dah', 'wowo', 'tambah', 'rusak']","['pajak', 'mau', 'naik', 'listrik', 'naik', 'sensus', 'rumah', 'buat', 'pajak', 'naik', 'bilang', 'aja', 'gak', 'becus', 'kelola', 'sumber', 'kekayaan', 'utang', 'tambah', 'pabrik', 'pasa', 'mau', 'pindah', 'luar', 'preman', 'bejibun', 'mulai', 'kelas', 'cere', 'sampenberseragam', 'sembako', 'naik', 'padahal', 'minyak', 'sawit', 'kaya', 'gas', 'kaya', 'batu', 'bara', 'tinggal', 'keruk', 'buat', 'rakyat', 'aja', 'alasan', 'pajak', 'listrik', 'naik', 'najisss', 'dah', 'wowo', 'tambah', 'rusak']",pajak mau naik listrik naik sensus rumah buat pajak naik bilang aja gak becus kelola sumber kaya utang tambah pabrik pasa mau pindah luar preman bejibun mulai kelas cere sampenberseragam sembako naik padahal minyak sawit kaya gas kaya batu bara tinggal keruk buat rakyat aja alas pajak listrik naik najisss dah wowo tambah rusak
Harusnya rakyat Indonesia lebih cerdas dengan lebih banyak menonton acara2 seperti channel bennix,@DaengAngkasa,0,Netral,Harusnya rakyat Indonesia lebih cerdas dengan lebih banyak menonton acara seperti channel bennix,harusnya rakyat indonesia lebih cerdas dengan lebih banyak menonton acara seperti channel bennix,"['harusnya', 'rakyat', 'indonesia', 'lebih', 'cerdas', 'dengan', 'lebih', 'banyak', 'menonton', 'acara', 'seperti', 'channel', 'bennix']","['harusnya', 'rakyat', 'indonesia', 'lebih', 'cerdas', 'lebih', 'banyak', 'menonton', 'acara', 'seperti', 'channel', 'bennix']",harus rakyat indonesia lebih cerdas lebih banyak tonton acara seperti channel bennix
Para pemain sepuh itu yang pegang sahamnya 😊,@hakeemdj368,0,Netral,Para pemain sepuh itu yang pegang sahamnya,para pemain sepuh itu yang pegang sahamnya,"['para', 'pemain', 'sepuh', 'itu', 'yang', 'pegang', 'sahamnya']","['para', 'pemain', 'sepuh', 'pegang', 'sahamnya']",para main sepuh pegang saham
"​ @hakeemdj368 iya kali ya, jual alphar beli sahamnya udah gk pusing mikirin pemasukan, devidennya gede😂",@zetzetblackcatpirate9423,0,Netral,iya kali ya jual alphar beli sahamnya udah gk pusing mikirin pemasukan devidennya gede,iya kali ya jual alphar beli sahamnya udah gk pusing mikirin pemasukan devidennya gede,"['iya', 'kali', 'ya', 'jual', 'alphar', 'beli', 'sahamnya', 'udah', 'gk', 'pusing', 'mikirin', 'pemasukan', 'devidennya', 'gede']","['iya', 'kali', 'ya', 'jual', 'alphar', 'beli', 'sahamnya', 'udah', 'gk', 'pusing', 'mikirin', 'pemasukan', 'devidennya', 'gede']",iya kali ya jual alphar beli saham udah gk pusing mikirin pasu devidennya gede
Saya Suka Heran kenapa ya banyak Orang indonesia sendiri Yang Notabennya hidup dan makan  minum di tanah airnya sendiri  tapi Masih aja ada Yang kadang benci banget Sama Negaranya sendiri dan Sangat Pesimis Memghujat bahkan Seolah olah sangat mengharap Negaranya sendiri Bangkrut' Miris banget ya,@HOBYDOLAN828,0,Netral,Saya Suka Heran kenapa ya banyak Orang indonesia sendiri Yang Notabennya hidup dan makan minum di tanah airnya sendiri tapi Masih aja ada Yang kadang benci banget Sama Negaranya sendiri dan Sangat Pesimis Memghujat bahkan Seolah olah sangat mengharap Negaranya sendiri Bangkrut Miris banget ya,saya suka heran kenapa ya banyak orang indonesia sendiri yang notabennya hidup dan makan minum di tanah airnya sendiri tapi masih aja ada yang kadang benci banget sama negaranya sendiri dan sangat pesimis memghujat bahkan seolah olah sangat mengharap negaranya sendiri bangkrut miris banget ya,"['saya', 'suka', 'heran', 'kenapa', 'ya', 'banyak', 'orang', 'indonesia', 'sendiri', 'yang', 'notabennya', 'hidup', 'dan', 'makan', 'minum', 'di', 'tanah', 'airnya', 'sendiri', 'tapi', 'masih', 'aja', 'ada', 'yang', 'kadang', 'benci', 'banget', 'sama', 'negaranya', 'sendiri', 'dan', 'sangat', 'pesimis', 'memghujat', 'bahkan', 'seolah', 'olah', 'sangat', 'mengharap', 'negaranya', 'sendiri', 'bangkrut', 'miris', 'banget', 'ya']","['suka', 'heran', 'kenapa', 'ya', 'banyak', 'orang', 'indonesia', 'sendiri', 'notabennya', 'hidup', 'makan', 'minum', 'tanah', 'airnya', 'sendiri', 'tapi', 'masih', 'aja', 'ada', 'kadang', 'benci', 'banget', 'sama', 'negaranya', 'sendiri', 'sangat', 'pesimis', 'memghujat', 'bahkan', 'seolah', 'olah', 'sangat', 'mengharap', 'negaranya', 'sendiri', 'bangkrut', 'miris', 'banget', 'ya']",suka heran kenapa ya banyak orang indonesia sendiri notabennya hidup makan minum tanah air sendiri tapi masih aja ada kadang benci banget sama negara sendiri sangat pesimis memghujat bahkan olah olah sangat harap negara sendiri bangkrut miris banget ya
Sangat membantu imformasinys muantap  bang benix👍,@SameTarenyok,4,Positif,Sangat membantu imformasinys muantap bang benix,sangat membantu imformasinys muantap bang benix,"['sangat', 'membantu', 'imformasinys', 'muantap', 'bang', 'benix']","['sangat', 'membantu', 'imformasinys', 'muantap', 'bang', 'benix']",sangat bantu imformasinys muantap bang benix
"Ben bahas dong akun"" sosmed universitas kok banyak banget Indonesia bangkrut sama Prabowo harus di lengserkan 😂",@tsukasaX-2,1,Netral,Ben bahas dong akun sosmed universitas kok banyak banget Indonesia bangkrut sama Prabowo harus di lengserkan,ben bahas dong akun sosmed universitas kok banyak banget indonesia bangkrut sama prabowo harus di lengserkan,"['ben', 'bahas', 'dong', 'akun', 'sosmed', 'universitas', 'kok', 'banyak', 'banget', 'indonesia', 'bangkrut', 'sama', 'prabowo', 'harus', 'di', 'lengserkan']","['ben', 'bahas', 'dong', 'akun', 'sosmed', 'universitas', 'kok', 'banyak', 'banget', 'indonesia', 'bangkrut', 'sama', 'prabowo', 'harus', 'lengserkan']",ben bahas dong akun sosmed universitas kok banyak banget indonesia bangkrut sama prabowo harus lengser
"Bang benix pembahasan nya detail dan gampang di mengerti dan apa yang di sampaikan menggunakan data, bang saya request dong pembahasan soal akhir- akhir ini ada pemadaman listrik yg menurut MBG ( mas Bahlil ganteng ) tercinta, bahwa stok batu bara kita menipis, 
Yg perlu kita tahu, apakah stok cadangan batu bara pln yg menipis apakah selaras dengan produksi batu bara perusahaan swasta? Apa yg menyebabkan produksi menurun atau apa yang menyebabkan pln stok BB nya menipis? Apakah ini ada hubungan nya dengan ekspor 1 pintu, upaya penghianat bangsa melawan pemerintah?",@DuniaMainGame,0,Netral,Bang benix pembahasan nya detail dan gampang di mengerti dan apa yang di sampaikan menggunakan data bang saya request dong pembahasan soal akhir akhir ini ada pemadaman listrik yg menurut MBG mas Bahlil ganteng tercinta bahwa stok batu bara kita menipis Yg perlu kita tahu apakah stok cadangan batu bara pln yg menipis apakah selaras dengan produksi batu bara perusahaan swasta Apa yg menyebabkan produksi menurun atau apa yang menyebabkan pln stok BB nya menipis Apakah ini ada hubungan nya dengan ekspor pintu upaya penghianat bangsa melawan pemerintah,bang benix pembahasan nya detail dan gampang di mengerti dan apa yang di sampaikan menggunakan data bang saya request dong pembahasan soal akhir akhir ini ada pemadaman listrik yg menurut mbg mas bahlil ganteng tercinta bahwa stok batu bara kita menipis yg perlu kita tahu apakah stok cadangan batu bara pln yg menipis apakah selaras dengan produksi batu bara perusahaan swasta apa yg menyebabkan produksi menurun atau apa yang menyebabkan pln stok bb nya menipis apakah ini ada hubungan nya dengan ekspor pintu upaya penghianat bangsa melawan pemerintah,"['bang', 'benix', 'pembahasan', 'nya', 'detail', 'dan', 'gampang', 'di', 'mengerti', 'dan', 'apa', 'yang', 'di', 'sampaikan', 'menggunakan', 'data', 'bang', 'saya', 'request', 'dong', 'pembahasan', 'soal', 'akhir', 'akhir', 'ini', 'ada', 'pemadaman', 'listrik', 'yg', 'menurut', 'mbg', 'mas', 'bahlil', 'ganteng', 'tercinta', 'bahwa', 'stok', 'batu', 'bara', 'kita', 'menipis', 'yg', 'perlu', 'kita', 'tahu', 'apakah', 'stok', 'cadangan', 'batu', 'bara', 'pln', 'yg', 'menipis', 'apakah', 'selaras', 'dengan', 'produksi', 'batu', 'bara', 'perusahaan', 'swasta', 'apa', 'yg', 'menyebabkan', 'produksi', 'menurun', 'atau', 'apa', 'yang', 'menyebabkan', 'pln', 'stok', 'bb', 'nya', 'menipis', 'apakah', 'ini', 'ada', 'hubungan', 'nya', 'dengan', 'ekspor', 'pintu', 'upaya', 'penghianat', 'bangsa', 'melawan', 'pemerintah']","['bang', 'benix', 'pembahasan', 'nya', 'detail', 'gampang', 'mengerti', 'apa', 'sampaikan', 'menggunakan', 'data', 'bang', 'request', 'dong', 'pembahasan', 'soal', 'akhir', 'akhir', 'ada', 'pemadaman', 'listrik', 'yg', 'menurut', 'mbg', 'mas', 'bahlil', 'ganteng', 'tercinta', 'bahwa', 'stok', 'batu', 'bara', 'menipis', 'yg', 'perlu', 'tahu', 'apakah', 'stok', 'cadangan', 'batu', 'bara', 'pln', 'yg', 'menipis', 'apakah', 'selaras', 'produksi', 'batu', 'bara', 'perusahaan', 'swasta', 'apa', 'yg', 'menyebabkan', 'produksi', 'menurun', 'apa', 'menyebabkan', 'pln', 'stok', 'bb', 'nya', 'menipis', 'apakah', 'ada', 'hubungan', 'nya', 'ekspor', 'pintu', 'upaya', 'penghianat', 'bangsa', 'melawan', 'pemerintah']",bang benix bahas nya detail gampang erti apa sampai guna data bang request dong bahas soal akhir akhir ada madam listrik yg turut mbg mas bahlil ganteng cinta bahwa stok batu bara tip yg perlu tahu apakah stok cadang batu bara pln yg tip apakah selaras produksi batu bara usaha swasta apa yg sebab produksi turun apa sebab pln stok bb nya tip apakah ada hubung nya ekspor pintu upaya penghianat bangsa lawan perintah
"Harus Diperiksa Profesi PENUNJANG Bursa Yang seperti KANTOR AKUNTAN PUBLIK (KAP), PENILAI PUBLIK, KONSULTAN PAJAK dan KONSULTAN HUKUM.......

AGAR TRANSPARANSI DARI LEBIH BESAR LAGI....",@syahrizalmusa99,0,Netral,Harus Diperiksa Profesi PENUNJANG Bursa Yang seperti KANTOR AKUNTAN PUBLIK KAP PENILAI PUBLIK KONSULTAN PAJAK dan KONSULTAN HUKUM AGAR TRANSPARANSI DARI LEBIH BESAR LAGI,harus diperiksa profesi penunjang bursa yang seperti kantor akuntan publik kap penilai publik konsultan pajak dan konsultan hukum agar transparansi dari lebih besar lagi,"['harus', 'diperiksa', 'profesi', 'penunjang', 'bursa', 'yang', 'seperti', 'kantor', 'akuntan', 'publik', 'kap', 'penilai', 'publik', 'konsultan', 'pajak', 'dan', 'konsultan', 'hukum', 'agar', 'transparansi', 'dari', 'lebih', 'besar', 'lagi']","['harus', 'diperiksa', 'profesi', 'penunjang', 'bursa', 'seperti', 'kantor', 'akuntan', 'publik', 'kap', 'penilai', 'publik', 'konsultan', 'pajak', 'konsultan', 'hukum', 'agar', 'transparansi', 'lebih', 'besar', 'lagi']",harus periksa profesi tunjang bursa seperti kantor akuntan publik kap nilai publik konsultan pajak konsultan hukum agar transparansi lebih besar lagi
"enak banget ya voc reborn sontoloyo, mafia candu voc nhc, kapitalis anarki liberalis bego-begoin indonesia sak udele dewe, parah bener voc reborn betul-betul anti indonesia maju, anti indonesia merdeka",@sholihman,0,Netral,enak banget ya voc reborn sontoloyo mafia candu voc nhc kapitalis anarki liberalis begobegoin indonesia sak udele dewe parah bener voc reborn betulbetul anti indonesia maju anti indonesia merdeka,enak banget ya voc reborn sontoloyo mafia candu voc nhc kapitalis anarki liberalis begobegoin indonesia sak udele dewe parah bener voc reborn betulbetul anti indonesia maju anti indonesia merdeka,"['enak', 'banget', 'ya', 'voc', 'reborn', 'sontoloyo', 'mafia', 'candu', 'voc', 'nhc', 'kapitalis', 'anarki', 'liberalis', 'begobegoin', 'indonesia', 'sak', 'udele', 'dewe', 'parah', 'bener', 'voc', 'reborn', 'betulbetul', 'anti', 'indonesia', 'maju', 'anti', 'indonesia', 'merdeka']","['enak', 'banget', 'ya', 'voc', 'reborn', 'sontoloyo', 'mafia', 'candu', 'voc', 'nhc', 'kapitalis', 'anarki', 'liberalis', 'begobegoin', 'indonesia', 'sak', 'udele', 'dewe', 'parah', 'bener', 'voc', 'reborn', 'betulbetul', 'anti', 'indonesia', 'maju', 'anti', 'indonesia', 'merdeka']",enak banget ya voc reborn sontoloyo mafia candu voc nhc kapitalis anarki liberalis begobegoin indonesia sak udele dewe parah bener voc reborn betulbetul anti indonesia maju anti indonesia merdeka
Semoga koruptor di hukum mati di negri tercinta ini,@saqqof2122,0,Netral,Semoga koruptor di hukum mati di negri tercinta ini,semoga koruptor di hukum mati di negri tercinta ini,"['semoga', 'koruptor', 'di', 'hukum', 'mati', 'di', 'negri', 'tercinta', 'ini']","['semoga', 'koruptor', 'hukum', 'mati', 'negri', 'tercinta']",moga koruptor hukum mati negri cinta
sell singapura,@wahyumarandikawahyu8575,0,Netral,sell singapura,sell singapura,"['sell', 'singapura']","['sell', 'singapura']",sell singapura
KALAU MEMANG INVESTOR CABUT DARI INDON MAKA TERIMA FAKTA AJA LU.  SELL INDONESIA ITU MEMANG SEHARUSNYA KALAU PARA INVESTOR MAHU MENYELAMATKAN KANTONG SAKU MEREKA DARI SYSTEM BEGAL DAN PUNGLI PEMERINTAH INDON. LU MAHU JADI INVESTOR DLM NEGARA LU SILAKAN GAK ADA IMPAK KPD NEGARA LUAR.,@ambanganheightskenangahome,0,Netral,KALAU MEMANG INVESTOR CABUT DARI INDON MAKA TERIMA FAKTA AJA LU SELL INDONESIA ITU MEMANG SEHARUSNYA KALAU PARA INVESTOR MAHU MENYELAMATKAN KANTONG SAKU MEREKA DARI SYSTEM BEGAL DAN PUNGLI PEMERINTAH INDON LU MAHU JADI INVESTOR DLM NEGARA LU SILAKAN GAK ADA IMPAK KPD NEGARA LUAR,kalau memang investor cabut dari indon maka terima fakta aja lu sell indonesia itu memang seharusnya kalau para investor mahu menyelamatkan kantong saku mereka dari system begal dan pungli pemerintah indon lu mahu jadi investor dlm negara lu silakan gak ada impak kpd negara luar,"['kalau', 'memang', 'investor', 'cabut', 'dari', 'indon', 'maka', 'terima', 'fakta', 'aja', 'lu', 'sell', 'indonesia', 'itu', 'memang', 'seharusnya', 'kalau', 'para', 'investor', 'mahu', 'menyelamatkan', 'kantong', 'saku', 'mereka', 'dari', 'system', 'begal', 'dan', 'pungli', 'pemerintah', 'indon', 'lu', 'mahu', 'jadi', 'investor', 'dlm', 'negara', 'lu', 'silakan', 'gak', 'ada', 'impak', 'kpd', 'negara', 'luar']","['kalau', 'memang', 'investor', 'cabut', 'indon', 'maka', 'terima', 'fakta', 'aja', 'lu', 'sell', 'indonesia', 'memang', 'seharusnya', 'kalau', 'para', 'investor', 'mahu', 'menyelamatkan', 'kantong', 'saku', 'mereka', 'system', 'begal', 'pungli', 'pemerintah', 'indon', 'lu', 'mahu', 'jadi', 'investor', 'dlm', 'negara', 'lu', 'silakan', 'gak', 'ada', 'impak', 'kpd', 'negara', 'luar']",kalau memang investor cabut indon maka terima fakta aja lu sell indonesia memang harus kalau para investor mahu selamat kantong saku mereka system begal pungli perintah indon lu mahu jadi investor dlm negara lu sila gak ada impak kpd negara luar
BENNIX konten paling mencerdaskan 😂,@SULZERS_1562,0,Netral,BENNIX konten paling mencerdaskan,bennix konten paling mencerdaskan,"['bennix', 'konten', 'paling', 'mencerdaskan']","['bennix', 'konten', 'paling', 'mencerdaskan']",bennix konten paling cerdas
"1. China
2. Malaysia
3. Indonesia Om:trophy-yellow-smiling:",@NN-ly2in,0,Netral,China Malaysia Indonesia Omtrophyyellowsmiling,china malaysia indonesia omtrophyyellowsmiling,"['china', 'malaysia', 'indonesia', 'omtrophyyellowsmiling']","['china', 'malaysia', 'indonesia', 'omtrophyyellowsmiling']",china malaysia indonesia omtrophyyellowsmiling
Sehat selalu bg bennix,@gogo0760,5,Netral,Sehat selalu bg bennix,sehat selalu bg bennix,"['sehat', 'selalu', 'bg', 'bennix']","['sehat', 'selalu', 'bg', 'bennix']",sehat selalu bg bennix
Allahu Akbar Indonesian,@RizkyKikux,0,Netral,Allahu Akbar Indonesian,allahu akbar indonesian,"['allahu', 'akbar', 'indonesian']","['allahu', 'akbar', 'indonesian']",allahu akbar indonesian
"https://youtube.com/shorts/FvlqZUdOQw8?si=jdehNME3b44OXMyh

Kalian harusnya nurutin tiyo anak UGM itu, katanya dulu 98 kita masih bisa utang IMF sekarang udah ga ada harapan utang ke IMF lagi 🤣",@1988ferry,0,Netral,Kalian harusnya nurutin tiyo anak UGM itu katanya dulu kita masih bisa utang IMF sekarang udah ga ada harapan utang ke IMF lagi,kalian harusnya nurutin tiyo anak ugm itu katanya dulu kita masih bisa utang imf sekarang udah ga ada harapan utang ke imf lagi,"['kalian', 'harusnya', 'nurutin', 'tiyo', 'anak', 'ugm', 'itu', 'katanya', 'dulu', 'kita', 'masih', 'bisa', 'utang', 'imf', 'sekarang', 'udah', 'ga', 'ada', 'harapan', 'utang', 'ke', 'imf', 'lagi']","['kalian', 'harusnya', 'nurutin', 'tiyo', 'anak', 'ugm', 'katanya', 'dulu', 'masih', 'bisa', 'utang', 'imf', 'sekarang', 'udah', 'ga', 'ada', 'harapan', 'utang', 'imf', 'lagi']",kalian harus nurutin tiyo anak ugm kata dulu masih bisa utang imf sekarang udah ga ada harap utang imf lagi
Bangkitlah negeriku Indonesia,@KhoirulNgisom-nh5tw,1,Netral,Bangkitlah negeriku Indonesia,bangkitlah negeriku indonesia,"['bangkitlah', 'negeriku', 'indonesia']","['bangkitlah', 'negeriku', 'indonesia']",bangkit negeri indonesia
"Masih aman aman aja .
Yang bilang indonesia gelap orang stanting .ngga kebagian MBG.",@undraywyt4115,0,Netral,Masih aman aman aja Yang bilang indonesia gelap orang stanting ngga kebagian MBG,masih aman aman aja yang bilang indonesia gelap orang stanting ngga kebagian mbg,"['masih', 'aman', 'aman', 'aja', 'yang', 'bilang', 'indonesia', 'gelap', 'orang', 'stanting', 'ngga', 'kebagian', 'mbg']","['masih', 'aman', 'aman', 'aja', 'bilang', 'indonesia', 'gelap', 'orang', 'stanting', 'ngga', 'kebagian', 'mbg']",masih aman aman aja bilang indonesia gelap orang stanting ngga bagi mbg
Laa media2 k4mpr3t itu mau membentuk opini publik buat mengganggu pemerintah,@alfafamily6123,0,Netral,Laa media kmprt itu mau membentuk opini publik buat mengganggu pemerintah,laa media kmprt itu mau membentuk opini publik buat mengganggu pemerintah,"['laa', 'media', 'kmprt', 'itu', 'mau', 'membentuk', 'opini', 'publik', 'buat', 'mengganggu', 'pemerintah']","['laa', 'media', 'kmprt', 'mau', 'membentuk', 'opini', 'publik', 'buat', 'mengganggu', 'pemerintah']",laa media kmprt mau bentuk opini publik buat ganggu perintah
Media  yg kerjasama sama asing blokir aja berbahaya bagi ekonomi,@ujisusanto8599,1,Netral,Media yg kerjasama sama asing blokir aja berbahaya bagi ekonomi,media yg kerjasama sama asing blokir aja berbahaya bagi ekonomi,"['media', 'yg', 'kerjasama', 'sama', 'asing', 'blokir', 'aja', 'berbahaya', 'bagi', 'ekonomi']","['media', 'yg', 'kerjasama', 'sama', 'asing', 'blokir', 'aja', 'berbahaya', 'bagi', 'ekonomi']",media yg kerjasama sama asing blokir aja bahaya bagi ekonomi
Bro lihat chanel jiran isinya fitnah dan propaganda seperti biasanya MALAYDESH NGEGOSIP RUPIAH DI ANGKA 18.000 DAN IHSG JATUH KE DALAM BANYAK CHANEL DARI MALAYDESH YG GOBLOK TANPA DQLATA DAN ITU CHANEL TERPERCAYA BUKAN CHANEL ABAL2 ITU KOAR2 GILANYA MALAYDESH LAGI JATUH DI MAKRO EKONOMI TAPI BERGAYA NAIK TINGGI PROPAGANDA ..KACAU ITU NEGARA PADAHAL BETAS AJA MAKSA MINTA TTP SOMBONG TUH MALAYDESH,@WiwinerSirk-y7r,0,Netral,Bro lihat chanel jiran isinya fitnah dan propaganda seperti biasanya MALAYDESH NGEGOSIP RUPIAH DI ANGKA DAN IHSG JATUH KE DALAM BANYAK CHANEL DARI MALAYDESH YG GOBLOK TANPA DQLATA DAN ITU CHANEL TERPERCAYA BUKAN CHANEL ABAL ITU KOAR GILANYA MALAYDESH LAGI JATUH DI MAKRO EKONOMI TAPI BERGAYA NAIK TINGGI PROPAGANDA KACAU ITU NEGARA PADAHAL BETAS AJA MAKSA MINTA TTP SOMBONG TUH MALAYDESH,bro lihat chanel jiran isinya fitnah dan propaganda seperti biasanya malaydesh ngegosip rupiah di angka dan ihsg jatuh ke dalam banyak chanel dari malaydesh yg goblok tanpa dqlata dan itu chanel terpercaya bukan chanel abal itu koar gilanya malaydesh lagi jatuh di makro ekonomi tapi bergaya naik tinggi propaganda kacau itu negara padahal betas aja maksa minta ttp sombong tuh malaydesh,"['bro', 'lihat', 'chanel', 'jiran', 'isinya', 'fitnah', 'dan', 'propaganda', 'seperti', 'biasanya', 'malaydesh', 'ngegosip', 'rupiah', 'di', 'angka', 'dan', 'ihsg', 'jatuh', 'ke', 'dalam', 'banyak', 'chanel', 'dari', 'malaydesh', 'yg', 'goblok', 'tanpa', 'dqlata', 'dan', 'itu', 'chanel', 'terpercaya', 'bukan', 'chanel', 'abal', 'itu', 'koar', 'gilanya', 'malaydesh', 'lagi', 'jatuh', 'di', 'makro', 'ekonomi', 'tapi', 'bergaya', 'naik', 'tinggi', 'propaganda', 'kacau', 'itu', 'negara', 'padahal', 'betas', 'aja', 'maksa', 'minta', 'ttp', 'sombong', 'tuh', 'malaydesh']","['bro', 'lihat', 'chanel', 'jiran', 'isinya', 'fitnah', 'propaganda', 'seperti', 'biasanya', 'malaydesh', 'ngegosip', 'rupiah', 'angka', 'ihsg', 'jatuh', 'dalam', 'banyak', 'chanel', 'malaydesh', 'yg', 'goblok', 'tanpa', 'dqlata', 'chanel', 'terpercaya', 'bukan', 'chanel', 'abal', 'koar', 'gilanya', 'malaydesh', 'lagi', 'jatuh', 'makro', 'ekonomi', 'tapi', 'bergaya', 'naik', 'tinggi', 'propaganda', 'kacau', 'negara', 'padahal', 'betas', 'aja', 'maksa', 'minta', 'ttp', 'sombong', 'tuh', 'malaydesh']",bro lihat chanel jiran isi fitnah propaganda seperti biasa malaydesh ngegosip rupiah angka ihsg jatuh dalam banyak chanel malaydesh yg goblok tanpa dqlata chanel percaya bukan chanel abal koar gila malaydesh lagi jatuh makro ekonomi tapi gaya naik tinggi propaganda kacau negara padahal betas aja maksa minta ttp sombong tuh malaydesh
"saya sangat setuju klo Indonesia bubar,bubar kebodohan nya bubar kemiskinan nya bubar koruptor nya dan bubar penghianat penghianat bangsanya aamiin",@kunaenahenah2265,0,Positif,saya sangat setuju klo Indonesia bubarbubar kebodohan nya bubar kemiskinan nya bubar koruptor nya dan bubar penghianat penghianat bangsanya aamiin,saya sangat setuju klo indonesia bubarbubar kebodohan nya bubar kemiskinan nya bubar koruptor nya dan bubar penghianat penghianat bangsanya aamiin,"['saya', 'sangat', 'setuju', 'klo', 'indonesia', 'bubarbubar', 'kebodohan', 'nya', 'bubar', 'kemiskinan', 'nya', 'bubar', 'koruptor', 'nya', 'dan', 'bubar', 'penghianat', 'penghianat', 'bangsanya', 'aamiin']","['sangat', 'setuju', 'klo', 'indonesia', 'bubarbubar', 'kebodohan', 'nya', 'bubar', 'kemiskinan', 'nya', 'bubar', 'koruptor', 'nya', 'bubar', 'penghianat', 'penghianat', 'bangsanya', 'aamiin']",sangat tuju klo indonesia bubarbubar bodoh nya bubar miskin nya bubar koruptor nya bubar penghianat penghianat bangsa aamiin
"Kalau perusahaan tetap bagus, = Turun Harga saham faktor luar ( Bukan nya lagi diskon besar saham nya BG )..",@hdmoviecinema6909,0,Positif,Kalau perusahaan tetap bagus Turun Harga saham faktor luar Bukan nya lagi diskon besar saham nya BG,kalau perusahaan tetap bagus turun harga saham faktor luar bukan nya lagi diskon besar saham nya bg,"['kalau', 'perusahaan', 'tetap', 'bagus', 'turun', 'harga', 'saham', 'faktor', 'luar', 'bukan', 'nya', 'lagi', 'diskon', 'besar', 'saham', 'nya', 'bg']","['kalau', 'perusahaan', 'tetap', 'bagus', 'turun', 'harga', 'saham', 'faktor', 'luar', 'bukan', 'nya', 'lagi', 'diskon', 'besar', 'saham', 'nya', 'bg']",kalau usaha tetap bagus turun harga saham faktor luar bukan nya lagi diskon besar saham nya bg
"SIAP SIAP IHSG AKAN TURUN KASTA KE KE FRONTIER MARKET DAN AKAN TERJUN KE 3000, RUPIAH JUGA AKAN TEMBUS KE 20 RIBU",@OXOOOOOO-o,0,Netral,SIAP SIAP IHSG AKAN TURUN KASTA KE KE FRONTIER MARKET DAN AKAN TERJUN KE RUPIAH JUGA AKAN TEMBUS KE RIBU,siap siap ihsg akan turun kasta ke ke frontier market dan akan terjun ke rupiah juga akan tembus ke ribu,"['siap', 'siap', 'ihsg', 'akan', 'turun', 'kasta', 'ke', 'ke', 'frontier', 'market', 'dan', 'akan', 'terjun', 'ke', 'rupiah', 'juga', 'akan', 'tembus', 'ke', 'ribu']","['siap', 'siap', 'ihsg', 'akan', 'turun', 'kasta', 'frontier', 'market', 'akan', 'terjun', 'rupiah', 'akan', 'tembus', 'ribu']",siap siap ihsg akan turun kasta frontier market akan terjun rupiah akan tembus ribu
Memang kalau anjing menggonggong bikin suasana panik dan kacau.....mantab bang Ben infonya....,@masagro-j3d,0,Netral,Memang kalau anjing menggonggong bikin suasana panik dan kacaumantab bang Ben infonya,memang kalau anjing menggonggong bikin suasana panik dan kacaumantab bang ben infonya,"['memang', 'kalau', 'anjing', 'menggonggong', 'bikin', 'suasana', 'panik', 'dan', 'kacaumantab', 'bang', 'ben', 'infonya']","['memang', 'kalau', 'anjing', 'menggonggong', 'bikin', 'suasana', 'panik', 'kacaumantab', 'bang', 'ben', 'infonya']",memang kalau anjing gonggong bikin suasana panik kacaumantab bang ben info
Gara2 asing IMF cari cari alasan untk merusak market melalui MSCI 😂,@fadalan369,0,Netral,Gara asing IMF cari cari alasan untk merusak market melalui MSCI,gara asing imf cari cari alasan untk merusak market melalui msci,"['gara', 'asing', 'imf', 'cari', 'cari', 'alasan', 'untk', 'merusak', 'market', 'melalui', 'msci']","['gara', 'asing', 'imf', 'cari', 'cari', 'alasan', 'untk', 'merusak', 'market', 'melalui', 'msci']",gara asing imf cari cari alas untk rusak market lalu msci
Serangan dari dalam dan luar apakah Nusantara akan menang? Mana nyalimu..,@BangunDe5a,0,Netral,Serangan dari dalam dan luar apakah Nusantara akan menang Mana nyalimu,serangan dari dalam dan luar apakah nusantara akan menang mana nyalimu,"['serangan', 'dari', 'dalam', 'dan', 'luar', 'apakah', 'nusantara', 'akan', 'menang', 'mana', 'nyalimu']","['serangan', 'dalam', 'luar', 'apakah', 'nusantara', 'akan', 'menang', 'mana', 'nyalimu']",serang dalam luar apakah nusantara akan menang mana nyali
Media TEMPO akan adem ayem kalau presidenya Anis.,@manggala45,0,Netral,Media TEMPO akan adem ayem kalau presidenya Anis,media tempo akan adem ayem kalau presidenya anis,"['media', 'tempo', 'akan', 'adem', 'ayem', 'kalau', 'presidenya', 'anis']","['media', 'tempo', 'akan', 'adem', 'ayem', 'kalau', 'presidenya', 'anis']",media tempo akan adem ayem kalau presidenya anis
Singapur laa,@veesy8867,0,Netral,Singapur laa,singapur laa,"['singapur', 'laa']","['singapur', 'laa']",singapur laa
Mereka pengin beli saham2 Indonesia yg bagus dengan harga murah,@WahabHasbulloh-l2k,0,Positif,Mereka pengin beli saham Indonesia yg bagus dengan harga murah,mereka pengin beli saham indonesia yg bagus dengan harga murah,"['mereka', 'pengin', 'beli', 'saham', 'indonesia', 'yg', 'bagus', 'dengan', 'harga', 'murah']","['mereka', 'pengin', 'beli', 'saham', 'indonesia', 'yg', 'bagus', 'harga', 'murah']",mereka pengin beli saham indonesia yg bagus harga murah
org indo taunya msci gemetar keringat dingin mendengar kata embege.,@geledek-y6c,0,Netral,org indo taunya msci gemetar keringat dingin mendengar kata embege,org indo taunya msci gemetar keringat dingin mendengar kata embege,"['org', 'indo', 'taunya', 'msci', 'gemetar', 'keringat', 'dingin', 'mendengar', 'kata', 'embege']","['org', 'indo', 'taunya', 'msci', 'gemetar', 'keringat', 'dingin', 'mendengar', 'kata', 'embege']",org indo tau msci gemetar keringat dingin dengar kata embege
"Apalagi ga pake data bang ben pakai data aja mereka yg para pesakitan tetep aja cari2 alasan, makanya indonesia susah maju kalo banyak manusia DUNGU kaya gitu manusia pesimistis
#SALAMAKALSEHAT",@Geo_id-t3f,0,Netral,Apalagi ga pake data bang ben pakai data aja mereka yg para pesakitan tetep aja cari alasan makanya indonesia susah maju kalo banyak manusia DUNGU kaya gitu manusia pesimistis,apalagi ga pake data bang ben pakai data aja mereka yg para pesakitan tetep aja cari alasan makanya indonesia susah maju kalo banyak manusia dungu kaya gitu manusia pesimistis,"['apalagi', 'ga', 'pake', 'data', 'bang', 'ben', 'pakai', 'data', 'aja', 'mereka', 'yg', 'para', 'pesakitan', 'tetep', 'aja', 'cari', 'alasan', 'makanya', 'indonesia', 'susah', 'maju', 'kalo', 'banyak', 'manusia', 'dungu', 'kaya', 'gitu', 'manusia', 'pesimistis']","['apalagi', 'ga', 'pake', 'data', 'bang', 'ben', 'pakai', 'data', 'aja', 'mereka', 'yg', 'para', 'pesakitan', 'tetep', 'aja', 'cari', 'alasan', 'makanya', 'indonesia', 'susah', 'maju', 'kalo', 'banyak', 'manusia', 'dungu', 'kaya', 'gitu', 'manusia', 'pesimistis']",apalagi ga pake data bang ben pakai data aja mereka yg para sakit tetep aja cari alas makanya indonesia susah maju kalo banyak manusia dungu kaya gitu manusia pesimistis
antek2 asing mulai menyerang karena Indonesia mulai berani menuju kemandirian,@dedyprasetyo2020,5,Netral,antek asing mulai menyerang karena Indonesia mulai berani menuju kemandirian,antek asing mulai menyerang karena indonesia mulai berani menuju kemandirian,"['antek', 'asing', 'mulai', 'menyerang', 'karena', 'indonesia', 'mulai', 'berani', 'menuju', 'kemandirian']","['antek', 'asing', 'mulai', 'menyerang', 'indonesia', 'mulai', 'berani', 'menuju', 'kemandirian']",antek asing mulai serang indonesia mulai berani tuju mandiri
Pura  pura saja pro asing sedot  dana asing yg buat aduk aduk negara ini ambil dananya tapi jangan mau jalani kemauan asing,@BilalAkbars,0,Netral,Pura pura saja pro asing sedot dana asing yg buat aduk aduk negara ini ambil dananya tapi jangan mau jalani kemauan asing,pura pura saja pro asing sedot dana asing yg buat aduk aduk negara ini ambil dananya tapi jangan mau jalani kemauan asing,"['pura', 'pura', 'saja', 'pro', 'asing', 'sedot', 'dana', 'asing', 'yg', 'buat', 'aduk', 'aduk', 'negara', 'ini', 'ambil', 'dananya', 'tapi', 'jangan', 'mau', 'jalani', 'kemauan', 'asing']","['pura', 'pura', 'saja', 'pro', 'asing', 'sedot', 'dana', 'asing', 'yg', 'buat', 'aduk', 'aduk', 'negara', 'ambil', 'dananya', 'tapi', 'jangan', 'mau', 'jalani', 'kemauan', 'asing']",pura pura saja pro asing sedot dana asing yg buat aduk aduk negara ambil dana tapi jangan mau jalan mau asing
"Yg menyebarkan hoaks adalah media bayaran. Indonesia TDK akan terjadi apa2 bahkan semakin kuat, merdeka.........",@FhatToni,0,Netral,Yg menyebarkan hoaks adalah media bayaran Indonesia TDK akan terjadi apa bahkan semakin kuat merdeka,yg menyebarkan hoaks adalah media bayaran indonesia tdk akan terjadi apa bahkan semakin kuat merdeka,"['yg', 'menyebarkan', 'hoaks', 'adalah', 'media', 'bayaran', 'indonesia', 'tdk', 'akan', 'terjadi', 'apa', 'bahkan', 'semakin', 'kuat', 'merdeka']","['yg', 'menyebarkan', 'hoaks', 'media', 'bayaran', 'indonesia', 'tdk', 'akan', 'terjadi', 'apa', 'bahkan', 'semakin', 'kuat', 'merdeka']",yg sebar hoaks media bayar indonesia tdk akan jadi apa bahkan makin kuat merdeka
peliharaan siapa bang hehe asal jangan bikin kaget seperti kemaren ada wajah pak Jokowi aku kaget ketawa nya gak bisa hilang 😊 sekarang memang harus jeli baca berita,@romina6907,0,Netral,peliharaan siapa bang hehe asal jangan bikin kaget seperti kemaren ada wajah pak Jokowi aku kaget ketawa nya gak bisa hilang sekarang memang harus jeli baca berita,peliharaan siapa bang hehe asal jangan bikin kaget seperti kemaren ada wajah pak jokowi aku kaget ketawa nya gak bisa hilang sekarang memang harus jeli baca berita,"['peliharaan', 'siapa', 'bang', 'hehe', 'asal', 'jangan', 'bikin', 'kaget', 'seperti', 'kemaren', 'ada', 'wajah', 'pak', 'jokowi', 'aku', 'kaget', 'ketawa', 'nya', 'gak', 'bisa', 'hilang', 'sekarang', 'memang', 'harus', 'jeli', 'baca', 'berita']","['peliharaan', 'siapa', 'bang', 'hehe', 'asal', 'jangan', 'bikin', 'kaget', 'seperti', 'kemaren', 'ada', 'wajah', 'pak', 'jokowi', 'aku', 'kaget', 'ketawa', 'nya', 'gak', 'bisa', 'hilang', 'sekarang', 'memang', 'harus', 'jeli', 'baca', 'berita']",pelihara siapa bang hehe asal jangan bikin kaget seperti kemaren ada wajah pak jokowi aku kaget ketawa nya gak bisa hilang sekarang memang harus jeli baca berita
"kenapa yg pro di sini tidak se vocal mahasewa? kenapa orang2 yg percaya ma ekonomi Indonesia tidak bisa menyaingi kerasnya suara pengkhianat bangsa? rakyat fomo cenderung ikut kpd mereka yg paling keras suaranya. demokrasi kita udah kebablasan, fitnah di anggap kritik. tak ada perbedaan antara kritik, fitnah/tuduhan.",@JpCoen-n1i,0,Netral,kenapa yg pro di sini tidak se vocal mahasewa kenapa orang yg percaya ma ekonomi Indonesia tidak bisa menyaingi kerasnya suara pengkhianat bangsa rakyat fomo cenderung ikut kpd mereka yg paling keras suaranya demokrasi kita udah kebablasan fitnah di anggap kritik tak ada perbedaan antara kritik fitnahtuduhan,kenapa yg pro di sini tidak se vocal mahasewa kenapa orang yg percaya ma ekonomi indonesia tidak bisa menyaingi kerasnya suara pengkhianat bangsa rakyat fomo cenderung ikut kpd mereka yg paling keras suaranya demokrasi kita udah kebablasan fitnah di anggap kritik tak ada perbedaan antara kritik fitnahtuduhan,"['kenapa', 'yg', 'pro', 'di', 'sini', 'tidak', 'se', 'vocal', 'mahasewa', 'kenapa', 'orang', 'yg', 'percaya', 'ma', 'ekonomi', 'indonesia', 'tidak', 'bisa', 'menyaingi', 'kerasnya', 'suara', 'pengkhianat', 'bangsa', 'rakyat', 'fomo', 'cenderung', 'ikut', 'kpd', 'mereka', 'yg', 'paling', 'keras', 'suaranya', 'demokrasi', 'kita', 'udah', 'kebablasan', 'fitnah', 'di', 'anggap', 'kritik', 'tak', 'ada', 'perbedaan', 'antara', 'kritik', 'fitnahtuduhan']","['kenapa', 'yg', 'pro', 'sini', 'tidak', 'se', 'vocal', 'mahasewa', 'kenapa', 'orang', 'yg', 'percaya', 'ma', 'ekonomi', 'indonesia', 'tidak', 'bisa', 'menyaingi', 'kerasnya', 'suara', 'pengkhianat', 'bangsa', 'rakyat', 'fomo', 'cenderung', 'ikut', 'kpd', 'mereka', 'yg', 'paling', 'keras', 'suaranya', 'demokrasi', 'udah', 'kebablasan', 'fitnah', 'anggap', 'kritik', 'tak', 'ada', 'perbedaan', 'antara', 'kritik', 'fitnahtuduhan']",kenapa yg pro sini tidak se vocal mahasewa kenapa orang yg percaya ma ekonomi indonesia tidak bisa saing keras suara khianat bangsa rakyat fomo cenderung ikut kpd mereka yg paling keras suara demokrasi udah bablas fitnah anggap kritik tak ada beda antara kritik fitnahtuduhan
Perlu direpotmasi mediia KLW dia hoax di pidana supaya TDK jadi penyebar berita bohong,@Ramli8877-n9y,0,Negatif,Perlu direpotmasi mediia KLW dia hoax di pidana supaya TDK jadi penyebar berita bohong,perlu direpotmasi mediia klw dia hoax di pidana supaya tdk jadi penyebar berita bohong,"['perlu', 'direpotmasi', 'mediia', 'klw', 'dia', 'hoax', 'di', 'pidana', 'supaya', 'tdk', 'jadi', 'penyebar', 'berita', 'bohong']","['perlu', 'direpotmasi', 'mediia', 'klw', 'dia', 'hoax', 'pidana', 'supaya', 'tdk', 'jadi', 'penyebar', 'berita', 'bohong']",perlu direpotmasi mediia klw dia hoax pidana supaya tdk jadi sebar berita bohong
"Kerana ramai youtuber indonesia menghujat Singapura. Padahal singapura itu memberi hutang terbesar ke Indonesia. Tambahan singapura itu pusat finansial dunia di mana para investor seluruh dunia ramai berada di situ. Makanya demi ego, teruskan menghujat❤❤😂😂😂",@worldtraveller0725,0,Netral,Kerana ramai youtuber indonesia menghujat Singapura Padahal singapura itu memberi hutang terbesar ke Indonesia Tambahan singapura itu pusat finansial dunia di mana para investor seluruh dunia ramai berada di situ Makanya demi ego teruskan menghujat,kerana ramai youtuber indonesia menghujat singapura padahal singapura itu memberi hutang terbesar ke indonesia tambahan singapura itu pusat finansial dunia di mana para investor seluruh dunia ramai berada di situ makanya demi ego teruskan menghujat,"['kerana', 'ramai', 'youtuber', 'indonesia', 'menghujat', 'singapura', 'padahal', 'singapura', 'itu', 'memberi', 'hutang', 'terbesar', 'ke', 'indonesia', 'tambahan', 'singapura', 'itu', 'pusat', 'finansial', 'dunia', 'di', 'mana', 'para', 'investor', 'seluruh', 'dunia', 'ramai', 'berada', 'di', 'situ', 'makanya', 'demi', 'ego', 'teruskan', 'menghujat']","['kerana', 'ramai', 'youtuber', 'indonesia', 'menghujat', 'singapura', 'padahal', 'singapura', 'memberi', 'hutang', 'terbesar', 'indonesia', 'tambahan', 'singapura', 'pusat', 'finansial', 'dunia', 'mana', 'para', 'investor', 'seluruh', 'dunia', 'ramai', 'berada', 'situ', 'makanya', 'demi', 'ego', 'teruskan', 'menghujat']",rana ramai youtuber indonesia hujat singapura padahal singapura beri hutang besar indonesia tambah singapura pusat finansial dunia mana para investor seluruh dunia ramai ada situ makanya demi ego terus hujat
"Bukannya memang pemerintah gak ada transparasinya dari semua baik daerah atau pusat, data data aja banyak yang gak ada,buktinya laporan keuangan DANANTARA aja gak ada sampai sekarang 😢😢😢😢😢😢",@zyanway3311D,0,Positif,Bukannya memang pemerintah gak ada transparasinya dari semua baik daerah atau pusat data data aja banyak yang gak adabuktinya laporan keuangan DANANTARA aja gak ada sampai sekarang,bukannya memang pemerintah gak ada transparasinya dari semua baik daerah atau pusat data data aja banyak yang gak adabuktinya laporan keuangan danantara aja gak ada sampai sekarang,"['bukannya', 'memang', 'pemerintah', 'gak', 'ada', 'transparasinya', 'dari', 'semua', 'baik', 'daerah', 'atau', 'pusat', 'data', 'data', 'aja', 'banyak', 'yang', 'gak', 'adabuktinya', 'laporan', 'keuangan', 'danantara', 'aja', 'gak', 'ada', 'sampai', 'sekarang']","['bukannya', 'memang', 'pemerintah', 'gak', 'ada', 'transparasinya', 'semua', 'baik', 'daerah', 'pusat', 'data', 'data', 'aja', 'banyak', 'gak', 'adabuktinya', 'laporan', 'keuangan', 'danantara', 'aja', 'gak', 'ada', 'sampai', 'sekarang']",bukan memang perintah gak ada transparasinya semua baik daerah pusat data data aja banyak gak adabuktinya lapor uang danantara aja gak ada sampai sekarang
"Iya pak ben , akhir2 ini indonesia makin kedistraksi parah.. 
Bahas BoJ dong pak ben.. takaici kalah nih sama kazuo.. tapi yen malah melemah..",@aldoirawan3329,0,Netral,Iya pak ben akhir ini indonesia makin kedistraksi parah Bahas BoJ dong pak ben takaici kalah nih sama kazuo tapi yen malah melemah,iya pak ben akhir ini indonesia makin kedistraksi parah bahas boj dong pak ben takaici kalah nih sama kazuo tapi yen malah melemah,"['iya', 'pak', 'ben', 'akhir', 'ini', 'indonesia', 'makin', 'kedistraksi', 'parah', 'bahas', 'boj', 'dong', 'pak', 'ben', 'takaici', 'kalah', 'nih', 'sama', 'kazuo', 'tapi', 'yen', 'malah', 'melemah']","['iya', 'pak', 'ben', 'akhir', 'indonesia', 'makin', 'kedistraksi', 'parah', 'bahas', 'boj', 'dong', 'pak', 'ben', 'takaici', 'kalah', 'nih', 'sama', 'kazuo', 'tapi', 'yen', 'malah', 'melemah']",iya pak ben akhir indonesia makin kedistraksi parah bahas boj dong pak ben takaici kalah nih sama kazuo tapi yen malah lemah
"Kalo menurut ku kita harus s'lalu positif dalam berpikir karna Allah tau mana yang terbaik untuk Negara 🇮🇩 tercinta ini kawan jadi gak usah kemakan berita Hoax dari media"" seperti tempo & kawan "" nya",@andiearvins4982,0,Positif,Kalo menurut ku kita harus slalu positif dalam berpikir karna Allah tau mana yang terbaik untuk Negara tercinta ini kawan jadi gak usah kemakan berita Hoax dari media seperti tempo kawan nya,kalo menurut ku kita harus slalu positif dalam berpikir karna allah tau mana yang terbaik untuk negara tercinta ini kawan jadi gak usah kemakan berita hoax dari media seperti tempo kawan nya,"['kalo', 'menurut', 'ku', 'kita', 'harus', 'slalu', 'positif', 'dalam', 'berpikir', 'karna', 'allah', 'tau', 'mana', 'yang', 'terbaik', 'untuk', 'negara', 'tercinta', 'ini', 'kawan', 'jadi', 'gak', 'usah', 'kemakan', 'berita', 'hoax', 'dari', 'media', 'seperti', 'tempo', 'kawan', 'nya']","['kalo', 'menurut', 'ku', 'harus', 'slalu', 'positif', 'dalam', 'berpikir', 'karna', 'allah', 'tau', 'mana', 'terbaik', 'negara', 'tercinta', 'kawan', 'jadi', 'gak', 'usah', 'kemakan', 'berita', 'hoax', 'media', 'seperti', 'tempo', 'kawan', 'nya']",kalo turut ku harus slalu positif dalam pikir karna allah tau mana baik negara cinta kawan jadi gak usah makan berita hoax media seperti tempo kawan nya
Arahnya kesitu ya 😏,@aiim0319,0,Netral,Arahnya kesitu ya,arahnya kesitu ya,"['arahnya', 'kesitu', 'ya']","['arahnya', 'kesitu', 'ya']",arah kesitu ya
"Berarti udah benar cara, kebijakan, program & sistem yang Indonesia jalankan ☑ 💯

Makanya mereka panik, ketar ketir, mencret mencret, bengek bentar lagi stroke.",@aiim0319,0,Netral,Berarti udah benar cara kebijakan program sistem yang Indonesia jalankan Makanya mereka panik ketar ketir mencret mencret bengek bentar lagi stroke,berarti udah benar cara kebijakan program sistem yang indonesia jalankan makanya mereka panik ketar ketir mencret mencret bengek bentar lagi stroke,"['berarti', 'udah', 'benar', 'cara', 'kebijakan', 'program', 'sistem', 'yang', 'indonesia', 'jalankan', 'makanya', 'mereka', 'panik', 'ketar', 'ketir', 'mencret', 'mencret', 'bengek', 'bentar', 'lagi', 'stroke']","['berarti', 'udah', 'benar', 'cara', 'kebijakan', 'program', 'sistem', 'indonesia', 'jalankan', 'makanya', 'mereka', 'panik', 'ketar', 'ketir', 'mencret', 'mencret', 'bengek', 'bentar', 'lagi', 'stroke']",arti udah benar cara bijak program sistem indonesia jalan makanya mereka panik ketar tir mencret mencret bengek bentar lagi stroke
Boleh juga tuh idenya.,@aiim0319,0,Netral,Boleh juga tuh idenya,boleh juga tuh idenya,"['boleh', 'juga', 'tuh', 'idenya']","['boleh', 'tuh', 'idenya']",boleh tuh ide
Oke mantap setuju 👍,@aiim0319,0,Positif,Oke mantap setuju,oke mantap setuju,"['oke', 'mantap', 'setuju']","['oke', 'mantap', 'setuju']",oke mantap tuju
Bang B3NIX THAHAJA INDONESIA.!,@renvilsekawan,0,Netral,Bang BNIX THAHAJA INDONESIA,bang bnix thahaja indonesia,"['bang', 'bnix', 'thahaja', 'indonesia']","['bang', 'bnix', 'thahaja', 'indonesia']",bang bnix thahaja indonesia
Banyak orang yg gak mencintai negaranya sendiri gimana mau maju,@Redmi-n1t2t,0,Netral,Banyak orang yg gak mencintai negaranya sendiri gimana mau maju,banyak orang yg gak mencintai negaranya sendiri gimana mau maju,"['banyak', 'orang', 'yg', 'gak', 'mencintai', 'negaranya', 'sendiri', 'gimana', 'mau', 'maju']","['banyak', 'orang', 'yg', 'gak', 'mencintai', 'negaranya', 'sendiri', 'gimana', 'mau', 'maju']",banyak orang yg gak cinta negara sendiri gimana mau maju
Kolaborasi antara tangan2 asing dan para penghianat bangsa om ben.. tangan2 para iblis itu sdh sngt dalam menginfiltrasi diberbagai institusi di neegeri ini dan semoga pak prabowo mampu menghadapi semua itu..,@kucinggarong-sg3ex,0,Netral,Kolaborasi antara tangan asing dan para penghianat bangsa om ben tangan para iblis itu sdh sngt dalam menginfiltrasi diberbagai institusi di neegeri ini dan semoga pak prabowo mampu menghadapi semua itu,kolaborasi antara tangan asing dan para penghianat bangsa om ben tangan para iblis itu sdh sngt dalam menginfiltrasi diberbagai institusi di neegeri ini dan semoga pak prabowo mampu menghadapi semua itu,"['kolaborasi', 'antara', 'tangan', 'asing', 'dan', 'para', 'penghianat', 'bangsa', 'om', 'ben', 'tangan', 'para', 'iblis', 'itu', 'sdh', 'sngt', 'dalam', 'menginfiltrasi', 'diberbagai', 'institusi', 'di', 'neegeri', 'ini', 'dan', 'semoga', 'pak', 'prabowo', 'mampu', 'menghadapi', 'semua', 'itu']","['kolaborasi', 'antara', 'tangan', 'asing', 'para', 'penghianat', 'bangsa', 'om', 'ben', 'tangan', 'para', 'iblis', 'sdh', 'sngt', 'dalam', 'menginfiltrasi', 'diberbagai', 'institusi', 'neegeri', 'semoga', 'pak', 'prabowo', 'mampu', 'menghadapi', 'semua']",kolaborasi antara tangan asing para penghianat bangsa om ben tangan para iblis sdh sngt dalam infiltrasi bagai institusi neegeri moga pak prabowo mampu hadap semua
Kenapa benix benci sama antek2  jose soros Singapur dll. Dari dulu Singapur kan besar dari mengisap  darah Indonesia. Pura2 gak tahu ya.,@YudiIrawanto-k4l2i,2,Netral,Kenapa benix benci sama antek jose soros Singapur dll Dari dulu Singapur kan besar dari mengisap darah Indonesia Pura gak tahu ya,kenapa benix benci sama antek jose soros singapur dll dari dulu singapur kan besar dari mengisap darah indonesia pura gak tahu ya,"['kenapa', 'benix', 'benci', 'sama', 'antek', 'jose', 'soros', 'singapur', 'dll', 'dari', 'dulu', 'singapur', 'kan', 'besar', 'dari', 'mengisap', 'darah', 'indonesia', 'pura', 'gak', 'tahu', 'ya']","['kenapa', 'benix', 'benci', 'sama', 'antek', 'jose', 'soros', 'singapur', 'dll', 'dulu', 'singapur', 'kan', 'besar', 'mengisap', 'darah', 'indonesia', 'pura', 'gak', 'tahu', 'ya']",kenapa benix benci sama antek jose soros singapur dll dulu singapur kan besar isap darah indonesia pura gak tahu ya
"Singapur ini butuh Indonesia, tapi selalu menjahati negara Infonesia",@Mama_vio,20,Netral,Singapur ini butuh Indonesia tapi selalu menjahati negara Infonesia,singapur ini butuh indonesia tapi selalu menjahati negara infonesia,"['singapur', 'ini', 'butuh', 'indonesia', 'tapi', 'selalu', 'menjahati', 'negara', 'infonesia']","['singapur', 'butuh', 'indonesia', 'tapi', 'selalu', 'menjahati', 'negara', 'infonesia']",singapur butuh indonesia tapi selalu jahat negara infonesia
"Prabowo yang berbuat, George Soros yang dihujat
Sebagai negara independen serangan kebijakan asing pasti akan selalu mempengaruhi kondisi Indonesia karena itu stop  terus menyalahkan serangan asing dan fokus pada solusi untuk keluar dari kondisi ini. Sudah tau diserang kita harus pintar mencari solusi, dan buat kebijakan yang mampu menaikkan ekonomi.
Setiap kebijakan pemerintah bukannya memperbaiki malah terus memperburuk ekonomi. Stop MBG dan KDMP buang2 duit hanya jadi ladang duit pejabat dan petinggi militer. Coba duitnya digunakan utk pengembangan produksi dalam negeri jadi bisa mengurangi impor bukankah itu lebih baik, misalnya pengembangan kedelai, sapi, bawang putih, kilang minyak, produk kimia, metal dan lain-lain. Perbaiki sistem perbankan dalam negeri habis itu paksa tarik duit pengusaha Indonesia di Singapura balik ke Indonesia. Bukan sibuk ngurusin MBG, apalagi sampe ngimpor motor listrik sama kaos kaki.. negara receh amat",@agungkurniawan122,1,Netral,Prabowo yang berbuat George Soros yang dihujat Sebagai negara independen serangan kebijakan asing pasti akan selalu mempengaruhi kondisi Indonesia karena itu stop terus menyalahkan serangan asing dan fokus pada solusi untuk keluar dari kondisi ini Sudah tau diserang kita harus pintar mencari solusi dan buat kebijakan yang mampu menaikkan ekonomi Setiap kebijakan pemerintah bukannya memperbaiki malah terus memperburuk ekonomi Stop MBG dan KDMP buang duit hanya jadi ladang duit pejabat dan petinggi militer Coba duitnya digunakan utk pengembangan produksi dalam negeri jadi bisa mengurangi impor bukankah itu lebih baik misalnya pengembangan kedelai sapi bawang putih kilang minyak produk kimia metal dan lainlain Perbaiki sistem perbankan dalam negeri habis itu paksa tarik duit pengusaha Indonesia di Singapura balik ke Indonesia Bukan sibuk ngurusin MBG apalagi sampe ngimpor motor listrik sama kaos kaki negara receh amat,prabowo yang berbuat george soros yang dihujat sebagai negara independen serangan kebijakan asing pasti akan selalu mempengaruhi kondisi indonesia karena itu stop terus menyalahkan serangan asing dan fokus pada solusi untuk keluar dari kondisi ini sudah tau diserang kita harus pintar mencari solusi dan buat kebijakan yang mampu menaikkan ekonomi setiap kebijakan pemerintah bukannya memperbaiki malah terus memperburuk ekonomi stop mbg dan kdmp buang duit hanya jadi ladang duit pejabat dan petinggi militer coba duitnya digunakan utk pengembangan produksi dalam negeri jadi bisa mengurangi impor bukankah itu lebih baik misalnya pengembangan kedelai sapi bawang putih kilang minyak produk kimia metal dan lainlain perbaiki sistem perbankan dalam negeri habis itu paksa tarik duit pengusaha indonesia di singapura balik ke indonesia bukan sibuk ngurusin mbg apalagi sampe ngimpor motor listrik sama kaos kaki negara receh amat,"['prabowo', 'yang', 'berbuat', 'george', 'soros', 'yang', 'dihujat', 'sebagai', 'negara', 'independen', 'serangan', 'kebijakan', 'asing', 'pasti', 'akan', 'selalu', 'mempengaruhi', 'kondisi', 'indonesia', 'karena', 'itu', 'stop', 'terus', 'menyalahkan', 'serangan', 'asing', 'dan', 'fokus', 'pada', 'solusi', 'untuk', 'keluar', 'dari', 'kondisi', 'ini', 'sudah', 'tau', 'diserang', 'kita', 'harus', 'pintar', 'mencari', 'solusi', 'dan', 'buat', 'kebijakan', 'yang', 'mampu', 'menaikkan', 'ekonomi', 'setiap', 'kebijakan', 'pemerintah', 'bukannya', 'memperbaiki', 'malah', 'terus', 'memperburuk', 'ekonomi', 'stop', 'mbg', 'dan', 'kdmp', 'buang', 'duit', 'hanya', 'jadi', 'ladang', 'duit', 'pejabat', 'dan', 'petinggi', 'militer', 'coba', 'duitnya', 'digunakan', 'utk', 'pengembangan', 'produksi', 'dalam', 'negeri', 'jadi', 'bisa', 'mengurangi', 'impor', 'bukankah', 'itu', 'lebih', 'baik', 'misalnya', 'pengembangan', 'kedelai', 'sapi', 'bawang', 'putih', 'kilang', 'minyak', 'produk', 'kimia', 'metal', 'dan', 'lainlain', 'perbaiki', 'sistem', 'perbankan', 'dalam', 'negeri', 'habis', 'itu', 'paksa', 'tarik', 'duit', 'pengusaha', 'indonesia', 'di', 'singapura', 'balik', 'ke', 'indonesia', 'bukan', 'sibuk', 'ngurusin', 'mbg', 'apalagi', 'sampe', 'ngimpor', 'motor', 'listrik', 'sama', 'kaos', 'kaki', 'negara', 'receh', 'amat']","['prabowo', 'berbuat', 'george', 'soros', 'dihujat', 'sebagai', 'negara', 'independen', 'serangan', 'kebijakan', 'asing', 'pasti', 'akan', 'selalu', 'mempengaruhi', 'kondisi', 'indonesia', 'stop', 'terus', 'menyalahkan', 'serangan', 'asing', 'fokus', 'solusi', 'keluar', 'kondisi', 'sudah', 'tau', 'diserang', 'harus', 'pintar', 'mencari', 'solusi', 'buat', 'kebijakan', 'mampu', 'menaikkan', 'ekonomi', 'setiap', 'kebijakan', 'pemerintah', 'bukannya', 'memperbaiki', 'malah', 'terus', 'memperburuk', 'ekonomi', 'stop', 'mbg', 'kdmp', 'buang', 'duit', 'hanya', 'jadi', 'ladang', 'duit', 'pejabat', 'petinggi', 'militer', 'coba', 'duitnya', 'digunakan', 'utk', 'pengembangan', 'produksi', 'dalam', 'negeri', 'jadi', 'bisa', 'mengurangi', 'impor', 'bukankah', 'lebih', 'baik', 'misalnya', 'pengembangan', 'kedelai', 'sapi', 'bawang', 'putih', 'kilang', 'minyak', 'produk', 'kimia', 'metal', 'lainlain', 'perbaiki', 'sistem', 'perbankan', 'dalam', 'negeri', 'habis', 'paksa', 'tarik', 'duit', 'pengusaha', 'indonesia', 'singapura', 'balik', 'indonesia', 'bukan', 'sibuk', 'ngurusin', 'mbg', 'apalagi', 'sampe', 'ngimpor', 'motor', 'listrik', 'sama', 'kaos', 'kaki', 'negara', 'receh', 'amat']",prabowo buat george soros hujat bagai negara independen serang bijak asing pasti akan selalu pengaruh kondisi indonesia stop terus salah serang asing fokus solusi keluar kondisi sudah tau serang harus pintar cari solusi buat bijak mampu naik ekonomi tiap bijak perintah bukan baik malah terus buruk ekonomi stop mbg kdmp buang duit hanya jadi ladang duit jabat petinggi militer coba duit guna utk kembang produksi dalam negeri jadi bisa kurang impor bukankah lebih baik misal kembang kedelai sapi bawang putih kilang minyak produk kimia metal lainlain baik sistem perban dalam negeri habis paksa tarik duit usaha indonesia singapura balik indonesia bukan sibuk ngurusin mbg apalagi sampe ngimpor motor listrik sama kaos kaki negara receh amat
"Penyepong asing singapura doyan banget ngatain indo bang ben, kampret bener itu org² yg hobinya nyepongin duit asing",@mahato02,0,Netral,Penyepong asing singapura doyan banget ngatain indo bang ben kampret bener itu org yg hobinya nyepongin duit asing,penyepong asing singapura doyan banget ngatain indo bang ben kampret bener itu org yg hobinya nyepongin duit asing,"['penyepong', 'asing', 'singapura', 'doyan', 'banget', 'ngatain', 'indo', 'bang', 'ben', 'kampret', 'bener', 'itu', 'org', 'yg', 'hobinya', 'nyepongin', 'duit', 'asing']","['penyepong', 'asing', 'singapura', 'doyan', 'banget', 'ngatain', 'indo', 'bang', 'ben', 'kampret', 'bener', 'org', 'yg', 'hobinya', 'nyepongin', 'duit', 'asing']",penyepong asing singapura doyan banget ngatain indo bang ben kampret bener org yg hobi nyepongin duit asing
"Tanks bang

Besok bisa serok, smoga aja besok merah 🤣",@tv_q8933,0,Netral,Tanks bang Besok bisa serok smoga aja besok merah,tanks bang besok bisa serok smoga aja besok merah,"['tanks', 'bang', 'besok', 'bisa', 'serok', 'smoga', 'aja', 'besok', 'merah']","['tanks', 'bang', 'besok', 'bisa', 'serok', 'smoga', 'aja', 'besok', 'merah']",tanks bang besok bisa serok smoga aja besok merah
"Kita scam aja bikin berita MSCI tidak kredibel ,abal2, tukang hoax dan sebagainya...katanya netizen indo jago...om bennix komandoin aja,kalo perlu kita bikin hoax balasan...kita hancurkan MSCI...yoklah dah geram aku😂 #mscihoaxnewsmaker",@bolabola_46,0,Netral,Kita scam aja bikin berita MSCI tidak kredibel abal tukang hoax dan sebagainyakatanya netizen indo jagoom bennix komandoin ajakalo perlu kita bikin hoax balasankita hancurkan MSCIyoklah dah geram aku,kita scam aja bikin berita msci tidak kredibel abal tukang hoax dan sebagainyakatanya netizen indo jagoom bennix komandoin ajakalo perlu kita bikin hoax balasankita hancurkan msciyoklah dah geram aku,"['kita', 'scam', 'aja', 'bikin', 'berita', 'msci', 'tidak', 'kredibel', 'abal', 'tukang', 'hoax', 'dan', 'sebagainyakatanya', 'netizen', 'indo', 'jagoom', 'bennix', 'komandoin', 'ajakalo', 'perlu', 'kita', 'bikin', 'hoax', 'balasankita', 'hancurkan', 'msciyoklah', 'dah', 'geram', 'aku']","['scam', 'aja', 'bikin', 'berita', 'msci', 'tidak', 'kredibel', 'abal', 'tukang', 'hoax', 'sebagainyakatanya', 'netizen', 'indo', 'jagoom', 'bennix', 'komandoin', 'ajakalo', 'perlu', 'bikin', 'hoax', 'balasankita', 'hancurkan', 'msciyoklah', 'dah', 'geram', 'aku']",scam aja bikin berita msci tidak kredibel abal tukang hoax sebagainyakatanya netizen indo jagoom bennix komandoin ajakalo perlu bikin hoax balasankita hancur msciyoklah dah geram aku
tempe bacem pendukung lgbt emng suka bikin gaduh,@mephisto9260,0,Netral,tempe bacem pendukung lgbt emng suka bikin gaduh,tempe bacem pendukung lgbt emng suka bikin gaduh,"['tempe', 'bacem', 'pendukung', 'lgbt', 'emng', 'suka', 'bikin', 'gaduh']","['tempe', 'bacem', 'pendukung', 'lgbt', 'emng', 'suka', 'bikin', 'gaduh']",tempe bacem dukung lgbt emng suka bikin gaduh
"mirip sm Tempo kacung nya Megawatot sukontol pukera, jongos nya si anu, karena si ganjar kalah😂",@ShilviaNurfaizah,0,Netral,mirip sm Tempo kacung nya Megawatot sukontol pukera jongos nya si anu karena si ganjar kalah,mirip sm tempo kacung nya megawatot sukontol pukera jongos nya si anu karena si ganjar kalah,"['mirip', 'sm', 'tempo', 'kacung', 'nya', 'megawatot', 'sukontol', 'pukera', 'jongos', 'nya', 'si', 'anu', 'karena', 'si', 'ganjar', 'kalah']","['mirip', 'sm', 'tempo', 'kacung', 'nya', 'megawatot', 'sukontol', 'pukera', 'jongos', 'nya', 'si', 'anu', 'si', 'ganjar', 'kalah']",mirip sm tempo kacung nya megawatot sukontol pukera jongos nya si anu si ganjar kalah
"Gak mungkin downgrade ke FM , Indonesia nilai kapitalisasi nya sangat besar dengan hasil alam yg juga melimpah , Soros dan anjing2 anteknya itu yg harus di delete",@edoy5381,0,Netral,Gak mungkin downgrade ke FM Indonesia nilai kapitalisasi nya sangat besar dengan hasil alam yg juga melimpah Soros dan anjing anteknya itu yg harus di delete,gak mungkin downgrade ke fm indonesia nilai kapitalisasi nya sangat besar dengan hasil alam yg juga melimpah soros dan anjing anteknya itu yg harus di delete,"['gak', 'mungkin', 'downgrade', 'ke', 'fm', 'indonesia', 'nilai', 'kapitalisasi', 'nya', 'sangat', 'besar', 'dengan', 'hasil', 'alam', 'yg', 'juga', 'melimpah', 'soros', 'dan', 'anjing', 'anteknya', 'itu', 'yg', 'harus', 'di', 'delete']","['gak', 'mungkin', 'downgrade', 'fm', 'indonesia', 'nilai', 'kapitalisasi', 'nya', 'sangat', 'besar', 'hasil', 'alam', 'yg', 'melimpah', 'soros', 'anjing', 'anteknya', 'yg', 'harus', 'delete']",gak mungkin downgrade fm indonesia nilai kapital nya sangat besar hasil alam yg limpah soros anjing antek yg harus delete
"MSCI membuat laporan evaluasi bisa jadi pake AI tidak berdasrkan fakta, buktinya singapura yang menampung uang koruptor dan Under voicing para mafia tidak di nilai negatif.",@noldidehi54,0,Netral,MSCI membuat laporan evaluasi bisa jadi pake AI tidak berdasrkan fakta buktinya singapura yang menampung uang koruptor dan Under voicing para mafia tidak di nilai negatif,msci membuat laporan evaluasi bisa jadi pake ai tidak berdasrkan fakta buktinya singapura yang menampung uang koruptor dan under voicing para mafia tidak di nilai negatif,"['msci', 'membuat', 'laporan', 'evaluasi', 'bisa', 'jadi', 'pake', 'ai', 'tidak', 'berdasrkan', 'fakta', 'buktinya', 'singapura', 'yang', 'menampung', 'uang', 'koruptor', 'dan', 'under', 'voicing', 'para', 'mafia', 'tidak', 'di', 'nilai', 'negatif']","['msci', 'membuat', 'laporan', 'evaluasi', 'bisa', 'jadi', 'pake', 'ai', 'tidak', 'berdasrkan', 'fakta', 'buktinya', 'singapura', 'menampung', 'uang', 'koruptor', 'under', 'voicing', 'para', 'mafia', 'tidak', 'nilai', 'negatif']",msci buat lapor evaluasi bisa jadi pake ai tidak berdasrkan fakta bukti singapura tampung uang koruptor under voicing para mafia tidak nilai negatif
Ente ngaco propokator,@haznify,0,Netral,Ente ngaco propokator,ente ngaco propokator,"['ente', 'ngaco', 'propokator']","['ente', 'ngaco', 'propokator']",ente ngaco propokator
TEMPE BACEM TERMASUK MEDIA MEDIA PELIHARAN SORROS GAK BANG ?? KASIH FAKTA NYA DONG BANG BENNIX . . . TP EMANG SI TEMPE BACEM SELALU MENEBARKAN PESIMIS . . .😢😢😢 MOHON BUAT VIDEO PENCERAHAN UNTUK WARGA ZIMBABE BANG BENNIX TENTANG SORROS LG . . .,@DenaJuwita-q3i,0,Netral,TEMPE BACEM TERMASUK MEDIA MEDIA PELIHARAN SORROS GAK BANG KASIH FAKTA NYA DONG BANG BENNIX TP EMANG SI TEMPE BACEM SELALU MENEBARKAN PESIMIS MOHON BUAT VIDEO PENCERAHAN UNTUK WARGA ZIMBABE BANG BENNIX TENTANG SORROS LG,tempe bacem termasuk media media peliharan sorros gak bang kasih fakta nya dong bang bennix tp emang si tempe bacem selalu menebarkan pesimis mohon buat video pencerahan untuk warga zimbabe bang bennix tentang sorros lg,"['tempe', 'bacem', 'termasuk', 'media', 'media', 'peliharan', 'sorros', 'gak', 'bang', 'kasih', 'fakta', 'nya', 'dong', 'bang', 'bennix', 'tp', 'emang', 'si', 'tempe', 'bacem', 'selalu', 'menebarkan', 'pesimis', 'mohon', 'buat', 'video', 'pencerahan', 'untuk', 'warga', 'zimbabe', 'bang', 'bennix', 'tentang', 'sorros', 'lg']","['tempe', 'bacem', 'termasuk', 'media', 'media', 'peliharan', 'sorros', 'gak', 'bang', 'kasih', 'fakta', 'nya', 'dong', 'bang', 'bennix', 'tp', 'emang', 'si', 'tempe', 'bacem', 'selalu', 'menebarkan', 'pesimis', 'mohon', 'buat', 'video', 'pencerahan', 'warga', 'zimbabe', 'bang', 'bennix', 'tentang', 'sorros', 'lg']",tempe bacem masuk media media peliharan sorros gak bang kasih fakta nya dong bang bennix tp emang si tempe bacem selalu tebar pesimis mohon buat video cerah warga zimbabe bang bennix tentang sorros lg
benak tak terima kenyataan,@aldyomar1762,0,Netral,benak tak terima kenyataan,benak tak terima kenyataan,"['benak', 'tak', 'terima', 'kenyataan']","['benak', 'tak', 'terima', 'kenyataan']",benak tak terima nyata
Yang ganti indonesia Banglades 🇧🇩 atau Malaydes🇲🇾 😅,@poetraperdoel-fk1ip,0,Netral,Yang ganti indonesia Banglades atau Malaydes,yang ganti indonesia banglades atau malaydes,"['yang', 'ganti', 'indonesia', 'banglades', 'atau', 'malaydes']","['ganti', 'indonesia', 'banglades', 'malaydes']",ganti indonesia banglades malaydes
Asing dan antek2 nya gera kalo indonesia mulay menuju ke arah yg baik 💪🏻🇲🇨💪🏻,@uTun.miZoOo-h3s,0,Positif,Asing dan antek nya gera kalo indonesia mulay menuju ke arah yg baik,asing dan antek nya gera kalo indonesia mulay menuju ke arah yg baik,"['asing', 'dan', 'antek', 'nya', 'gera', 'kalo', 'indonesia', 'mulay', 'menuju', 'ke', 'arah', 'yg', 'baik']","['asing', 'antek', 'nya', 'gera', 'kalo', 'indonesia', 'mulay', 'menuju', 'arah', 'yg', 'baik']",asing antek nya gera kalo indonesia mulay tuju arah yg baik
mantap ....bos BENNIX👍🏻👍🏻👍🏻.... lampung - Selatan MENYIMAK....SALAM NKRI❤❤❤.,@SuryantiSutrisno,5,Positif,mantap bos BENNIX lampung Selatan MENYIMAKSALAM NKRI,mantap bos bennix lampung selatan menyimaksalam nkri,"['mantap', 'bos', 'bennix', 'lampung', 'selatan', 'menyimaksalam', 'nkri']","['mantap', 'bos', 'bennix', 'lampung', 'selatan', 'menyimaksalam', 'nkri']",mantap bos bennix lampung selatan menyimaksalam nkri
#SellSingaPoor,@punakawan1212,0,Netral,,,[],[],
"singapura itu bukan apa2 tanpa RI, negara kecil PARASIT",@redz3y,0,Netral,singapura itu bukan apa tanpa RI negara kecil PARASIT,singapura itu bukan apa tanpa ri negara kecil parasit,"['singapura', 'itu', 'bukan', 'apa', 'tanpa', 'ri', 'negara', 'kecil', 'parasit']","['singapura', 'bukan', 'apa', 'tanpa', 'ri', 'negara', 'kecil', 'parasit']",singapura bukan apa tanpa ri negara kecil parasit
"Emg babi aja sih kelakuannya, suka yg busuk busuk",@funfact1789,0,Netral,Emg babi aja sih kelakuannya suka yg busuk busuk,emg babi aja sih kelakuannya suka yg busuk busuk,"['emg', 'babi', 'aja', 'sih', 'kelakuannya', 'suka', 'yg', 'busuk', 'busuk']","['emg', 'babi', 'aja', 'sih', 'kelakuannya', 'suka', 'yg', 'busuk', 'busuk']",emg babi aja sih laku suka yg busuk busuk
Karma berlaku,@muslihanhadi940,0,Netral,Karma berlaku,karma berlaku,"['karma', 'berlaku']","['karma', 'berlaku']",karma laku
"Kita akan habisi mereka kalau refinery minyak bumi kita sudah jadi dan berproduksi. 
Selain itu pabrik semikonduktor juga sedang di bangun.",@sriyanto7388,0,Netral,Kita akan habisi mereka kalau refinery minyak bumi kita sudah jadi dan berproduksi Selain itu pabrik semikonduktor juga sedang di bangun,kita akan habisi mereka kalau refinery minyak bumi kita sudah jadi dan berproduksi selain itu pabrik semikonduktor juga sedang di bangun,"['kita', 'akan', 'habisi', 'mereka', 'kalau', 'refinery', 'minyak', 'bumi', 'kita', 'sudah', 'jadi', 'dan', 'berproduksi', 'selain', 'itu', 'pabrik', 'semikonduktor', 'juga', 'sedang', 'di', 'bangun']","['akan', 'habisi', 'mereka', 'kalau', 'refinery', 'minyak', 'bumi', 'sudah', 'jadi', 'berproduksi', 'selain', 'pabrik', 'semikonduktor', 'sedang', 'bangun']",akan habis mereka kalau refinery minyak bumi sudah jadi produksi selain pabrik semikonduktor sedang bangun
X anda hadiiirr,@indracrb359,1,Netral,X anda hadiiirr,x anda hadiiirr,"['x', 'anda', 'hadiiirr']","['x', 'anda', 'hadiiirr']",x anda hadiiirr
Hm,@petisjrofficial4536,0,Netral,Hm,hm,['hm'],['hm'],hm
"Gaspol pak Prabowo dan pak Purbaya, pak Amran ganyang asing dan antek²nya, bravo duet double ""P"" dan ""A""!💪",@punakawan1212,2,Netral,Gaspol pak Prabowo dan pak Purbaya pak Amran ganyang asing dan anteknya bravo duet double P dan A,gaspol pak prabowo dan pak purbaya pak amran ganyang asing dan anteknya bravo duet double p dan a,"['gaspol', 'pak', 'prabowo', 'dan', 'pak', 'purbaya', 'pak', 'amran', 'ganyang', 'asing', 'dan', 'anteknya', 'bravo', 'duet', 'double', 'p', 'dan', 'a']","['gaspol', 'pak', 'prabowo', 'pak', 'purbaya', 'pak', 'amran', 'ganyang', 'asing', 'anteknya', 'bravo', 'duet', 'double', 'p', 'a']",gaspol pak prabowo pak purbaya pak amran ganyang asing antek bravo duet double p a
Semoga Indonesia bisa menghadapi pengkhianat2 bangsa,@daswaryangpunya3958,10,Netral,Semoga Indonesia bisa menghadapi pengkhianat bangsa,semoga indonesia bisa menghadapi pengkhianat bangsa,"['semoga', 'indonesia', 'bisa', 'menghadapi', 'pengkhianat', 'bangsa']","['semoga', 'indonesia', 'bisa', 'menghadapi', 'pengkhianat', 'bangsa']",moga indonesia bisa hadap khianat bangsa
NKRI harga mati,@pujiantoro9988,1,Netral,NKRI harga mati,nkri harga mati,"['nkri', 'harga', 'mati']","['nkri', 'harga', 'mati']",nkri harga mati
😂,@pujiantoro9988,0,Netral,,,[],[],
Benix ini nampaknya silet bermata dua.,@rogaone4253,0,Netral,Benix ini nampaknya silet bermata dua,benix ini nampaknya silet bermata dua,"['benix', 'ini', 'nampaknya', 'silet', 'bermata', 'dua']","['benix', 'nampaknya', 'silet', 'bermata', 'dua']",benix nampaknya silet mata dua
"Yang lebih lucu lagi itu kalau yang komentar itu sama sekali bukan Investor yang punya saham😂😂😂😂😂. Kadang kita lupa kalau yang komentar di medsos itu boleh jadi usianya masih dewasa tanggung 21 ke bawah.

Ke frontier market😂😂😂ya nggak lah.",@tamapurba82,1,Netral,Yang lebih lucu lagi itu kalau yang komentar itu sama sekali bukan Investor yang punya saham Kadang kita lupa kalau yang komentar di medsos itu boleh jadi usianya masih dewasa tanggung ke bawah Ke frontier marketya nggak lah,yang lebih lucu lagi itu kalau yang komentar itu sama sekali bukan investor yang punya saham kadang kita lupa kalau yang komentar di medsos itu boleh jadi usianya masih dewasa tanggung ke bawah ke frontier marketya nggak lah,"['yang', 'lebih', 'lucu', 'lagi', 'itu', 'kalau', 'yang', 'komentar', 'itu', 'sama', 'sekali', 'bukan', 'investor', 'yang', 'punya', 'saham', 'kadang', 'kita', 'lupa', 'kalau', 'yang', 'komentar', 'di', 'medsos', 'itu', 'boleh', 'jadi', 'usianya', 'masih', 'dewasa', 'tanggung', 'ke', 'bawah', 'ke', 'frontier', 'marketya', 'nggak', 'lah']","['lebih', 'lucu', 'lagi', 'kalau', 'komentar', 'sama', 'sekali', 'bukan', 'investor', 'punya', 'saham', 'kadang', 'lupa', 'kalau', 'komentar', 'medsos', 'boleh', 'jadi', 'usianya', 'masih', 'dewasa', 'tanggung', 'bawah', 'frontier', 'marketya', 'nggak', 'lah']",lebih lucu lagi kalau komentar sama sekali bukan investor punya saham kadang lupa kalau komentar medsos boleh jadi usia masih dewasa tanggung bawah frontier marketya nggak lah
Semakin mahasiswa nya koar koar 😅 masak demo kok gak ada tujuan tuntutan nya,@BusanaHijabJilbabCantik,1,Netral,Semakin mahasiswa nya koar koar masak demo kok gak ada tujuan tuntutan nya,semakin mahasiswa nya koar koar masak demo kok gak ada tujuan tuntutan nya,"['semakin', 'mahasiswa', 'nya', 'koar', 'koar', 'masak', 'demo', 'kok', 'gak', 'ada', 'tujuan', 'tuntutan', 'nya']","['semakin', 'mahasiswa', 'nya', 'koar', 'koar', 'masak', 'demo', 'kok', 'gak', 'ada', 'tujuan', 'tuntutan', 'nya']",makin mahasiswa nya koar koar masak demo kok gak ada tuju tuntut nya
No 2 itu Alaysia yah bang ben? 😅,@muhammad-rizal,0,Netral,No itu Alaysia yah bang ben,no itu alaysia yah bang ben,"['no', 'itu', 'alaysia', 'yah', 'bang', 'ben']","['no', 'alaysia', 'yah', 'bang', 'ben']",no alaysia yah bang ben
Doa ku supaya market merah biar bisa nyicil terus harga diskon😊,@fatahhatta2687,0,Netral,Doa ku supaya market merah biar bisa nyicil terus harga diskon,doa ku supaya market merah biar bisa nyicil terus harga diskon,"['doa', 'ku', 'supaya', 'market', 'merah', 'biar', 'bisa', 'nyicil', 'terus', 'harga', 'diskon']","['doa', 'ku', 'supaya', 'market', 'merah', 'biar', 'bisa', 'nyicil', 'terus', 'harga', 'diskon']",doa ku supaya market merah biar bisa nyicil terus harga diskon
"Saya ingat betul tahun 2022, kepemilikkan induvidual 1-2% dibuka dan kelihatan...Eh entah kenapa tahun 2023an, keterbukaan 1-2% ditutup ..Trs data transaksi sekuritas juga dituttup..Memang pantas negeri ini disebut negeri para Mafia...Blm lagi para owner busuk dengan leluasa melakukan IPO kembali..Dulu om Bennix membagikan clue para owner yg msk daftar hitam yg wajib dihindari...",@oppoajjawowo,80,Netral,Saya ingat betul tahun kepemilikkan induvidual dibuka dan kelihatanEh entah kenapa tahun an keterbukaan ditutup Trs data transaksi sekuritas juga dituttupMemang pantas negeri ini disebut negeri para MafiaBlm lagi para owner busuk dengan leluasa melakukan IPO kembaliDulu om Bennix membagikan clue para owner yg msk daftar hitam yg wajib dihindari,saya ingat betul tahun kepemilikkan induvidual dibuka dan kelihataneh entah kenapa tahun an keterbukaan ditutup trs data transaksi sekuritas juga dituttupmemang pantas negeri ini disebut negeri para mafiablm lagi para owner busuk dengan leluasa melakukan ipo kembalidulu om bennix membagikan clue para owner yg msk daftar hitam yg wajib dihindari,"['saya', 'ingat', 'betul', 'tahun', 'kepemilikkan', 'induvidual', 'dibuka', 'dan', 'kelihataneh', 'entah', 'kenapa', 'tahun', 'an', 'keterbukaan', 'ditutup', 'trs', 'data', 'transaksi', 'sekuritas', 'juga', 'dituttupmemang', 'pantas', 'negeri', 'ini', 'disebut', 'negeri', 'para', 'mafiablm', 'lagi', 'para', 'owner', 'busuk', 'dengan', 'leluasa', 'melakukan', 'ipo', 'kembalidulu', 'om', 'bennix', 'membagikan', 'clue', 'para', 'owner', 'yg', 'msk', 'daftar', 'hitam', 'yg', 'wajib', 'dihindari']","['ingat', 'betul', 'tahun', 'kepemilikkan', 'induvidual', 'dibuka', 'kelihataneh', 'entah', 'kenapa', 'tahun', 'an', 'keterbukaan', 'ditutup', 'trs', 'data', 'transaksi', 'sekuritas', 'dituttupmemang', 'pantas', 'negeri', 'disebut', 'negeri', 'para', 'mafiablm', 'lagi', 'para', 'owner', 'busuk', 'leluasa', 'melakukan', 'ipo', 'kembalidulu', 'om', 'bennix', 'membagikan', 'clue', 'para', 'owner', 'yg', 'msk', 'daftar', 'hitam', 'yg', 'wajib', 'dihindari']",ingat betul tahun milik induvidual buka kelihataneh entah kenapa tahun an buka tutup trs data transaksi sekuritas dituttupmemang pantas negeri sebut negeri para mafiablm lagi para owner busuk leluasa laku ipo kembalidulu om bennix bagi clue para owner yg msk daftar hitam yg wajib hindar
Makasih bank Benix.... Sudah kasih informasi yang selalu valid,@PuryChanel25,11,Netral,Makasih bank Benix Sudah kasih informasi yang selalu valid,makasih bank benix sudah kasih informasi yang selalu valid,"['makasih', 'bank', 'benix', 'sudah', 'kasih', 'informasi', 'yang', 'selalu', 'valid']","['makasih', 'bank', 'benix', 'sudah', 'kasih', 'informasi', 'selalu', 'valid']",makasih bank benix sudah kasih informasi selalu valid
Dirutnya ngk ada aurah positif 🤣,@toton-v8t,0,Netral,Dirutnya ngk ada aurah positif,dirutnya ngk ada aurah positif,"['dirutnya', 'ngk', 'ada', 'aurah', 'positif']","['dirutnya', 'ngk', 'ada', 'aurah', 'positif']",dirutnya ngk ada aurah positif
SAYA JENGKEL INGIN RASANYA MSCI ITU DITENGGELAMKAN,@jakakreative5243,6,Netral,SAYA JENGKEL INGIN RASANYA MSCI ITU DITENGGELAMKAN,saya jengkel ingin rasanya msci itu ditenggelamkan,"['saya', 'jengkel', 'ingin', 'rasanya', 'msci', 'itu', 'ditenggelamkan']","['jengkel', 'ingin', 'rasanya', 'msci', 'ditenggelamkan']",jengkel ingin rasa msci tenggelam
nilainya bagus tapi kenapa bobot msci makin kecil di indo? dibanding india dll,@KokoPandaa,0,Positif,nilainya bagus tapi kenapa bobot msci makin kecil di indo dibanding india dll,nilainya bagus tapi kenapa bobot msci makin kecil di indo dibanding india dll,"['nilainya', 'bagus', 'tapi', 'kenapa', 'bobot', 'msci', 'makin', 'kecil', 'di', 'indo', 'dibanding', 'india', 'dll']","['nilainya', 'bagus', 'tapi', 'kenapa', 'bobot', 'msci', 'makin', 'kecil', 'indo', 'dibanding', 'india', 'dll']",nilai bagus tapi kenapa bobot msci makin kecil indo banding india dll
Anjing-Anjing Soros…. otaknya isinya Tempe Bacem… yang gak punya data.. fakta,@shemphakerrumbay,0,Netral,AnjingAnjing Soros otaknya isinya Tempe Bacem yang gak punya data fakta,anjinganjing soros otaknya isinya tempe bacem yang gak punya data fakta,"['anjinganjing', 'soros', 'otaknya', 'isinya', 'tempe', 'bacem', 'yang', 'gak', 'punya', 'data', 'fakta']","['anjinganjing', 'soros', 'otaknya', 'isinya', 'tempe', 'bacem', 'gak', 'punya', 'data', 'fakta']",anjinganjing soros otak isi tempe bacem gak punya data fakta
JANGAN SAMPAI MSCI DITANGGAGAPI DIA ITU HOAX,@jakakreative5243,0,Netral,JANGAN SAMPAI MSCI DITANGGAGAPI DIA ITU HOAX,jangan sampai msci ditanggagapi dia itu hoax,"['jangan', 'sampai', 'msci', 'ditanggagapi', 'dia', 'itu', 'hoax']","['jangan', 'sampai', 'msci', 'ditanggagapi', 'dia', 'hoax']",jangan sampai msci ditanggagapi dia hoax
Bei mmg tdak transparan.!!,@Ruwiw,0,Netral,Bei mmg tdak transparan,bei mmg tdak transparan,"['bei', 'mmg', 'tdak', 'transparan']","['bei', 'mmg', 'tdak', 'transparan']",bei mmg tdak transparan
"DARI DULU MSCI KALAU TIDAK MEMBERITAKAN HOAX TIDAK DAPAT DUIT MEMBAGONGKAN, SAMA DENGAN TEMPE ANTEK ASING",@jakakreative5243,10,Netral,DARI DULU MSCI KALAU TIDAK MEMBERITAKAN HOAX TIDAK DAPAT DUIT MEMBAGONGKAN SAMA DENGAN TEMPE ANTEK ASING,dari dulu msci kalau tidak memberitakan hoax tidak dapat duit membagongkan sama dengan tempe antek asing,"['dari', 'dulu', 'msci', 'kalau', 'tidak', 'memberitakan', 'hoax', 'tidak', 'dapat', 'duit', 'membagongkan', 'sama', 'dengan', 'tempe', 'antek', 'asing']","['dulu', 'msci', 'kalau', 'tidak', 'memberitakan', 'hoax', 'tidak', 'dapat', 'duit', 'membagongkan', 'sama', 'tempe', 'antek', 'asing']",dulu msci kalau tidak berita hoax tidak dapat duit bagong sama tempe antek asing
"Dulu orang beli saham berdasarkan fundamental suatu perusahaan. sekarang orang beli saham, yang penting bandar goreng2 ritel BUY. pasar saham skrg sudah seperti pasar kripto, tanpa melihat fundamentalnya ditambah ex dirut BEI mengusulkan adanya short selling di bursa Indo. jadi memang ada unsur kesengajaan untuk menghancurkan ekonomi Indonesia",@LeonKennedy99-m3j,18,Netral,Dulu orang beli saham berdasarkan fundamental suatu perusahaan sekarang orang beli saham yang penting bandar goreng ritel BUY pasar saham skrg sudah seperti pasar kripto tanpa melihat fundamentalnya ditambah ex dirut BEI mengusulkan adanya short selling di bursa Indo jadi memang ada unsur kesengajaan untuk menghancurkan ekonomi Indonesia,dulu orang beli saham berdasarkan fundamental suatu perusahaan sekarang orang beli saham yang penting bandar goreng ritel buy pasar saham skrg sudah seperti pasar kripto tanpa melihat fundamentalnya ditambah ex dirut bei mengusulkan adanya short selling di bursa indo jadi memang ada unsur kesengajaan untuk menghancurkan ekonomi indonesia,"['dulu', 'orang', 'beli', 'saham', 'berdasarkan', 'fundamental', 'suatu', 'perusahaan', 'sekarang', 'orang', 'beli', 'saham', 'yang', 'penting', 'bandar', 'goreng', 'ritel', 'buy', 'pasar', 'saham', 'skrg', 'sudah', 'seperti', 'pasar', 'kripto', 'tanpa', 'melihat', 'fundamentalnya', 'ditambah', 'ex', 'dirut', 'bei', 'mengusulkan', 'adanya', 'short', 'selling', 'di', 'bursa', 'indo', 'jadi', 'memang', 'ada', 'unsur', 'kesengajaan', 'untuk', 'menghancurkan', 'ekonomi', 'indonesia']","['dulu', 'orang', 'beli', 'saham', 'berdasarkan', 'fundamental', 'suatu', 'perusahaan', 'sekarang', 'orang', 'beli', 'saham', 'penting', 'bandar', 'goreng', 'ritel', 'buy', 'pasar', 'saham', 'skrg', 'sudah', 'seperti', 'pasar', 'kripto', 'tanpa', 'melihat', 'fundamentalnya', 'ditambah', 'ex', 'dirut', 'bei', 'mengusulkan', 'adanya', 'short', 'selling', 'bursa', 'indo', 'jadi', 'memang', 'ada', 'unsur', 'kesengajaan', 'menghancurkan', 'ekonomi', 'indonesia']",dulu orang beli saham dasar fundamental suatu usaha sekarang orang beli saham penting bandar goreng ritel buy pasar saham skrg sudah seperti pasar kripto tanpa lihat fundamental tambah ex dirut bei usul ada short selling bursa indo jadi memang ada unsur sengaja hancur ekonomi indonesia
"1. Grup *a*rie (The ""Legendary"" Blacklist), 2. Saham-Saham Terafiliasi Kasus Jiwasraya & Asabri (Grup Heru Hidayat & Benny Tjokrosaputro), Grup Lippo apakah ini?",@sahdani14,16,Netral,Grup arie The Legendary Blacklist SahamSaham Terafiliasi Kasus Jiwasraya Asabri Grup Heru Hidayat Benny Tjokrosaputro Grup Lippo apakah ini,grup arie the legendary blacklist sahamsaham terafiliasi kasus jiwasraya asabri grup heru hidayat benny tjokrosaputro grup lippo apakah ini,"['grup', 'arie', 'the', 'legendary', 'blacklist', 'sahamsaham', 'terafiliasi', 'kasus', 'jiwasraya', 'asabri', 'grup', 'heru', 'hidayat', 'benny', 'tjokrosaputro', 'grup', 'lippo', 'apakah', 'ini']","['grup', 'arie', 'the', 'legendary', 'blacklist', 'sahamsaham', 'terafiliasi', 'kasus', 'jiwasraya', 'asabri', 'grup', 'heru', 'hidayat', 'benny', 'tjokrosaputro', 'grup', 'lippo', 'apakah']",grup arie the legendary blacklist sahamsaham afiliasi kasus jiwasraya asabri grup heru hidayat benny tjokrosaputro grup lippo apakah
"☺️ tenang saja, intinya buktikan saja kekuatan ekonomi Indonesia.., semua orang mudah bikin kata kata 😅, saya juga bisa kalau keritik negatif seperti mereka itu,",@INTROVERT-INTJ-w4g,3,Netral,tenang saja intinya buktikan saja kekuatan ekonomi Indonesia semua orang mudah bikin kata kata saya juga bisa kalau keritik negatif seperti mereka itu,tenang saja intinya buktikan saja kekuatan ekonomi indonesia semua orang mudah bikin kata kata saya juga bisa kalau keritik negatif seperti mereka itu,"['tenang', 'saja', 'intinya', 'buktikan', 'saja', 'kekuatan', 'ekonomi', 'indonesia', 'semua', 'orang', 'mudah', 'bikin', 'kata', 'kata', 'saya', 'juga', 'bisa', 'kalau', 'keritik', 'negatif', 'seperti', 'mereka', 'itu']","['tenang', 'saja', 'intinya', 'buktikan', 'saja', 'kekuatan', 'ekonomi', 'indonesia', 'semua', 'orang', 'mudah', 'bikin', 'kata', 'kata', 'bisa', 'kalau', 'keritik', 'negatif', 'seperti', 'mereka']",tenang saja inti bukti saja kuat ekonomi indonesia semua orang mudah bikin kata kata bisa kalau keritik negatif seperti mereka
"0,5% Emerging jatah Indonesia, India Korsel Taiwan China 20% an",@rendybengurion189,1,Netral,Emerging jatah Indonesia India Korsel Taiwan China an,emerging jatah indonesia india korsel taiwan china an,"['emerging', 'jatah', 'indonesia', 'india', 'korsel', 'taiwan', 'china', 'an']","['emerging', 'jatah', 'indonesia', 'india', 'korsel', 'taiwan', 'china', 'an']",emerging jatah indonesia india korsel taiwan china an
"""Bennix kurang pengalaman!"" kata Bu Gema Goeyardi.",@felixsulwyn4997,1,Netral,Bennix kurang pengalaman kata Bu Gema Goeyardi,bennix kurang pengalaman kata bu gema goeyardi,"['bennix', 'kurang', 'pengalaman', 'kata', 'bu', 'gema', 'goeyardi']","['bennix', 'kurang', 'pengalaman', 'kata', 'bu', 'gema', 'goeyardi']",bennix kurang alam kata bu gema goeyardi
"Ya betul sekali, ini harusnya dijadikan momentum perbaikan bursa saham Indonesia! 🔥",@Bennix,22,Positif,Ya betul sekali ini harusnya dijadikan momentum perbaikan bursa saham Indonesia,ya betul sekali ini harusnya dijadikan momentum perbaikan bursa saham indonesia,"['ya', 'betul', 'sekali', 'ini', 'harusnya', 'dijadikan', 'momentum', 'perbaikan', 'bursa', 'saham', 'indonesia']","['ya', 'betul', 'sekali', 'harusnya', 'dijadikan', 'momentum', 'perbaikan', 'bursa', 'saham', 'indonesia']",ya betul sekali harus jadi momentum baik bursa saham indonesia
"​ @Bennix 
Saham saham di luar negeri aj tertutup juga loh Ben. Gw pernah coba riset profiling kepemilikan tapi semuanya nutup pakai alasan asal asalan yang seolah dibuat logis. Wkwkwkwk

MSCI double standard nya kecium banget. Ke Indonesia pakai kaca pembesar tapi ke negara negara tersebut organisasi bego ini pake kacamata hitam. Bruakakakakak anjir

Mahasiswa kita yang rata rata generasi tahun 2005an ke bawah ini udah dikasi sekolah gratis di negeri pakai biaya pajak apakah pada jarang masuk kuliah, udah kena cuci otak, atau jarang mau berpikir kritis?

Lo berani bahas ga? 😂
Kalau selalu percaya asing ya terima nasib dijajah aja, emang aneh karakter bangsa kita nolak dijajah tapi percaya orang yang mau jajah.",@nihilita39,10,Netral,Saham saham di luar negeri aj tertutup juga loh Ben Gw pernah coba riset profiling kepemilikan tapi semuanya nutup pakai alasan asal asalan yang seolah dibuat logis Wkwkwkwk MSCI double standard nya kecium banget Ke Indonesia pakai kaca pembesar tapi ke negara negara tersebut organisasi bego ini pake kacamata hitam Bruakakakakak anjir Mahasiswa kita yang rata rata generasi tahun an ke bawah ini udah dikasi sekolah gratis di negeri pakai biaya pajak apakah pada jarang masuk kuliah udah kena cuci otak atau jarang mau berpikir kritis Lo berani bahas ga Kalau selalu percaya asing ya terima nasib dijajah aja emang aneh karakter bangsa kita nolak dijajah tapi percaya orang yang mau jajah,saham saham di luar negeri aj tertutup juga loh ben gw pernah coba riset profiling kepemilikan tapi semuanya nutup pakai alasan asal asalan yang seolah dibuat logis wkwkwkwk msci double standard nya kecium banget ke indonesia pakai kaca pembesar tapi ke negara negara tersebut organisasi bego ini pake kacamata hitam bruakakakakak anjir mahasiswa kita yang rata rata generasi tahun an ke bawah ini udah dikasi sekolah gratis di negeri pakai biaya pajak apakah pada jarang masuk kuliah udah kena cuci otak atau jarang mau berpikir kritis lo berani bahas ga kalau selalu percaya asing ya terima nasib dijajah aja emang aneh karakter bangsa kita nolak dijajah tapi percaya orang yang mau jajah,"['saham', 'saham', 'di', 'luar', 'negeri', 'aj', 'tertutup', 'juga', 'loh', 'ben', 'gw', 'pernah', 'coba', 'riset', 'profiling', 'kepemilikan', 'tapi', 'semuanya', 'nutup', 'pakai', 'alasan', 'asal', 'asalan', 'yang', 'seolah', 'dibuat', 'logis', 'wkwkwkwk', 'msci', 'double', 'standard', 'nya', 'kecium', 'banget', 'ke', 'indonesia', 'pakai', 'kaca', 'pembesar', 'tapi', 'ke', 'negara', 'negara', 'tersebut', 'organisasi', 'bego', 'ini', 'pake', 'kacamata', 'hitam', 'bruakakakakak', 'anjir', 'mahasiswa', 'kita', 'yang', 'rata', 'rata', 'generasi', 'tahun', 'an', 'ke', 'bawah', 'ini', 'udah', 'dikasi', 'sekolah', 'gratis', 'di', 'negeri', 'pakai', 'biaya', 'pajak', 'apakah', 'pada', 'jarang', 'masuk', 'kuliah', 'udah', 'kena', 'cuci', 'otak', 'atau', 'jarang', 'mau', 'berpikir', 'kritis', 'lo', 'berani', 'bahas', 'ga', 'kalau', 'selalu', 'percaya', 'asing', 'ya', 'terima', 'nasib', 'dijajah', 'aja', 'emang', 'aneh', 'karakter', 'bangsa', 'kita', 'nolak', 'dijajah', 'tapi', 'percaya', 'orang', 'yang', 'mau', 'jajah']","['saham', 'saham', 'luar', 'negeri', 'aj', 'tertutup', 'loh', 'ben', 'gw', 'pernah', 'coba', 'riset', 'profiling', 'kepemilikan', 'tapi', 'semuanya', 'nutup', 'pakai', 'alasan', 'asal', 'asalan', 'seolah', 'dibuat', 'logis', 'wkwkwkwk', 'msci', 'double', 'standard', 'nya', 'kecium', 'banget', 'indonesia', 'pakai', 'kaca', 'pembesar', 'tapi', 'negara', 'negara', 'tersebut', 'organisasi', 'bego', 'pake', 'kacamata', 'hitam', 'bruakakakakak', 'anjir', 'mahasiswa', 'rata', 'rata', 'generasi', 'tahun', 'an', 'bawah', 'udah', 'dikasi', 'sekolah', 'gratis', 'negeri', 'pakai', 'biaya', 'pajak', 'apakah', 'jarang', 'masuk', 'kuliah', 'udah', 'kena', 'cuci', 'otak', 'jarang', 'mau', 'berpikir', 'kritis', 'lo', 'berani', 'bahas', 'ga', 'kalau', 'selalu', 'percaya', 'asing', 'ya', 'terima', 'nasib', 'dijajah', 'aja', 'emang', 'aneh', 'karakter', 'bangsa', 'nolak', 'dijajah', 'tapi', 'percaya', 'orang', 'mau', 'jajah']",saham saham luar negeri aj tutup loh ben gw pernah coba riset profiling milik tapi semua nutup pakai alas asal asal olah buat logis wkwkwkwk msci double standard nya cium banget indonesia pakai kaca besar tapi negara negara sebut organisasi bego pake kacamata hitam bruakakakakak anjir mahasiswa rata rata generasi tahun an bawah udah kasi sekolah gratis negeri pakai biaya pajak apakah jarang masuk kuliah udah kena cuci otak jarang mau pikir kritis lo berani bahas ga kalau selalu percaya asing ya terima nasib jajah aja emang aneh karakter bangsa nolak jajah tapi percaya orang mau jajah
​ @Bennix apakah Indonesia butuh impor xi Jinping dan kim  jong un??,@satriapanca5107,6,Netral,apakah Indonesia butuh impor xi Jinping dan kim jong un,apakah indonesia butuh impor xi jinping dan kim jong un,"['apakah', 'indonesia', 'butuh', 'impor', 'xi', 'jinping', 'dan', 'kim', 'jong', 'un']","['apakah', 'indonesia', 'butuh', 'impor', 'xi', 'jinping', 'kim', 'jong', 'un']",apakah indonesia butuh impor xi jinping kim jong un
"​ @Bennix bang, gimana caranya biar market mover jadi lebih terbuka dan legal seperti di amerika, bang, klo mbg bisa di korupsi bagaimana dengan danantara, bagaimana proses 1mdb dimalaysia bisa bangkrut dan dikorupsi?jangan"" investor asing juga lihat itu bang..bang sadar gk sih klo bangunan"" kita, tata kota kita sangat jauh dengan malaysia kalau dilihat dari citra satelit di google map..",@ditassaputra8020,1,Negatif,bang gimana caranya biar market mover jadi lebih terbuka dan legal seperti di amerika bang klo mbg bisa di korupsi bagaimana dengan danantara bagaimana proses mdb dimalaysia bisa bangkrut dan dikorupsijangan investor asing juga lihat itu bangbang sadar gk sih klo bangunan kita tata kota kita sangat jauh dengan malaysia kalau dilihat dari citra satelit di google map,bang gimana caranya biar market mover jadi lebih terbuka dan legal seperti di amerika bang klo mbg bisa di korupsi bagaimana dengan danantara bagaimana proses mdb dimalaysia bisa bangkrut dan dikorupsijangan investor asing juga lihat itu bangbang sadar gk sih klo bangunan kita tata kota kita sangat jauh dengan malaysia kalau dilihat dari citra satelit di google map,"['bang', 'gimana', 'caranya', 'biar', 'market', 'mover', 'jadi', 'lebih', 'terbuka', 'dan', 'legal', 'seperti', 'di', 'amerika', 'bang', 'klo', 'mbg', 'bisa', 'di', 'korupsi', 'bagaimana', 'dengan', 'danantara', 'bagaimana', 'proses', 'mdb', 'dimalaysia', 'bisa', 'bangkrut', 'dan', 'dikorupsijangan', 'investor', 'asing', 'juga', 'lihat', 'itu', 'bangbang', 'sadar', 'gk', 'sih', 'klo', 'bangunan', 'kita', 'tata', 'kota', 'kita', 'sangat', 'jauh', 'dengan', 'malaysia', 'kalau', 'dilihat', 'dari', 'citra', 'satelit', 'di', 'google', 'map']","['bang', 'gimana', 'caranya', 'biar', 'market', 'mover', 'jadi', 'lebih', 'terbuka', 'legal', 'seperti', 'amerika', 'bang', 'klo', 'mbg', 'bisa', 'korupsi', 'bagaimana', 'danantara', 'bagaimana', 'proses', 'mdb', 'dimalaysia', 'bisa', 'bangkrut', 'dikorupsijangan', 'investor', 'asing', 'lihat', 'bangbang', 'sadar', 'gk', 'sih', 'klo', 'bangunan', 'tata', 'kota', 'sangat', 'jauh', 'malaysia', 'kalau', 'dilihat', 'citra', 'satelit', 'google', 'map']",bang gimana cara biar market mover jadi lebih buka legal seperti amerika bang klo mbg bisa korupsi bagaimana danantara bagaimana proses mdb dimalaysia bisa bangkrut dikorupsijangan investor asing lihat bangbang sadar gk sih klo bangun tata kota sangat jauh malaysia kalau lihat citra satelit google map
Bukan msci nya tp media scamer nya,@robert2034,0,Netral,Bukan msci nya tp media scamer nya,bukan msci nya tp media scamer nya,"['bukan', 'msci', 'nya', 'tp', 'media', 'scamer', 'nya']","['bukan', 'msci', 'nya', 'tp', 'media', 'scamer', 'nya']",bukan msci nya tp media scamer nya
"Skrg musim scalping bang, klo ga ngikut bandar yaa jadi investor 😅",@hohojuventino9002,0,Netral,Skrg musim scalping bang klo ga ngikut bandar yaa jadi investor,skrg musim scalping bang klo ga ngikut bandar yaa jadi investor,"['skrg', 'musim', 'scalping', 'bang', 'klo', 'ga', 'ngikut', 'bandar', 'yaa', 'jadi', 'investor']","['skrg', 'musim', 'scalping', 'bang', 'klo', 'ga', 'ngikut', 'bandar', 'yaa', 'jadi', 'investor']",skrg musim scalping bang klo ga ngikut bandar yaa jadi investor
Nasib jadi ritel pok pok😂,@newbeegaming9334,0,Netral,Nasib jadi ritel pok pok,nasib jadi ritel pok pok,"['nasib', 'jadi', 'ritel', 'pok', 'pok']","['nasib', 'jadi', 'ritel', 'pok', 'pok']",nasib jadi ritel pok pok
Mana yg lebih bagus ? Gantian mati lampu atau gantian nyala lampu ? 😂😂😂,@san-tai2066,0,Positif,Mana yg lebih bagus Gantian mati lampu atau gantian nyala lampu,mana yg lebih bagus gantian mati lampu atau gantian nyala lampu,"['mana', 'yg', 'lebih', 'bagus', 'gantian', 'mati', 'lampu', 'atau', 'gantian', 'nyala', 'lampu']","['mana', 'yg', 'lebih', 'bagus', 'gantian', 'mati', 'lampu', 'gantian', 'nyala', 'lampu']",mana yg lebih bagus ganti mati lampu ganti nyala lampu
Baru kali ini analisa tehnikal tidak sejalan dengan fundamental.,@alabror6445,0,Netral,Baru kali ini analisa tehnikal tidak sejalan dengan fundamental,baru kali ini analisa tehnikal tidak sejalan dengan fundamental,"['baru', 'kali', 'ini', 'analisa', 'tehnikal', 'tidak', 'sejalan', 'dengan', 'fundamental']","['baru', 'kali', 'analisa', 'tehnikal', 'tidak', 'sejalan', 'fundamental']",baru kali analisa tehnikal tidak jalan fundamental
MSCI BANYAK ANJING-ANJINGNYA TAPI BIARKAN ANJING MENGGONG-GONG KAFILAH BERLALU,@jakakreative5243,0,Netral,MSCI BANYAK ANJINGANJINGNYA TAPI BIARKAN ANJING MENGGONGGONG KAFILAH BERLALU,msci banyak anjinganjingnya tapi biarkan anjing menggonggong kafilah berlalu,"['msci', 'banyak', 'anjinganjingnya', 'tapi', 'biarkan', 'anjing', 'menggonggong', 'kafilah', 'berlalu']","['msci', 'banyak', 'anjinganjingnya', 'tapi', 'biarkan', 'anjing', 'menggonggong', 'kafilah', 'berlalu']",msci banyak anjinganjingnya tapi biar anjing gonggong kafilah lalu
"Bang Bennix, PM inggris mundur.",@FransIndroyono,0,Netral,Bang Bennix PM inggris mundur,bang bennix pm inggris mundur,"['bang', 'bennix', 'pm', 'inggris', 'mundur']","['bang', 'bennix', 'pm', 'inggris', 'mundur']",bang bennix pm inggris mundur
yg bilanh konoha gelap itu biasa nya malaydesh😂,@ShilviaNurfaizah,0,Netral,yg bilanh konoha gelap itu biasa nya malaydesh,yg bilanh konoha gelap itu biasa nya malaydesh,"['yg', 'bilanh', 'konoha', 'gelap', 'itu', 'biasa', 'nya', 'malaydesh']","['yg', 'bilanh', 'konoha', 'gelap', 'biasa', 'nya', 'malaydesh']",yg bilanh konoha gelap biasa nya malaydesh
"Gue jijik bang sama anj*ing2 media dan oligarki bangs*t yg bikin opini2 negatif bursa kita padahal ada datanya coba lihat ai masa sih jaman gini masih gobl*g ga tau kondisi market kita bang ben, bego masih mau dikadalin sama hoax2 bikinan anj*ng2 soros😂😂",@RafchalIskandar-c5d,0,Netral,Gue jijik bang sama anjing media dan oligarki bangst yg bikin opini negatif bursa kita padahal ada datanya coba lihat ai masa sih jaman gini masih goblg ga tau kondisi market kita bang ben bego masih mau dikadalin sama hoax bikinan anjng soros,gue jijik bang sama anjing media dan oligarki bangst yg bikin opini negatif bursa kita padahal ada datanya coba lihat ai masa sih jaman gini masih goblg ga tau kondisi market kita bang ben bego masih mau dikadalin sama hoax bikinan anjng soros,"['gue', 'jijik', 'bang', 'sama', 'anjing', 'media', 'dan', 'oligarki', 'bangst', 'yg', 'bikin', 'opini', 'negatif', 'bursa', 'kita', 'padahal', 'ada', 'datanya', 'coba', 'lihat', 'ai', 'masa', 'sih', 'jaman', 'gini', 'masih', 'goblg', 'ga', 'tau', 'kondisi', 'market', 'kita', 'bang', 'ben', 'bego', 'masih', 'mau', 'dikadalin', 'sama', 'hoax', 'bikinan', 'anjng', 'soros']","['gue', 'jijik', 'bang', 'sama', 'anjing', 'media', 'oligarki', 'bangst', 'yg', 'bikin', 'opini', 'negatif', 'bursa', 'padahal', 'ada', 'datanya', 'coba', 'lihat', 'ai', 'masa', 'sih', 'jaman', 'gini', 'masih', 'goblg', 'ga', 'tau', 'kondisi', 'market', 'bang', 'ben', 'bego', 'masih', 'mau', 'dikadalin', 'sama', 'hoax', 'bikinan', 'anjng', 'soros']",gue jijik bang sama anjing media oligarki bangst yg bikin opini negatif bursa padahal ada data coba lihat ai masa sih jaman gin masih goblg ga tau kondisi market bang ben bego masih mau dikadalin sama hoax bikin anjng soros
Bentar lagi jd utusan khusus presiden... 😂😂,@atongdota7464,0,Netral,Bentar lagi jd utusan khusus presiden,bentar lagi jd utusan khusus presiden,"['bentar', 'lagi', 'jd', 'utusan', 'khusus', 'presiden']","['bentar', 'lagi', 'jd', 'utusan', 'khusus', 'presiden']",bentar lagi jd utus khusus presiden
"Itu yang komen2 bukan semua WNI melainkan orang asing yang udah tinggal lama di Indonesia atau orang asing menerjemahkan bahasa mereka dengan bahasa Indonesia dan media2 yang didanai oleh asing, agar Indonesia TERPROVOKASI dan keos
Mereka mengkritik tapi ga tau batasan sampai telanjang",@mondypredator8771,1,Netral,Itu yang komen bukan semua WNI melainkan orang asing yang udah tinggal lama di Indonesia atau orang asing menerjemahkan bahasa mereka dengan bahasa Indonesia dan media yang didanai oleh asing agar Indonesia TERPROVOKASI dan keos Mereka mengkritik tapi ga tau batasan sampai telanjang,itu yang komen bukan semua wni melainkan orang asing yang udah tinggal lama di indonesia atau orang asing menerjemahkan bahasa mereka dengan bahasa indonesia dan media yang didanai oleh asing agar indonesia terprovokasi dan keos mereka mengkritik tapi ga tau batasan sampai telanjang,"['itu', 'yang', 'komen', 'bukan', 'semua', 'wni', 'melainkan', 'orang', 'asing', 'yang', 'udah', 'tinggal', 'lama', 'di', 'indonesia', 'atau', 'orang', 'asing', 'menerjemahkan', 'bahasa', 'mereka', 'dengan', 'bahasa', 'indonesia', 'dan', 'media', 'yang', 'didanai', 'oleh', 'asing', 'agar', 'indonesia', 'terprovokasi', 'dan', 'keos', 'mereka', 'mengkritik', 'tapi', 'ga', 'tau', 'batasan', 'sampai', 'telanjang']","['komen', 'bukan', 'semua', 'wni', 'melainkan', 'orang', 'asing', 'udah', 'tinggal', 'lama', 'indonesia', 'orang', 'asing', 'menerjemahkan', 'bahasa', 'mereka', 'bahasa', 'indonesia', 'media', 'didanai', 'oleh', 'asing', 'agar', 'indonesia', 'terprovokasi', 'keos', 'mereka', 'mengkritik', 'tapi', 'ga', 'tau', 'batasan', 'sampai', 'telanjang']",komen bukan semua wni lain orang asing udah tinggal lama indonesia orang asing terjemah bahasa mereka bahasa indonesia media dana oleh asing agar indonesia provokasi keos mereka kritik tapi ga tau batas sampai telanjang
"buzzer utj ancurin indonesia.
jayalah indonesia",@ShilviaNurfaizah,0,Netral,buzzer utj ancurin indonesia jayalah indonesia,buzzer utj ancurin indonesia jayalah indonesia,"['buzzer', 'utj', 'ancurin', 'indonesia', 'jayalah', 'indonesia']","['buzzer', 'utj', 'ancurin', 'indonesia', 'jayalah', 'indonesia']",buzzer utj ancurin indonesia jaya indonesia
Asing suruh pergi aja lah. Kita yang penting lawan singapura. Ambil ribuan trilyun pertahun dari sana.,@katonbagaska8738,0,Netral,Asing suruh pergi aja lah Kita yang penting lawan singapura Ambil ribuan trilyun pertahun dari sana,asing suruh pergi aja lah kita yang penting lawan singapura ambil ribuan trilyun pertahun dari sana,"['asing', 'suruh', 'pergi', 'aja', 'lah', 'kita', 'yang', 'penting', 'lawan', 'singapura', 'ambil', 'ribuan', 'trilyun', 'pertahun', 'dari', 'sana']","['asing', 'suruh', 'pergi', 'aja', 'lah', 'penting', 'lawan', 'singapura', 'ambil', 'ribuan', 'trilyun', 'pertahun', 'sana']",asing suruh pergi aja lah penting lawan singapura ambil ribu trilyun tahun sana
berarti saat ini All in……,@ahmadmuhammad-zt9xq,0,Netral,berarti saat ini All in,berarti saat ini all in,"['berarti', 'saat', 'ini', 'all', 'in']","['berarti', 'saat', 'all', 'in']",arti saat all in
Maksh om edukasi nya ..jdi tdk terbawa narasi antek2 penyepong soros,@wahyuwibowo7469,24,Netral,Maksh om edukasi nya jdi tdk terbawa narasi antek penyepong soros,maksh om edukasi nya jdi tdk terbawa narasi antek penyepong soros,"['maksh', 'om', 'edukasi', 'nya', 'jdi', 'tdk', 'terbawa', 'narasi', 'antek', 'penyepong', 'soros']","['maksh', 'om', 'edukasi', 'nya', 'jdi', 'tdk', 'terbawa', 'narasi', 'antek', 'penyepong', 'soros']",maksh om edukasi nya jdi tdk bawa narasi antek penyepong soros
Anjing2 koruptor braksi menjatuhkan indonesiA,@sakura-1032,0,Netral,Anjing koruptor braksi menjatuhkan indonesiA,anjing koruptor braksi menjatuhkan indonesia,"['anjing', 'koruptor', 'braksi', 'menjatuhkan', 'indonesia']","['anjing', 'koruptor', 'braksi', 'menjatuhkan', 'indonesia']",anjing koruptor braksi jatuh indonesia
Hanya Indonesia negara yg mau memakai pulau kecil di dekat negaranya  untuk tujuan dagang utama....,@sawitDail,0,Netral,Hanya Indonesia negara yg mau memakai pulau kecil di dekat negaranya untuk tujuan dagang utama,hanya indonesia negara yg mau memakai pulau kecil di dekat negaranya untuk tujuan dagang utama,"['hanya', 'indonesia', 'negara', 'yg', 'mau', 'memakai', 'pulau', 'kecil', 'di', 'dekat', 'negaranya', 'untuk', 'tujuan', 'dagang', 'utama']","['hanya', 'indonesia', 'negara', 'yg', 'mau', 'memakai', 'pulau', 'kecil', 'dekat', 'negaranya', 'tujuan', 'dagang', 'utama']",hanya indonesia negara yg mau pakai pulau kecil dekat negara tuju dagang utama
Media cap kaki gajah di beli,@hermanherman8083,0,Netral,Media cap kaki gajah di beli,media cap kaki gajah di beli,"['media', 'cap', 'kaki', 'gajah', 'di', 'beli']","['media', 'cap', 'kaki', 'gajah', 'beli']",media cap kaki gajah beli
Penyebaran hoax mustinya kena konsekuensi hukum,@vania_aji9718,19,Netral,Penyebaran hoax mustinya kena konsekuensi hukum,penyebaran hoax mustinya kena konsekuensi hukum,"['penyebaran', 'hoax', 'mustinya', 'kena', 'konsekuensi', 'hukum']","['penyebaran', 'hoax', 'mustinya', 'kena', 'konsekuensi', 'hukum']",sebar hoax mustinya kena konsekuensi hukum
Makin kesini makin banyak retail lokal yang serok buangan asing. ❤,@majid.wildanun,1,Netral,Makin kesini makin banyak retail lokal yang serok buangan asing,makin kesini makin banyak retail lokal yang serok buangan asing,"['makin', 'kesini', 'makin', 'banyak', 'retail', 'lokal', 'yang', 'serok', 'buangan', 'asing']","['makin', 'kesini', 'makin', 'banyak', 'retail', 'lokal', 'serok', 'buangan', 'asing']",makin kesini makin banyak retail lokal serok buang asing
"Jahat bener ya bikin fitnah , ciriin aja , lg lg singapura, orang indo banyak penghianat,",@NatoS-y4w,0,Netral,Jahat bener ya bikin fitnah ciriin aja lg lg singapura orang indo banyak penghianat,jahat bener ya bikin fitnah ciriin aja lg lg singapura orang indo banyak penghianat,"['jahat', 'bener', 'ya', 'bikin', 'fitnah', 'ciriin', 'aja', 'lg', 'lg', 'singapura', 'orang', 'indo', 'banyak', 'penghianat']","['jahat', 'bener', 'ya', 'bikin', 'fitnah', 'ciriin', 'aja', 'lg', 'lg', 'singapura', 'orang', 'indo', 'banyak', 'penghianat']",jahat bener ya bikin fitnah ciriin aja lg lg singapura orang indo banyak penghianat
Anjing2 soros asal Malaydesh pun banyak yg menyiarksn tentang  MSCI mendowngrade indonesia...,@AfrizalAdnan-u4m,0,Netral,Anjing soros asal Malaydesh pun banyak yg menyiarksn tentang MSCI mendowngrade indonesia,anjing soros asal malaydesh pun banyak yg menyiarksn tentang msci mendowngrade indonesia,"['anjing', 'soros', 'asal', 'malaydesh', 'pun', 'banyak', 'yg', 'menyiarksn', 'tentang', 'msci', 'mendowngrade', 'indonesia']","['anjing', 'soros', 'asal', 'malaydesh', 'pun', 'banyak', 'yg', 'menyiarksn', 'tentang', 'msci', 'mendowngrade', 'indonesia']",anjing soros asal malaydesh pun banyak yg menyiarksn tentang msci mendowngrade indonesia
"Indonesia maju tak gentar, klo Indonesia bersatu apapun fitnahnya semuanya pasti nyungsep😂😂😂",@muhammadhidayat6355,1,Netral,Indonesia maju tak gentar klo Indonesia bersatu apapun fitnahnya semuanya pasti nyungsep,indonesia maju tak gentar klo indonesia bersatu apapun fitnahnya semuanya pasti nyungsep,"['indonesia', 'maju', 'tak', 'gentar', 'klo', 'indonesia', 'bersatu', 'apapun', 'fitnahnya', 'semuanya', 'pasti', 'nyungsep']","['indonesia', 'maju', 'tak', 'gentar', 'klo', 'indonesia', 'bersatu', 'apapun', 'fitnahnya', 'semuanya', 'pasti', 'nyungsep']",indonesia maju tak gentar klo indonesia satu apa fitnah semua pasti nyungsep
😮,@muhammad-rizal,0,Netral,,,[],[],
"Penyebar HOAX adalah netizen yang tidak waras dan sarat kepentingan, maka kitalah yang harus melawannya (netizen war)",@widiyantozaini752,1,Netral,Penyebar HOAX adalah netizen yang tidak waras dan sarat kepentingan maka kitalah yang harus melawannya netizen war,penyebar hoax adalah netizen yang tidak waras dan sarat kepentingan maka kitalah yang harus melawannya netizen war,"['penyebar', 'hoax', 'adalah', 'netizen', 'yang', 'tidak', 'waras', 'dan', 'sarat', 'kepentingan', 'maka', 'kitalah', 'yang', 'harus', 'melawannya', 'netizen', 'war']","['penyebar', 'hoax', 'netizen', 'tidak', 'waras', 'sarat', 'kepentingan', 'maka', 'kitalah', 'harus', 'melawannya', 'netizen', 'war']",sebar hoax netizen tidak waras sarat penting maka kita harus lawan netizen war
"Sudah mau arah kesana, uu konten kreator tuh baru aktif kan. Bisa jadi alat buat tracking aliran dananya juga. Pancasila ke 4, kebijaksanaan termasuk tanggung jawab dalam berbicara dan menyampaikan informasi",@LeiteFrandale,0,Netral,Sudah mau arah kesana uu konten kreator tuh baru aktif kan Bisa jadi alat buat tracking aliran dananya juga Pancasila ke kebijaksanaan termasuk tanggung jawab dalam berbicara dan menyampaikan informasi,sudah mau arah kesana uu konten kreator tuh baru aktif kan bisa jadi alat buat tracking aliran dananya juga pancasila ke kebijaksanaan termasuk tanggung jawab dalam berbicara dan menyampaikan informasi,"['sudah', 'mau', 'arah', 'kesana', 'uu', 'konten', 'kreator', 'tuh', 'baru', 'aktif', 'kan', 'bisa', 'jadi', 'alat', 'buat', 'tracking', 'aliran', 'dananya', 'juga', 'pancasila', 'ke', 'kebijaksanaan', 'termasuk', 'tanggung', 'jawab', 'dalam', 'berbicara', 'dan', 'menyampaikan', 'informasi']","['sudah', 'mau', 'arah', 'kesana', 'uu', 'konten', 'kreator', 'tuh', 'baru', 'aktif', 'kan', 'bisa', 'jadi', 'alat', 'buat', 'tracking', 'aliran', 'dananya', 'pancasila', 'kebijaksanaan', 'termasuk', 'tanggung', 'jawab', 'dalam', 'berbicara', 'menyampaikan', 'informasi']",sudah mau arah kesana uu konten kreator tuh baru aktif kan bisa jadi alat buat tracking alir dana pancasila bijaksana masuk tanggung jawab dalam bicara sampai informasi
"sekalipun di downgrade sebenarnya itu baik untuk investor ritel Indonesia, kenapa? 

1. lebih leluasa mencari saham dengan dividen dengan yield besar. 
2. lebih leluasa mencari saham growth dengan harga murah.
3. ada yang lain? 

ingat. hanya untuk investor ritel, bukan untuk trader cap kaki lima. 😁",@bagusnizam5088,1,Positif,sekalipun di downgrade sebenarnya itu baik untuk investor ritel Indonesia kenapa lebih leluasa mencari saham dengan dividen dengan yield besar lebih leluasa mencari saham growth dengan harga murah ada yang lain ingat hanya untuk investor ritel bukan untuk trader cap kaki lima,sekalipun di downgrade sebenarnya itu baik untuk investor ritel indonesia kenapa lebih leluasa mencari saham dengan dividen dengan yield besar lebih leluasa mencari saham growth dengan harga murah ada yang lain ingat hanya untuk investor ritel bukan untuk trader cap kaki lima,"['sekalipun', 'di', 'downgrade', 'sebenarnya', 'itu', 'baik', 'untuk', 'investor', 'ritel', 'indonesia', 'kenapa', 'lebih', 'leluasa', 'mencari', 'saham', 'dengan', 'dividen', 'dengan', 'yield', 'besar', 'lebih', 'leluasa', 'mencari', 'saham', 'growth', 'dengan', 'harga', 'murah', 'ada', 'yang', 'lain', 'ingat', 'hanya', 'untuk', 'investor', 'ritel', 'bukan', 'untuk', 'trader', 'cap', 'kaki', 'lima']","['sekalipun', 'downgrade', 'sebenarnya', 'baik', 'investor', 'ritel', 'indonesia', 'kenapa', 'lebih', 'leluasa', 'mencari', 'saham', 'dividen', 'yield', 'besar', 'lebih', 'leluasa', 'mencari', 'saham', 'growth', 'harga', 'murah', 'ada', 'lain', 'ingat', 'hanya', 'investor', 'ritel', 'bukan', 'trader', 'cap', 'kaki', 'lima']",sekalipun downgrade benar baik investor ritel indonesia kenapa lebih leluasa cari saham dividen yield besar lebih leluasa cari saham growth harga murah ada lain ingat hanya investor ritel bukan trader cap kaki lima
"Indonesia tidak usah panik dan kuatir terhadap MSCI, 
MSCI adalah milik AS makanya selalu menebar teror ke Indonesia dalam hal perekonomian",@akhmadkholik147,2,Netral,Indonesia tidak usah panik dan kuatir terhadap MSCI MSCI adalah milik AS makanya selalu menebar teror ke Indonesia dalam hal perekonomian,indonesia tidak usah panik dan kuatir terhadap msci msci adalah milik as makanya selalu menebar teror ke indonesia dalam hal perekonomian,"['indonesia', 'tidak', 'usah', 'panik', 'dan', 'kuatir', 'terhadap', 'msci', 'msci', 'adalah', 'milik', 'as', 'makanya', 'selalu', 'menebar', 'teror', 'ke', 'indonesia', 'dalam', 'hal', 'perekonomian']","['indonesia', 'tidak', 'usah', 'panik', 'kuatir', 'terhadap', 'msci', 'msci', 'milik', 'as', 'makanya', 'selalu', 'menebar', 'teror', 'indonesia', 'dalam', 'hal', 'perekonomian']",indonesia tidak usah panik kuatir hadap msci msci milik as makanya selalu tebar teror indonesia dalam hal ekonomi
"harga saham indonesia itu untuk kelas asia tenggara adalah yg premium, gegara isu msci jd turun wkkkwkkk but bakal otw premium lg 😂😂😂😂😮😮😅😅😅",@rilaxtime1769,0,Netral,harga saham indonesia itu untuk kelas asia tenggara adalah yg premium gegara isu msci jd turun wkkkwkkk but bakal otw premium lg,harga saham indonesia itu untuk kelas asia tenggara adalah yg premium gegara isu msci jd turun wkkkwkkk but bakal otw premium lg,"['harga', 'saham', 'indonesia', 'itu', 'untuk', 'kelas', 'asia', 'tenggara', 'adalah', 'yg', 'premium', 'gegara', 'isu', 'msci', 'jd', 'turun', 'wkkkwkkk', 'but', 'bakal', 'otw', 'premium', 'lg']","['harga', 'saham', 'indonesia', 'kelas', 'asia', 'tenggara', 'yg', 'premium', 'gegara', 'isu', 'msci', 'jd', 'turun', 'wkkkwkkk', 'but', 'bakal', 'otw', 'premium', 'lg']",harga saham indonesia kelas asia tenggara yg premium gegara isu msci jd turun wkkkwkkk but bakal otw premium lg
Karna ... oligarki gak suka sama pak Purbaya ...gara gara gak mau pinjam duit ke IMF 😂😂😂😂😂,@PRIKARDO21,5,Netral,Karna oligarki gak suka sama pak Purbaya gara gara gak mau pinjam duit ke IMF,karna oligarki gak suka sama pak purbaya gara gara gak mau pinjam duit ke imf,"['karna', 'oligarki', 'gak', 'suka', 'sama', 'pak', 'purbaya', 'gara', 'gara', 'gak', 'mau', 'pinjam', 'duit', 'ke', 'imf']","['karna', 'oligarki', 'gak', 'suka', 'sama', 'pak', 'purbaya', 'gara', 'gara', 'gak', 'mau', 'pinjam', 'duit', 'imf']",karna oligarki gak suka sama pak purbaya gara gara gak mau pinjam duit imf
"Tidak akan, kalo di dowgrade brrti emg sialnya indo dalam agenda 😂",@arifmunandar6267,0,Netral,Tidak akan kalo di dowgrade brrti emg sialnya indo dalam agenda,tidak akan kalo di dowgrade brrti emg sialnya indo dalam agenda,"['tidak', 'akan', 'kalo', 'di', 'dowgrade', 'brrti', 'emg', 'sialnya', 'indo', 'dalam', 'agenda']","['tidak', 'akan', 'kalo', 'dowgrade', 'brrti', 'emg', 'sialnya', 'indo', 'dalam', 'agenda']",tidak akan kalo dowgrade brrti emg sial indo dalam agenda
Bikin malu warga indonesia sendiri yg ketua negaranya omon omon tapi hanya tinggal janji omon di mulut sedangkan rakyatnya susah menderita.Bodoh amat sih pemerintah indonesia.Gak sperti Anuar Ibrahim yg sering berjumpa ketua negara lain buat rundingan perkuatkan ekonomi.,@JackoBrand,1,Netral,Bikin malu warga indonesia sendiri yg ketua negaranya omon omon tapi hanya tinggal janji omon di mulut sedangkan rakyatnya susah menderitaBodoh amat sih pemerintah indonesiaGak sperti Anuar Ibrahim yg sering berjumpa ketua negara lain buat rundingan perkuatkan ekonomi,bikin malu warga indonesia sendiri yg ketua negaranya omon omon tapi hanya tinggal janji omon di mulut sedangkan rakyatnya susah menderitabodoh amat sih pemerintah indonesiagak sperti anuar ibrahim yg sering berjumpa ketua negara lain buat rundingan perkuatkan ekonomi,"['bikin', 'malu', 'warga', 'indonesia', 'sendiri', 'yg', 'ketua', 'negaranya', 'omon', 'omon', 'tapi', 'hanya', 'tinggal', 'janji', 'omon', 'di', 'mulut', 'sedangkan', 'rakyatnya', 'susah', 'menderitabodoh', 'amat', 'sih', 'pemerintah', 'indonesiagak', 'sperti', 'anuar', 'ibrahim', 'yg', 'sering', 'berjumpa', 'ketua', 'negara', 'lain', 'buat', 'rundingan', 'perkuatkan', 'ekonomi']","['bikin', 'malu', 'warga', 'indonesia', 'sendiri', 'yg', 'ketua', 'negaranya', 'omon', 'omon', 'tapi', 'hanya', 'tinggal', 'janji', 'omon', 'mulut', 'sedangkan', 'rakyatnya', 'susah', 'menderitabodoh', 'amat', 'sih', 'pemerintah', 'indonesiagak', 'sperti', 'anuar', 'ibrahim', 'yg', 'sering', 'berjumpa', 'ketua', 'negara', 'lain', 'buat', 'rundingan', 'perkuatkan', 'ekonomi']",bikin malu warga indonesia sendiri yg ketua negara omon omon tapi hanya tinggal janji omon mulut sedang rakyat susah menderitabodoh amat sih perintah indonesiagak sperti anuar ibrahim yg sering jumpa ketua negara lain buat runding kuat ekonomi
"Termasuk Pendemo kemarin, Teriak-teriak Mulu"" Indonesia Gelap""... Tapi emang bener sih pas mati lampu kemarin 😂",@bambangharibowo,1,Netral,Termasuk Pendemo kemarin Teriakteriak Mulu Indonesia Gelap Tapi emang bener sih pas mati lampu kemarin,termasuk pendemo kemarin teriakteriak mulu indonesia gelap tapi emang bener sih pas mati lampu kemarin,"['termasuk', 'pendemo', 'kemarin', 'teriakteriak', 'mulu', 'indonesia', 'gelap', 'tapi', 'emang', 'bener', 'sih', 'pas', 'mati', 'lampu', 'kemarin']","['termasuk', 'pendemo', 'kemarin', 'teriakteriak', 'mulu', 'indonesia', 'gelap', 'tapi', 'emang', 'bener', 'sih', 'pas', 'mati', 'lampu', 'kemarin']",masuk demo kemarin teriakteriak mulu indonesia gelap tapi emang bener sih pas mati lampu kemarin
"ya biar mereka dapet barang murah, ketika di dorong naik nanti, mreka cuan",@edo..11,1,Netral,ya biar mereka dapet barang murah ketika di dorong naik nanti mreka cuan,ya biar mereka dapet barang murah ketika di dorong naik nanti mreka cuan,"['ya', 'biar', 'mereka', 'dapet', 'barang', 'murah', 'ketika', 'di', 'dorong', 'naik', 'nanti', 'mreka', 'cuan']","['ya', 'biar', 'mereka', 'dapet', 'barang', 'murah', 'ketika', 'dorong', 'naik', 'nanti', 'mreka', 'cuan']",ya biar mereka dapet barang murah ketika dorong naik nanti mreka cuan
Bennix the best investasi dan data,@TaniSembodo,1,Netral,Bennix the best investasi dan data,bennix the best investasi dan data,"['bennix', 'the', 'best', 'investasi', 'dan', 'data']","['bennix', 'the', 'best', 'investasi', 'data']",bennix the best investasi data
dani dani,@정직한씨,0,Netral,dani dani,dani dani,"['dani', 'dani']","['dani', 'dani']",dan dan
Media TEMPEK jangan di percaya 😅,@wasyuanwasyuanto3172,0,Netral,Media TEMPEK jangan di percaya,media tempek jangan di percaya,"['media', 'tempek', 'jangan', 'di', 'percaya']","['media', 'tempek', 'jangan', 'percaya']",media tempek jangan percaya
"Mantap.
Menurut sy bursa saham merupakan salah satu instrument demokrasi mudah sekali org yg punya dana besar mempermain negara tujuan nya.
Maaf itu menurut sy.
Ke dua, coba dibahas tentang pasal 50A UU P2SK yg di sah kan 4 Juni 2026.
Katanya pencucian uang yg diresmikan oleh UU. 
Terima kasih sebelum nya bro Bennix.
Semakin sukses ya. 
Amin.
Apa benar bro Bennix?",@masnawisapar3145,0,Positif,Mantap Menurut sy bursa saham merupakan salah satu instrument demokrasi mudah sekali org yg punya dana besar mempermain negara tujuan nya Maaf itu menurut sy Ke dua coba dibahas tentang pasal A UU PSK yg di sah kan Juni Katanya pencucian uang yg diresmikan oleh UU Terima kasih sebelum nya bro Bennix Semakin sukses ya Amin Apa benar bro Bennix,mantap menurut sy bursa saham merupakan salah satu instrument demokrasi mudah sekali org yg punya dana besar mempermain negara tujuan nya maaf itu menurut sy ke dua coba dibahas tentang pasal a uu psk yg di sah kan juni katanya pencucian uang yg diresmikan oleh uu terima kasih sebelum nya bro bennix semakin sukses ya amin apa benar bro bennix,"['mantap', 'menurut', 'sy', 'bursa', 'saham', 'merupakan', 'salah', 'satu', 'instrument', 'demokrasi', 'mudah', 'sekali', 'org', 'yg', 'punya', 'dana', 'besar', 'mempermain', 'negara', 'tujuan', 'nya', 'maaf', 'itu', 'menurut', 'sy', 'ke', 'dua', 'coba', 'dibahas', 'tentang', 'pasal', 'a', 'uu', 'psk', 'yg', 'di', 'sah', 'kan', 'juni', 'katanya', 'pencucian', 'uang', 'yg', 'diresmikan', 'oleh', 'uu', 'terima', 'kasih', 'sebelum', 'nya', 'bro', 'bennix', 'semakin', 'sukses', 'ya', 'amin', 'apa', 'benar', 'bro', 'bennix']","['mantap', 'menurut', 'sy', 'bursa', 'saham', 'merupakan', 'salah', 'satu', 'instrument', 'demokrasi', 'mudah', 'sekali', 'org', 'yg', 'punya', 'dana', 'besar', 'mempermain', 'negara', 'tujuan', 'nya', 'maaf', 'menurut', 'sy', 'dua', 'coba', 'dibahas', 'tentang', 'pasal', 'a', 'uu', 'psk', 'yg', 'sah', 'kan', 'juni', 'katanya', 'pencucian', 'uang', 'yg', 'diresmikan', 'oleh', 'uu', 'terima', 'kasih', 'sebelum', 'nya', 'bro', 'bennix', 'semakin', 'sukses', 'ya', 'amin', 'apa', 'benar', 'bro', 'bennix']",mantap turut sy bursa saham rupa salah satu instrument demokrasi mudah sekali org yg punya dana besar main negara tuju nya maaf turut sy dua coba bahas tentang pasal a uu psk yg sah kan juni kata cuci uang yg resmi oleh uu terima kasih belum nya bro bennix makin sukses ya amin apa benar bro bennix
Lha itu kan perang narasi.... perang hoax.... perang kekacauan....,@cpadmaa3padmanaba,0,Netral,Lha itu kan perang narasi perang hoax perang kekacauan,lha itu kan perang narasi perang hoax perang kekacauan,"['lha', 'itu', 'kan', 'perang', 'narasi', 'perang', 'hoax', 'perang', 'kekacauan']","['lha', 'kan', 'perang', 'narasi', 'perang', 'hoax', 'perang', 'kekacauan']",lha kan perang narasi perang hoax perang kacau
"Bang Benix, Portofolionya Merah atau Hijau ya? 😊",@awilas-jj2je,0,Netral,Bang Benix Portofolionya Merah atau Hijau ya,bang benix portofolionya merah atau hijau ya,"['bang', 'benix', 'portofolionya', 'merah', 'atau', 'hijau', 'ya']","['bang', 'benix', 'portofolionya', 'merah', 'hijau', 'ya']",bang benix portofolio merah hijau ya
Msci=occrp,@chozinudin5825,0,Netral,Mscioccrp,mscioccrp,['mscioccrp'],['mscioccrp'],mscioccrp
"sekurang2nya influencer itu,, membuka portofolionya yg minus, lu mana portofolio lu ben,,masa ijoooooooo",@yudhistirajo6899,0,Netral,sekurangnya influencer itu membuka portofolionya yg minus lu mana portofolio lu benmasa ijoooooooo,sekurangnya influencer itu membuka portofolionya yg minus lu mana portofolio lu benmasa ijoooooooo,"['sekurangnya', 'influencer', 'itu', 'membuka', 'portofolionya', 'yg', 'minus', 'lu', 'mana', 'portofolio', 'lu', 'benmasa', 'ijoooooooo']","['sekurangnya', 'influencer', 'membuka', 'portofolionya', 'yg', 'minus', 'lu', 'mana', 'portofolio', 'lu', 'benmasa', 'ijoooooooo']",kurang influencer buka portofolio yg minus lu mana portofolio lu benmasa ijoooooooo
"Bang mau tanya, si dadan babi, anjing, biadab ,tai itu termasuk antek soros bukan bang?",@gloryoigracelyn144,0,Netral,Bang mau tanya si dadan babi anjing biadab tai itu termasuk antek soros bukan bang,bang mau tanya si dadan babi anjing biadab tai itu termasuk antek soros bukan bang,"['bang', 'mau', 'tanya', 'si', 'dadan', 'babi', 'anjing', 'biadab', 'tai', 'itu', 'termasuk', 'antek', 'soros', 'bukan', 'bang']","['bang', 'mau', 'tanya', 'si', 'dadan', 'babi', 'anjing', 'biadab', 'tai', 'termasuk', 'antek', 'soros', 'bukan', 'bang']",bang mau tanya si dad babi anjing biadab tai masuk antek soros bukan bang
Hoax terjadi karena malas membaca laporan 77 halaman. Akahirnya yang memakan berita yang malam-malas itu,@maulcaem,0,Netral,Hoax terjadi karena malas membaca laporan halaman Akahirnya yang memakan berita yang malammalas itu,hoax terjadi karena malas membaca laporan halaman akahirnya yang memakan berita yang malammalas itu,"['hoax', 'terjadi', 'karena', 'malas', 'membaca', 'laporan', 'halaman', 'akahirnya', 'yang', 'memakan', 'berita', 'yang', 'malammalas', 'itu']","['hoax', 'terjadi', 'malas', 'membaca', 'laporan', 'halaman', 'akahirnya', 'memakan', 'berita', 'malammalas']",hoax jadi malas baca lapor halaman akahirnya makan berita malammalas
bang bennix apakah IHSG bisa rebound?,@masterkombak7834,0,Netral,bang bennix apakah IHSG bisa rebound,bang bennix apakah ihsg bisa rebound,"['bang', 'bennix', 'apakah', 'ihsg', 'bisa', 'rebound']","['bang', 'bennix', 'apakah', 'ihsg', 'bisa', 'rebound']",bang bennix apakah ihsg bisa rebound
hiburan nonton om bennix merepet ngomel2,@keyaysatoh1271,0,Netral,hiburan nonton om bennix merepet ngomel,hiburan nonton om bennix merepet ngomel,"['hiburan', 'nonton', 'om', 'bennix', 'merepet', 'ngomel']","['hiburan', 'nonton', 'om', 'bennix', 'merepet', 'ngomel']",hibur nonton om bennix repet ngomel
🤣👍,@hakeemdj368,0,Netral,,,[],[],
Penjilat yahudi,@bryan-h9p2y,0,Netral,Penjilat yahudi,penjilat yahudi,"['penjilat', 'yahudi']","['penjilat', 'yahudi']",jilat yahudi
Lo saja yg susah koar koar😂😂😂😂😂,@MawarBiru-q9i7q,1,Netral,Lo saja yg susah koar koar,lo saja yg susah koar koar,"['lo', 'saja', 'yg', 'susah', 'koar', 'koar']","['lo', 'saja', 'yg', 'susah', 'koar', 'koar']",lo saja yg susah koar koar
"Bahaya sekali propaganda netizen,profesor,media tolol..demo bayaran...ingin indonesia gelap",@isharyadi4307,0,Netral,Bahaya sekali propaganda netizenprofesormedia tololdemo bayaraningin indonesia gelap,bahaya sekali propaganda netizenprofesormedia tololdemo bayaraningin indonesia gelap,"['bahaya', 'sekali', 'propaganda', 'netizenprofesormedia', 'tololdemo', 'bayaraningin', 'indonesia', 'gelap']","['bahaya', 'sekali', 'propaganda', 'netizenprofesormedia', 'tololdemo', 'bayaraningin', 'indonesia', 'gelap']",bahaya sekali propaganda netizenprofesormedia tololdemo bayaraningin indonesia gelap
dimedsos banyak hoax buzer2 yg gak suka pemerintah....,@rhmt7314,9,Netral,dimedsos banyak hoax buzer yg gak suka pemerintah,dimedsos banyak hoax buzer yg gak suka pemerintah,"['dimedsos', 'banyak', 'hoax', 'buzer', 'yg', 'gak', 'suka', 'pemerintah']","['dimedsos', 'banyak', 'hoax', 'buzer', 'yg', 'gak', 'suka', 'pemerintah']",dimedsos banyak hoax buzer yg gak suka perintah
Gmn ada keterbukaan? RUPS online aja dihalang halangi masuk,@neneklampir6664,0,Netral,Gmn ada keterbukaan RUPS online aja dihalang halangi masuk,gmn ada keterbukaan rups online aja dihalang halangi masuk,"['gmn', 'ada', 'keterbukaan', 'rups', 'online', 'aja', 'dihalang', 'halangi', 'masuk']","['gmn', 'ada', 'keterbukaan', 'rups', 'online', 'aja', 'dihalang', 'halangi', 'masuk']",gmn ada buka rups online aja halang halang masuk
IHSG mulai ngaca yuk...,@slametahmad5767,0,Netral,IHSG mulai ngaca yuk,ihsg mulai ngaca yuk,"['ihsg', 'mulai', 'ngaca', 'yuk']","['ihsg', 'mulai', 'ngaca', 'yuk']",ihsg mulai ngaca yuk
Keep cerahkan para umat ini bang... Banyak yg terhipnotis para anjing2 Soros nih..,@ranggareviella5999,0,Netral,Keep cerahkan para umat ini bang Banyak yg terhipnotis para anjing Soros nih,keep cerahkan para umat ini bang banyak yg terhipnotis para anjing soros nih,"['keep', 'cerahkan', 'para', 'umat', 'ini', 'bang', 'banyak', 'yg', 'terhipnotis', 'para', 'anjing', 'soros', 'nih']","['keep', 'cerahkan', 'para', 'umat', 'bang', 'banyak', 'yg', 'terhipnotis', 'para', 'anjing', 'soros', 'nih']",keep cerah para umat bang banyak yg hipnotis para anjing soros nih
Musuh Negara di Gerakan oleh Negara Singapura Malaysia Australia yang takut Indonesia berdaulat,@KaryaDarmus,29,Netral,Musuh Negara di Gerakan oleh Negara Singapura Malaysia Australia yang takut Indonesia berdaulat,musuh negara di gerakan oleh negara singapura malaysia australia yang takut indonesia berdaulat,"['musuh', 'negara', 'di', 'gerakan', 'oleh', 'negara', 'singapura', 'malaysia', 'australia', 'yang', 'takut', 'indonesia', 'berdaulat']","['musuh', 'negara', 'gerakan', 'oleh', 'negara', 'singapura', 'malaysia', 'australia', 'takut', 'indonesia', 'berdaulat']",musuh negara gera oleh negara singapura malaysia australia takut indonesia daulat
"Semoga Bang Bennix ttp diluar kekuasaan. Biar tdk dituduh bajer.
Klo sdh msk kekuasaan pesan yg disampaikan jd gk sampe susah ditrm org awam.",@zigorpachulskov552,0,Netral,Semoga Bang Bennix ttp diluar kekuasaan Biar tdk dituduh bajer Klo sdh msk kekuasaan pesan yg disampaikan jd gk sampe susah ditrm org awam,semoga bang bennix ttp diluar kekuasaan biar tdk dituduh bajer klo sdh msk kekuasaan pesan yg disampaikan jd gk sampe susah ditrm org awam,"['semoga', 'bang', 'bennix', 'ttp', 'diluar', 'kekuasaan', 'biar', 'tdk', 'dituduh', 'bajer', 'klo', 'sdh', 'msk', 'kekuasaan', 'pesan', 'yg', 'disampaikan', 'jd', 'gk', 'sampe', 'susah', 'ditrm', 'org', 'awam']","['semoga', 'bang', 'bennix', 'ttp', 'diluar', 'kekuasaan', 'biar', 'tdk', 'dituduh', 'bajer', 'klo', 'sdh', 'msk', 'kekuasaan', 'pesan', 'yg', 'disampaikan', 'jd', 'gk', 'sampe', 'susah', 'ditrm', 'org', 'awam']",moga bang bennix ttp luar kuasa biar tdk tuduh bajer klo sdh msk kuasa pesan yg sampai jd gk sampe susah ditrm org awam
"BG benix, coba buat konten si Tiyo atau si bodoh yg malang",@AkunOppo-n8j,0,Netral,BG benix coba buat konten si Tiyo atau si bodoh yg malang,bg benix coba buat konten si tiyo atau si bodoh yg malang,"['bg', 'benix', 'coba', 'buat', 'konten', 'si', 'tiyo', 'atau', 'si', 'bodoh', 'yg', 'malang']","['bg', 'benix', 'coba', 'buat', 'konten', 'si', 'tiyo', 'si', 'bodoh', 'yg', 'malang']",bg benix coba buat konten si tiyo si bodoh yg malang
"Entah kenapa, Pak Ben cocok jadi Direktur Perdagangan & Pengaturan Anggota Bursa (BEI) ketimbang Walikota.",@ervyloam5603,1,Netral,Entah kenapa Pak Ben cocok jadi Direktur Perdagangan Pengaturan Anggota Bursa BEI ketimbang Walikota,entah kenapa pak ben cocok jadi direktur perdagangan pengaturan anggota bursa bei ketimbang walikota,"['entah', 'kenapa', 'pak', 'ben', 'cocok', 'jadi', 'direktur', 'perdagangan', 'pengaturan', 'anggota', 'bursa', 'bei', 'ketimbang', 'walikota']","['entah', 'kenapa', 'pak', 'ben', 'cocok', 'jadi', 'direktur', 'perdagangan', 'pengaturan', 'anggota', 'bursa', 'bei', 'ketimbang', 'walikota']",entah kenapa pak ben cocok jadi direktur dagang atur anggota bursa bei ketimbang walikota
BACOD SANGKUTER GOTO,@PamanStalin,0,Netral,BACOD SANGKUTER GOTO,bacod sangkuter goto,"['bacod', 'sangkuter', 'goto']","['bacod', 'sangkuter', 'goto']",bacod sangkuter goto
4:30 Quotes of the Year !!!. #Bennix,@cipoygaming,0,Netral,Quotes of the Year,quotes of the year,"['quotes', 'of', 'the', 'year']","['quotes', 'of', 'the', 'year']",quotes of the year
Sukses selalu bg Bennik.....,@Rasca-w3c,7,Positif,Sukses selalu bg Bennik,sukses selalu bg bennik,"['sukses', 'selalu', 'bg', 'bennik']","['sukses', 'selalu', 'bg', 'bennik']",sukses selalu bg bennik
Alhamdulillah prediksi para pengamat ekonomi independen menjadi kenyataan. Bennix sebagai buzzer rezim omon-omon semakin stres berat.,@SaijoRahmat,0,Netral,Alhamdulillah prediksi para pengamat ekonomi independen menjadi kenyataan Bennix sebagai buzzer rezim omonomon semakin stres berat,alhamdulillah prediksi para pengamat ekonomi independen menjadi kenyataan bennix sebagai buzzer rezim omonomon semakin stres berat,"['alhamdulillah', 'prediksi', 'para', 'pengamat', 'ekonomi', 'independen', 'menjadi', 'kenyataan', 'bennix', 'sebagai', 'buzzer', 'rezim', 'omonomon', 'semakin', 'stres', 'berat']","['alhamdulillah', 'prediksi', 'para', 'pengamat', 'ekonomi', 'independen', 'menjadi', 'kenyataan', 'bennix', 'sebagai', 'buzzer', 'rezim', 'omonomon', 'semakin', 'stres', 'berat']",alhamdulillah prediksi para amat ekonomi independen jadi nyata bennix bagai buzzer rezim omonomon makin stres berat
kita kalah sama malaysia & China,@JoTimothyZiv,0,Netral,kita kalah sama malaysia China,kita kalah sama malaysia china,"['kita', 'kalah', 'sama', 'malaysia', 'china']","['kalah', 'sama', 'malaysia', 'china']",kalah sama malaysia china
"Kenapa? 
K A R E N A    D I B I A R K A N ! ! !",@adralia23,1,Netral,Kenapa K A R E N A D I B I A R K A N,kenapa k a r e n a d i b i a r k a n,"['kenapa', 'k', 'a', 'r', 'e', 'n', 'a', 'd', 'i', 'b', 'i', 'a', 'r', 'k', 'a', 'n']","['kenapa', 'k', 'a', 'r', 'e', 'n', 'a', 'd', 'i', 'b', 'i', 'a', 'r', 'k', 'a', 'n']",kenapa k a r e n a d i b i a r k a n
Udah boleh beli blum bwang?🐒,@johan109,0,Netral,Udah boleh beli blum bwang,udah boleh beli blum bwang,"['udah', 'boleh', 'beli', 'blum', 'bwang']","['udah', 'boleh', 'beli', 'blum', 'bwang']",udah boleh beli blum bwang
JAYALAH INDONESIA 🇮🇩🔥,@akuberlian,52,Netral,JAYALAH INDONESIA,jayalah indonesia,"['jayalah', 'indonesia']","['jayalah', 'indonesia']",jaya indonesia
Ini negara binatang nggak heranlah,@AndiLanting,0,Netral,Ini negara binatang nggak heranlah,ini negara binatang nggak heranlah,"['ini', 'negara', 'binatang', 'nggak', 'heranlah']","['negara', 'binatang', 'nggak', 'heranlah']",negara binatang nggak heran
Pokokny rumusny adalah smakin bnyk yg BERISIK artinya pemerintah sdg di jalan yg benar.,@dianardi6574,0,Netral,Pokokny rumusny adalah smakin bnyk yg BERISIK artinya pemerintah sdg di jalan yg benar,pokokny rumusny adalah smakin bnyk yg berisik artinya pemerintah sdg di jalan yg benar,"['pokokny', 'rumusny', 'adalah', 'smakin', 'bnyk', 'yg', 'berisik', 'artinya', 'pemerintah', 'sdg', 'di', 'jalan', 'yg', 'benar']","['pokokny', 'rumusny', 'smakin', 'bnyk', 'yg', 'berisik', 'artinya', 'pemerintah', 'sdg', 'jalan', 'yg', 'benar']",pokokny rumusny smakin bnyk yg berisik arti perintah sdg jalan yg benar
"NAH GITU BPK BENIX..HARUS DI JELASKAN SECARA DETAIL
PENCERAHAN NYA SANGAT BGS..JADI MEREKA MENGERTI
MANA YG BENAR DAN TIDAK",@DewandaSyahputra,1,Netral,NAH GITU BPK BENIXHARUS DI JELASKAN SECARA DETAIL PENCERAHAN NYA SANGAT BGSJADI MEREKA MENGERTI MANA YG BENAR DAN TIDAK,nah gitu bpk benixharus di jelaskan secara detail pencerahan nya sangat bgsjadi mereka mengerti mana yg benar dan tidak,"['nah', 'gitu', 'bpk', 'benixharus', 'di', 'jelaskan', 'secara', 'detail', 'pencerahan', 'nya', 'sangat', 'bgsjadi', 'mereka', 'mengerti', 'mana', 'yg', 'benar', 'dan', 'tidak']","['nah', 'gitu', 'bpk', 'benixharus', 'jelaskan', 'secara', 'detail', 'pencerahan', 'nya', 'sangat', 'bgsjadi', 'mereka', 'mengerti', 'mana', 'yg', 'benar', 'tidak']",nah gitu bpk benixharus jelas cara detail cerah nya sangat bgsjadi mereka erti mana yg benar tidak
Biasa. Barisan sakit hati bro.,@ThePalmbank,0,Netral,Biasa Barisan sakit hati bro,biasa barisan sakit hati bro,"['biasa', 'barisan', 'sakit', 'hati', 'bro']","['biasa', 'barisan', 'sakit', 'hati', 'bro']",biasa baris sakit hati bro
"Hampir semua media2 di negara kita kontra dg pemerintah,menurut ku channel ini dan channel nya prof Gema bagus,karena di samping mengkritik pemrintah,tapi juga memberi saran ke pemerintah,dan juga memberi idukasi ke masyarakat,nggak kayak yg lain hanya nyiyir dan menakuti rakyat sj",@EraEra-qz2be,0,Positif,Hampir semua media di negara kita kontra dg pemerintahmenurut ku channel ini dan channel nya prof Gema baguskarena di samping mengkritik pemrintahtapi juga memberi saran ke pemerintahdan juga memberi idukasi ke masyarakatnggak kayak yg lain hanya nyiyir dan menakuti rakyat sj,hampir semua media di negara kita kontra dg pemerintahmenurut ku channel ini dan channel nya prof gema baguskarena di samping mengkritik pemrintahtapi juga memberi saran ke pemerintahdan juga memberi idukasi ke masyarakatnggak kayak yg lain hanya nyiyir dan menakuti rakyat sj,"['hampir', 'semua', 'media', 'di', 'negara', 'kita', 'kontra', 'dg', 'pemerintahmenurut', 'ku', 'channel', 'ini', 'dan', 'channel', 'nya', 'prof', 'gema', 'baguskarena', 'di', 'samping', 'mengkritik', 'pemrintahtapi', 'juga', 'memberi', 'saran', 'ke', 'pemerintahdan', 'juga', 'memberi', 'idukasi', 'ke', 'masyarakatnggak', 'kayak', 'yg', 'lain', 'hanya', 'nyiyir', 'dan', 'menakuti', 'rakyat', 'sj']","['hampir', 'semua', 'media', 'negara', 'kontra', 'dg', 'pemerintahmenurut', 'ku', 'channel', 'channel', 'nya', 'prof', 'gema', 'baguskarena', 'samping', 'mengkritik', 'pemrintahtapi', 'memberi', 'saran', 'pemerintahdan', 'memberi', 'idukasi', 'masyarakatnggak', 'kayak', 'yg', 'lain', 'hanya', 'nyiyir', 'menakuti', 'rakyat', 'sj']",hampir semua media negara kontra dg pemerintahmenurut ku channel channel nya prof gema baguskarena samping kritik pemrintahtapi beri saran pemerintahdan beri idukasi masyarakatnggak kayak yg lain hanya nyiyir takut rakyat sj
si Refly harun 😂,@paperplastikguy8728,0,Netral,si Refly harun,si refly harun,"['si', 'refly', 'harun']","['si', 'refly', 'harun']",si refly harun
Krna sudah ada jadwalnya,@permen-gpp,0,Netral,Krna sudah ada jadwalnya,krna sudah ada jadwalnya,"['krna', 'sudah', 'ada', 'jadwalnya']","['krna', 'sudah', 'ada', 'jadwalnya']",krna sudah ada jadwal
Hukum di negeri ini yg bobrok kok nyalahin negara lain 😂😂,@ahmadmudawwam4659,2,Netral,Hukum di negeri ini yg bobrok kok nyalahin negara lain,hukum di negeri ini yg bobrok kok nyalahin negara lain,"['hukum', 'di', 'negeri', 'ini', 'yg', 'bobrok', 'kok', 'nyalahin', 'negara', 'lain']","['hukum', 'negeri', 'yg', 'bobrok', 'kok', 'nyalahin', 'negara', 'lain']",hukum negeri yg bobrok kok nyalahin negara lain
"Negara lain fokus majukan negara, kita asyik nyalahin negara lain",@Abe_Die,1,Netral,Negara lain fokus majukan negara kita asyik nyalahin negara lain,negara lain fokus majukan negara kita asyik nyalahin negara lain,"['negara', 'lain', 'fokus', 'majukan', 'negara', 'kita', 'asyik', 'nyalahin', 'negara', 'lain']","['negara', 'lain', 'fokus', 'majukan', 'negara', 'asyik', 'nyalahin', 'negara', 'lain']",negara lain fokus maju negara asyik nyalahin negara lain
"Lo yg bobrok otak nya..😡
Bukan nya ikut membela negara lo lgi di acak2, malah menyalahkan.. 
Dasar penghianat bangsa.. 😡😡😡",@DedyGhaza,0,Netral,Lo yg bobrok otak nya Bukan nya ikut membela negara lo lgi di acak malah menyalahkan Dasar penghianat bangsa,lo yg bobrok otak nya bukan nya ikut membela negara lo lgi di acak malah menyalahkan dasar penghianat bangsa,"['lo', 'yg', 'bobrok', 'otak', 'nya', 'bukan', 'nya', 'ikut', 'membela', 'negara', 'lo', 'lgi', 'di', 'acak', 'malah', 'menyalahkan', 'dasar', 'penghianat', 'bangsa']","['lo', 'yg', 'bobrok', 'otak', 'nya', 'bukan', 'nya', 'ikut', 'membela', 'negara', 'lo', 'lgi', 'acak', 'malah', 'menyalahkan', 'dasar', 'penghianat', 'bangsa']",lo yg bobrok otak nya bukan nya ikut bela negara lo lgi acak malah salah dasar penghianat bangsa
Perusahaan2 jepang bakal kabur ke Vietnam.. PHK besar besaran bakal berlaku😂😂😂.. SELL INDONESIA..Inilah akibatnya sentiasa menyalahkan negara luar tp bangsa sendiri gagal mentadbir negara..solusinya cuma nyinyir tetangga.. Nye nye nye nyeee😂😂,@andrewtak8241,0,Negatif,Perusahaan jepang bakal kabur ke Vietnam PHK besar besaran bakal berlaku SELL INDONESIAInilah akibatnya sentiasa menyalahkan negara luar tp bangsa sendiri gagal mentadbir negarasolusinya cuma nyinyir tetangga Nye nye nye nyeee,perusahaan jepang bakal kabur ke vietnam phk besar besaran bakal berlaku sell indonesiainilah akibatnya sentiasa menyalahkan negara luar tp bangsa sendiri gagal mentadbir negarasolusinya cuma nyinyir tetangga nye nye nye nyeee,"['perusahaan', 'jepang', 'bakal', 'kabur', 'ke', 'vietnam', 'phk', 'besar', 'besaran', 'bakal', 'berlaku', 'sell', 'indonesiainilah', 'akibatnya', 'sentiasa', 'menyalahkan', 'negara', 'luar', 'tp', 'bangsa', 'sendiri', 'gagal', 'mentadbir', 'negarasolusinya', 'cuma', 'nyinyir', 'tetangga', 'nye', 'nye', 'nye', 'nyeee']","['perusahaan', 'jepang', 'bakal', 'kabur', 'vietnam', 'phk', 'besar', 'besaran', 'bakal', 'berlaku', 'sell', 'indonesiainilah', 'akibatnya', 'sentiasa', 'menyalahkan', 'negara', 'luar', 'tp', 'bangsa', 'sendiri', 'gagal', 'mentadbir', 'negarasolusinya', 'cuma', 'nyinyir', 'tetangga', 'nye', 'nye', 'nye', 'nyeee']",usaha jepang bakal kabur vietnam phk besar besar bakal laku sell indonesiainilah akibat sentiasa salah negara luar tp bangsa sendiri gagal tadbir negarasolusinya cuma nyinyir tetangga nye nye nye nyeee
"Yup, Pernah dibahas sama Prof. Jiang Xueqin",@alparslankhaan1071,3,Netral,Yup Pernah dibahas sama Prof Jiang Xueqin,yup pernah dibahas sama prof jiang xueqin,"['yup', 'pernah', 'dibahas', 'sama', 'prof', 'jiang', 'xueqin']","['yup', 'pernah', 'dibahas', 'sama', 'prof', 'jiang', 'xueqin']",yup pernah bahas sama prof jiang xueqin
Biar pada jual mereka nampung,@MctyLylya,1,Netral,Biar pada jual mereka nampung,biar pada jual mereka nampung,"['biar', 'pada', 'jual', 'mereka', 'nampung']","['biar', 'jual', 'mereka', 'nampung']",biar jual mereka nampung
"Aku seneng gaya bang benix, selalu kampanye george soros...george soros.. antek soros..
Satu rangkaian dgn antek anjing2 peliharan soros...😂, jd bang benix meringankan beban negara untuk kontra intelegent lewat suara bang benix... lanjut terus bang semoga yg kuasa selalu melindunggi bang benix dan keluarga.",@slametahmad5767,0,Netral,Aku seneng gaya bang benix selalu kampanye george sorosgeorge soros antek soros Satu rangkaian dgn antek anjing peliharan soros jd bang benix meringankan beban negara untuk kontra intelegent lewat suara bang benix lanjut terus bang semoga yg kuasa selalu melindunggi bang benix dan keluarga,aku seneng gaya bang benix selalu kampanye george sorosgeorge soros antek soros satu rangkaian dgn antek anjing peliharan soros jd bang benix meringankan beban negara untuk kontra intelegent lewat suara bang benix lanjut terus bang semoga yg kuasa selalu melindunggi bang benix dan keluarga,"['aku', 'seneng', 'gaya', 'bang', 'benix', 'selalu', 'kampanye', 'george', 'sorosgeorge', 'soros', 'antek', 'soros', 'satu', 'rangkaian', 'dgn', 'antek', 'anjing', 'peliharan', 'soros', 'jd', 'bang', 'benix', 'meringankan', 'beban', 'negara', 'untuk', 'kontra', 'intelegent', 'lewat', 'suara', 'bang', 'benix', 'lanjut', 'terus', 'bang', 'semoga', 'yg', 'kuasa', 'selalu', 'melindunggi', 'bang', 'benix', 'dan', 'keluarga']","['aku', 'seneng', 'gaya', 'bang', 'benix', 'selalu', 'kampanye', 'george', 'sorosgeorge', 'soros', 'antek', 'soros', 'satu', 'rangkaian', 'dgn', 'antek', 'anjing', 'peliharan', 'soros', 'jd', 'bang', 'benix', 'meringankan', 'beban', 'negara', 'kontra', 'intelegent', 'lewat', 'suara', 'bang', 'benix', 'lanjut', 'terus', 'bang', 'semoga', 'yg', 'kuasa', 'selalu', 'melindunggi', 'bang', 'benix', 'keluarga']",aku neng gaya bang benix selalu kampanye george sorosgeorge soros antek soros satu rangkai dgn antek anjing peliharan soros jd bang benix ringan beban negara kontra intelegent lewat suara bang benix lanjut terus bang moga yg kuasa selalu melindunggi bang benix keluarga
"Goto gocap, asing gak bisa kabur 😂... Market apa dibatasin ke harga gocap...
Belom lagi fca yang kek juday itu 😂",@gagigugegogu,0,Netral,Goto gocap asing gak bisa kabur Market apa dibatasin ke harga gocap Belom lagi fca yang kek juday itu,goto gocap asing gak bisa kabur market apa dibatasin ke harga gocap belom lagi fca yang kek juday itu,"['goto', 'gocap', 'asing', 'gak', 'bisa', 'kabur', 'market', 'apa', 'dibatasin', 'ke', 'harga', 'gocap', 'belom', 'lagi', 'fca', 'yang', 'kek', 'juday', 'itu']","['goto', 'gocap', 'asing', 'gak', 'bisa', 'kabur', 'market', 'apa', 'dibatasin', 'harga', 'gocap', 'belom', 'lagi', 'fca', 'kek', 'juday']",goto gocap asing gak bisa kabur market apa dibatasin harga gocap bom lagi fca kek juday
"Bang Benix buat lembaga retting dong, saya siap bantu risetnya.",@shirainfiryalqatrunnada1003,0,Netral,Bang Benix buat lembaga retting dong saya siap bantu risetnya,bang benix buat lembaga retting dong saya siap bantu risetnya,"['bang', 'benix', 'buat', 'lembaga', 'retting', 'dong', 'saya', 'siap', 'bantu', 'risetnya']","['bang', 'benix', 'buat', 'lembaga', 'retting', 'dong', 'siap', 'bantu', 'risetnya']",bang benix buat lembaga retting dong siap bantu riset
Pokokny rumusny adalah smakin bnyk yg BERISIK artinya pemerintah sdg di jalan yg benar.,@dianardi6574,0,Netral,Pokokny rumusny adalah smakin bnyk yg BERISIK artinya pemerintah sdg di jalan yg benar,pokokny rumusny adalah smakin bnyk yg berisik artinya pemerintah sdg di jalan yg benar,"['pokokny', 'rumusny', 'adalah', 'smakin', 'bnyk', 'yg', 'berisik', 'artinya', 'pemerintah', 'sdg', 'di', 'jalan', 'yg', 'benar']","['pokokny', 'rumusny', 'smakin', 'bnyk', 'yg', 'berisik', 'artinya', 'pemerintah', 'sdg', 'jalan', 'yg', 'benar']",pokokny rumusny smakin bnyk yg berisik arti perintah sdg jalan yg benar
"setahuku loh ya Indonesia itu yang paling transparan !! 😌
yang tidak transparan itu negara yang desh bedesh itu loh !! data-data pemain sepak bola aja di palsu !! apalagi data-data keuangan mereka !! baik-baik saja padahal bangkrut !! 😌",@brianrizky619,28,Positif,setahuku loh ya Indonesia itu yang paling transparan yang tidak transparan itu negara yang desh bedesh itu loh datadata pemain sepak bola aja di palsu apalagi datadata keuangan mereka baikbaik saja padahal bangkrut,setahuku loh ya indonesia itu yang paling transparan yang tidak transparan itu negara yang desh bedesh itu loh datadata pemain sepak bola aja di palsu apalagi datadata keuangan mereka baikbaik saja padahal bangkrut,"['setahuku', 'loh', 'ya', 'indonesia', 'itu', 'yang', 'paling', 'transparan', 'yang', 'tidak', 'transparan', 'itu', 'negara', 'yang', 'desh', 'bedesh', 'itu', 'loh', 'datadata', 'pemain', 'sepak', 'bola', 'aja', 'di', 'palsu', 'apalagi', 'datadata', 'keuangan', 'mereka', 'baikbaik', 'saja', 'padahal', 'bangkrut']","['setahuku', 'loh', 'ya', 'indonesia', 'paling', 'transparan', 'tidak', 'transparan', 'negara', 'desh', 'bedesh', 'loh', 'datadata', 'pemain', 'sepak', 'bola', 'aja', 'palsu', 'apalagi', 'datadata', 'keuangan', 'mereka', 'baikbaik', 'saja', 'padahal', 'bangkrut']",tahu loh ya indonesia paling transparan tidak transparan negara desh bedesh loh datadata main sepak bola aja palsu apalagi datadata uang mereka baikbaik saja padahal bangkrut
"Kalimat kuncinya
Mascl cari duit",@triyonogunan6703,0,Netral,Kalimat kuncinya Mascl cari duit,kalimat kuncinya mascl cari duit,"['kalimat', 'kuncinya', 'mascl', 'cari', 'duit']","['kalimat', 'kuncinya', 'mascl', 'cari', 'duit']",kalimat kunci mascl cari duit
Pokokny rumusny adalah smakin bnyk yg BERISIK artinya pemerintah sdg di jalan yg benar.,@dianardi6574,0,Netral,Pokokny rumusny adalah smakin bnyk yg BERISIK artinya pemerintah sdg di jalan yg benar,pokokny rumusny adalah smakin bnyk yg berisik artinya pemerintah sdg di jalan yg benar,"['pokokny', 'rumusny', 'adalah', 'smakin', 'bnyk', 'yg', 'berisik', 'artinya', 'pemerintah', 'sdg', 'di', 'jalan', 'yg', 'benar']","['pokokny', 'rumusny', 'smakin', 'bnyk', 'yg', 'berisik', 'artinya', 'pemerintah', 'sdg', 'jalan', 'yg', 'benar']",pokokny rumusny smakin bnyk yg berisik arti perintah sdg jalan yg benar
Ternyata Indonesia itu banyak rakyatnya George Soros... Kalau gitu jadikan George soros presiden RI & wakilnya Fufufafa... Tambah Indonesia kayak NERAKA JAHANAM.,@nanangturki4687,0,Netral,Ternyata Indonesia itu banyak rakyatnya George Soros Kalau gitu jadikan George soros presiden RI wakilnya Fufufafa Tambah Indonesia kayak NERAKA JAHANAM,ternyata indonesia itu banyak rakyatnya george soros kalau gitu jadikan george soros presiden ri wakilnya fufufafa tambah indonesia kayak neraka jahanam,"['ternyata', 'indonesia', 'itu', 'banyak', 'rakyatnya', 'george', 'soros', 'kalau', 'gitu', 'jadikan', 'george', 'soros', 'presiden', 'ri', 'wakilnya', 'fufufafa', 'tambah', 'indonesia', 'kayak', 'neraka', 'jahanam']","['ternyata', 'indonesia', 'banyak', 'rakyatnya', 'george', 'soros', 'kalau', 'gitu', 'jadikan', 'george', 'soros', 'presiden', 'ri', 'wakilnya', 'fufufafa', 'tambah', 'indonesia', 'kayak', 'neraka', 'jahanam']",nyata indonesia banyak rakyat george soros kalau gitu jadi george soros presiden ri wakil fufufafa tambah indonesia kayak neraka jahanam
Demo mahasiswa yg bikin investor kabur kalian kah yg bikin Indonesia kacau,@faridafaisal2302,8,Netral,Demo mahasiswa yg bikin investor kabur kalian kah yg bikin Indonesia kacau,demo mahasiswa yg bikin investor kabur kalian kah yg bikin indonesia kacau,"['demo', 'mahasiswa', 'yg', 'bikin', 'investor', 'kabur', 'kalian', 'kah', 'yg', 'bikin', 'indonesia', 'kacau']","['demo', 'mahasiswa', 'yg', 'bikin', 'investor', 'kabur', 'kalian', 'kah', 'yg', 'bikin', 'indonesia', 'kacau']",demo mahasiswa yg bikin investor kabur kalian kah yg bikin indonesia kacau
The best om benix,@reysandi4314,7,Netral,The best om benix,the best om benix,"['the', 'best', 'om', 'benix']","['the', 'best', 'om', 'benix']",the best om benix
"""False flag"" dari singapura????",@HabibFahrullah,0,Netral,False flag dari singapura,false flag dari singapura,"['false', 'flag', 'dari', 'singapura']","['false', 'flag', 'singapura']",false flag singapura
Nambah gemuk aja ben,@RiyadiYadi-li3gm,0,Netral,Nambah gemuk aja ben,nambah gemuk aja ben,"['nambah', 'gemuk', 'aja', 'ben']","['nambah', 'gemuk', 'aja', 'ben']",nambah gemuk aja ben
Buy Indonesia!!!,@dhiraqia20,2,Netral,Buy Indonesia,buy indonesia,"['buy', 'indonesia']","['buy', 'indonesia']",buy indonesia
Kesempatan masuk,@ferdiIbote,1,Netral,Kesempatan masuk,kesempatan masuk,"['kesempatan', 'masuk']","['kesempatan', 'masuk']",sempat masuk
Tapi negara nya korea lebih Muju bang. Kenapa itu.,@KhanzaCell-q8k,0,Netral,Tapi negara nya korea lebih Muju bang Kenapa itu,tapi negara nya korea lebih muju bang kenapa itu,"['tapi', 'negara', 'nya', 'korea', 'lebih', 'muju', 'bang', 'kenapa', 'itu']","['tapi', 'negara', 'nya', 'korea', 'lebih', 'muju', 'bang', 'kenapa']",tapi negara nya korea lebih muju bang kenapa
"Betul kata bang Bennix kita jangan mudah dihancurkan sama media2 yg di luar sana 

Oleh karena itu saya sangat suka dengan channel seperti ini",@lndonesia-o2p,2,Netral,Betul kata bang Bennix kita jangan mudah dihancurkan sama media yg di luar sana Oleh karena itu saya sangat suka dengan channel seperti ini,betul kata bang bennix kita jangan mudah dihancurkan sama media yg di luar sana oleh karena itu saya sangat suka dengan channel seperti ini,"['betul', 'kata', 'bang', 'bennix', 'kita', 'jangan', 'mudah', 'dihancurkan', 'sama', 'media', 'yg', 'di', 'luar', 'sana', 'oleh', 'karena', 'itu', 'saya', 'sangat', 'suka', 'dengan', 'channel', 'seperti', 'ini']","['betul', 'kata', 'bang', 'bennix', 'jangan', 'mudah', 'dihancurkan', 'sama', 'media', 'yg', 'luar', 'sana', 'oleh', 'sangat', 'suka', 'channel', 'seperti']",betul kata bang bennix jangan mudah hancur sama media yg luar sana oleh sangat suka channel seperti
kita punya sgalanya tapi takut diembargo,@WAR_TAN777,0,Netral,kita punya sgalanya tapi takut diembargo,kita punya sgalanya tapi takut diembargo,"['kita', 'punya', 'sgalanya', 'tapi', 'takut', 'diembargo']","['punya', 'sgalanya', 'tapi', 'takut', 'diembargo']",punya sgalanya tapi takut embargo
Pokokny rumusny adalah smakin bnyk yg BERISIK artinya pemerintah sdg di jalan yg benar.,@dianardi6574,2,Netral,Pokokny rumusny adalah smakin bnyk yg BERISIK artinya pemerintah sdg di jalan yg benar,pokokny rumusny adalah smakin bnyk yg berisik artinya pemerintah sdg di jalan yg benar,"['pokokny', 'rumusny', 'adalah', 'smakin', 'bnyk', 'yg', 'berisik', 'artinya', 'pemerintah', 'sdg', 'di', 'jalan', 'yg', 'benar']","['pokokny', 'rumusny', 'smakin', 'bnyk', 'yg', 'berisik', 'artinya', 'pemerintah', 'sdg', 'jalan', 'yg', 'benar']",pokokny rumusny smakin bnyk yg berisik arti perintah sdg jalan yg benar
"BANYAKANYA PENJILAT DAN PENGHIANAT NEGARA.
JADI SENANG KALAU INDONESIA ANCUR",@antareja6367,0,Positif,BANYAKANYA PENJILAT DAN PENGHIANAT NEGARA JADI SENANG KALAU INDONESIA ANCUR,banyakanya penjilat dan penghianat negara jadi senang kalau indonesia ancur,"['banyakanya', 'penjilat', 'dan', 'penghianat', 'negara', 'jadi', 'senang', 'kalau', 'indonesia', 'ancur']","['banyakanya', 'penjilat', 'penghianat', 'negara', 'jadi', 'senang', 'kalau', 'indonesia', 'ancur']",banyakanya jilat penghianat negara jadi senang kalau indonesia ancur
"Bner, ganyang melayu, koar2 mau merdeka join malaydesh",@Nvernrmal,0,Netral,Bner ganyang melayu koar mau merdeka join malaydesh,bner ganyang melayu koar mau merdeka join malaydesh,"['bner', 'ganyang', 'melayu', 'koar', 'mau', 'merdeka', 'join', 'malaydesh']","['bner', 'ganyang', 'melayu', 'koar', 'mau', 'merdeka', 'join', 'malaydesh']",bner ganyang melayu koar mau merdeka join malaydesh
Indonesia PURA PURA TRANSPARAN kaya PINJOL 🤣😂🤣😂🤣.,@ridhoabud9216,0,Netral,Indonesia PURA PURA TRANSPARAN kaya PINJOL,indonesia pura pura transparan kaya pinjol,"['indonesia', 'pura', 'pura', 'transparan', 'kaya', 'pinjol']","['indonesia', 'pura', 'pura', 'transparan', 'kaya', 'pinjol']",indonesia pura pura transparan kaya pinjol
"Karena saking terbukanya, strategi ekonomi indonesia jadi mudah dibaca antek antek asing.
Dan seharusnya jangan terlalu terbuka.
Perusahaan manapun begitu karena itu adalah rahasia demi kestabilan suatu perusahaan.",@TupankSweet,0,Netral,Karena saking terbukanya strategi ekonomi indonesia jadi mudah dibaca antek antek asing Dan seharusnya jangan terlalu terbuka Perusahaan manapun begitu karena itu adalah rahasia demi kestabilan suatu perusahaan,karena saking terbukanya strategi ekonomi indonesia jadi mudah dibaca antek antek asing dan seharusnya jangan terlalu terbuka perusahaan manapun begitu karena itu adalah rahasia demi kestabilan suatu perusahaan,"['karena', 'saking', 'terbukanya', 'strategi', 'ekonomi', 'indonesia', 'jadi', 'mudah', 'dibaca', 'antek', 'antek', 'asing', 'dan', 'seharusnya', 'jangan', 'terlalu', 'terbuka', 'perusahaan', 'manapun', 'begitu', 'karena', 'itu', 'adalah', 'rahasia', 'demi', 'kestabilan', 'suatu', 'perusahaan']","['saking', 'terbukanya', 'strategi', 'ekonomi', 'indonesia', 'jadi', 'mudah', 'dibaca', 'antek', 'antek', 'asing', 'seharusnya', 'jangan', 'terlalu', 'terbuka', 'perusahaan', 'manapun', 'begitu', 'rahasia', 'demi', 'kestabilan', 'suatu', 'perusahaan']",saking buka strategi ekonomi indonesia jadi mudah baca antek antek asing harus jangan terlalu buka usaha mana begitu rahasia demi stabil suatu usaha
​ @TupankSweet ya gak masalah namanya juga keterbukaan !! gak seperti desh bedesh itu loh!!,@brianrizky619,0,Negatif,ya gak masalah namanya juga keterbukaan gak seperti desh bedesh itu loh,ya gak masalah namanya juga keterbukaan gak seperti desh bedesh itu loh,"['ya', 'gak', 'masalah', 'namanya', 'juga', 'keterbukaan', 'gak', 'seperti', 'desh', 'bedesh', 'itu', 'loh']","['ya', 'gak', 'masalah', 'namanya', 'keterbukaan', 'gak', 'seperti', 'desh', 'bedesh', 'loh']",ya gak masalah nama buka gak seperti desh bedesh loh
"Karena JD antek mamarika, sama kaya Singapura, jepan, Australia, perpanjangan tangan dari barat(mamarika CS) untuk membendung pengaruh Komunis.. Makanya di jadiin negara maju biar kuat..
Klw negara kita cuma di jadiin sapi perah oleh barat",@didisyah54,0,Netral,Karena JD antek mamarika sama kaya Singapura jepan Australia perpanjangan tangan dari baratmamarika CS untuk membendung pengaruh Komunis Makanya di jadiin negara maju biar kuat Klw negara kita cuma di jadiin sapi perah oleh barat,karena jd antek mamarika sama kaya singapura jepan australia perpanjangan tangan dari baratmamarika cs untuk membendung pengaruh komunis makanya di jadiin negara maju biar kuat klw negara kita cuma di jadiin sapi perah oleh barat,"['karena', 'jd', 'antek', 'mamarika', 'sama', 'kaya', 'singapura', 'jepan', 'australia', 'perpanjangan', 'tangan', 'dari', 'baratmamarika', 'cs', 'untuk', 'membendung', 'pengaruh', 'komunis', 'makanya', 'di', 'jadiin', 'negara', 'maju', 'biar', 'kuat', 'klw', 'negara', 'kita', 'cuma', 'di', 'jadiin', 'sapi', 'perah', 'oleh', 'barat']","['jd', 'antek', 'mamarika', 'sama', 'kaya', 'singapura', 'jepan', 'australia', 'perpanjangan', 'tangan', 'baratmamarika', 'cs', 'membendung', 'pengaruh', 'komunis', 'makanya', 'jadiin', 'negara', 'maju', 'biar', 'kuat', 'klw', 'negara', 'cuma', 'jadiin', 'sapi', 'perah', 'oleh', 'barat']",jd antek mamarika sama kaya singapura jepan australia panjang tangan baratmamarika cs bendung pengaruh komunis makanya jadiin negara maju biar kuat klw negara cuma jadiin sapi perah oleh barat
👍,@Riskikurniawan-e3y,0,Netral,,,[],[],
Yoii namanya juga nelen Pil Merah (Nerakanya Dajjal) harus berani mengambil resiko banyak yang berisik,@alparslankhaan1071,0,Netral,Yoii namanya juga nelen Pil Merah Nerakanya Dajjal harus berani mengambil resiko banyak yang berisik,yoii namanya juga nelen pil merah nerakanya dajjal harus berani mengambil resiko banyak yang berisik,"['yoii', 'namanya', 'juga', 'nelen', 'pil', 'merah', 'nerakanya', 'dajjal', 'harus', 'berani', 'mengambil', 'resiko', 'banyak', 'yang', 'berisik']","['yoii', 'namanya', 'nelen', 'pil', 'merah', 'nerakanya', 'dajjal', 'harus', 'berani', 'mengambil', 'resiko', 'banyak', 'berisik']",yoii nama nelen pil merah neraka dajjal harus berani ambil resiko banyak berisik
"Maaf bang, tempo itu media dari mana ya?",@primajada,0,Netral,Maaf bang tempo itu media dari mana ya,maaf bang tempo itu media dari mana ya,"['maaf', 'bang', 'tempo', 'itu', 'media', 'dari', 'mana', 'ya']","['maaf', 'bang', 'tempo', 'media', 'mana', 'ya']",maaf bang tempo media mana ya
Menyala bang benix🎉,@SarifHidayatullah-y4d,12,Netral,Menyala bang benix,menyala bang benix,"['menyala', 'bang', 'benix']","['menyala', 'bang', 'benix']",nyala bang benix
Penganut sekte waren bufet pasti suka kalo asing kabur,@fathurgodmanozzora8417,0,Netral,Penganut sekte waren bufet pasti suka kalo asing kabur,penganut sekte waren bufet pasti suka kalo asing kabur,"['penganut', 'sekte', 'waren', 'bufet', 'pasti', 'suka', 'kalo', 'asing', 'kabur']","['penganut', 'sekte', 'waren', 'bufet', 'pasti', 'suka', 'kalo', 'asing', 'kabur']",anut sekte waren bufet pasti suka kalo asing kabur
"Collab bareng prof gema dong, bahas geopolitik",@jonayfsd3909,0,Netral,Collab bareng prof gema dong bahas geopolitik,collab bareng prof gema dong bahas geopolitik,"['collab', 'bareng', 'prof', 'gema', 'dong', 'bahas', 'geopolitik']","['collab', 'bareng', 'prof', 'gema', 'dong', 'bahas', 'geopolitik']",collab bareng prof gema dong bahas geopolitik
Indonesia sudah di takdirkan akan menjadi negara besar dan disegani negara lain,@UdinDultulus,6,Netral,Indonesia sudah di takdirkan akan menjadi negara besar dan disegani negara lain,indonesia sudah di takdirkan akan menjadi negara besar dan disegani negara lain,"['indonesia', 'sudah', 'di', 'takdirkan', 'akan', 'menjadi', 'negara', 'besar', 'dan', 'disegani', 'negara', 'lain']","['indonesia', 'sudah', 'takdirkan', 'akan', 'menjadi', 'negara', 'besar', 'disegani', 'negara', 'lain']",indonesia sudah takdir akan jadi negara besar segani negara lain
Karena Indonesia Rakyatnya Gampang di Adu Domba,@anggaeka1508,0,Netral,Karena Indonesia Rakyatnya Gampang di Adu Domba,karena indonesia rakyatnya gampang di adu domba,"['karena', 'indonesia', 'rakyatnya', 'gampang', 'di', 'adu', 'domba']","['indonesia', 'rakyatnya', 'gampang', 'adu', 'domba']",indonesia rakyat gampang adu domba
"Makanya mahasewa nggak produktif nggak usah bikin runyam kondisi..""ngejedog"" aja molor daripada bikin ulah..Nggak ada ssdikitpun kemaslahatan dalam demo TAI...",@xpdahh,0,Netral,Makanya mahasewa nggak produktif nggak usah bikin runyam kondisingejedog aja molor daripada bikin ulahNggak ada ssdikitpun kemaslahatan dalam demo TAI,makanya mahasewa nggak produktif nggak usah bikin runyam kondisingejedog aja molor daripada bikin ulahnggak ada ssdikitpun kemaslahatan dalam demo tai,"['makanya', 'mahasewa', 'nggak', 'produktif', 'nggak', 'usah', 'bikin', 'runyam', 'kondisingejedog', 'aja', 'molor', 'daripada', 'bikin', 'ulahnggak', 'ada', 'ssdikitpun', 'kemaslahatan', 'dalam', 'demo', 'tai']","['makanya', 'mahasewa', 'nggak', 'produktif', 'nggak', 'usah', 'bikin', 'runyam', 'kondisingejedog', 'aja', 'molor', 'daripada', 'bikin', 'ulahnggak', 'ada', 'ssdikitpun', 'kemaslahatan', 'dalam', 'demo', 'tai']",makanya mahasewa nggak produktif nggak usah bikin runyam kondisingejedog aja molor daripada bikin ulahnggak ada ssdikitpun maslahat dalam demo tai
Sayangnya Banyak      Orang Indo Jadi Budak Asing,@demasbansaleng2775,49,Netral,Sayangnya Banyak Orang Indo Jadi Budak Asing,sayangnya banyak orang indo jadi budak asing,"['sayangnya', 'banyak', 'orang', 'indo', 'jadi', 'budak', 'asing']","['sayangnya', 'banyak', 'orang', 'indo', 'jadi', 'budak', 'asing']",sayang banyak orang indo jadi budak asing
"Emg kupret aki² rivalny si bennix,koar² mlu ke podcast² tebar fear sama kaya professor penjilat si saksi ahli koruptor
Padahal mah berisik karna sama² kg dpet jatah kursi komut di BUMN sama ga dirangkul presiden dh cape² jdi timses nya😅",@IamDamRanDom,0,Netral,Emg kupret aki rivalny si bennixkoar mlu ke podcast tebar fear sama kaya professor penjilat si saksi ahli koruptor Padahal mah berisik karna sama kg dpet jatah kursi komut di BUMN sama ga dirangkul presiden dh cape jdi timses nya,emg kupret aki rivalny si bennixkoar mlu ke podcast tebar fear sama kaya professor penjilat si saksi ahli koruptor padahal mah berisik karna sama kg dpet jatah kursi komut di bumn sama ga dirangkul presiden dh cape jdi timses nya,"['emg', 'kupret', 'aki', 'rivalny', 'si', 'bennixkoar', 'mlu', 'ke', 'podcast', 'tebar', 'fear', 'sama', 'kaya', 'professor', 'penjilat', 'si', 'saksi', 'ahli', 'koruptor', 'padahal', 'mah', 'berisik', 'karna', 'sama', 'kg', 'dpet', 'jatah', 'kursi', 'komut', 'di', 'bumn', 'sama', 'ga', 'dirangkul', 'presiden', 'dh', 'cape', 'jdi', 'timses', 'nya']","['emg', 'kupret', 'aki', 'rivalny', 'si', 'bennixkoar', 'mlu', 'podcast', 'tebar', 'fear', 'sama', 'kaya', 'professor', 'penjilat', 'si', 'saksi', 'ahli', 'koruptor', 'padahal', 'mah', 'berisik', 'karna', 'sama', 'kg', 'dpet', 'jatah', 'kursi', 'komut', 'bumn', 'sama', 'ga', 'dirangkul', 'presiden', 'dh', 'cape', 'jdi', 'timses', 'nya']",emg kupret aki rivalny si bennixkoar mlu podcast tebar fear sama kaya professor jilat si saksi ahli koruptor padahal mah berisik karna sama kg dpet jatah kursi komut bumn sama ga rangkul presiden dh cape jdi timses nya
"kidnap all the Australian, Singaporean, and Malaysian paid mass organizations that disguise themselves in Indonesia",@blackwindows404,0,Netral,kidnap all the Australian Singaporean and Malaysian paid mass organizations that disguise themselves in Indonesia,kidnap all the australian singaporean and malaysian paid mass organizations that disguise themselves in indonesia,"['kidnap', 'all', 'the', 'australian', 'singaporean', 'and', 'malaysian', 'paid', 'mass', 'organizations', 'that', 'disguise', 'themselves', 'in', 'indonesia']","['kidnap', 'all', 'the', 'australian', 'singaporean', 'and', 'malaysian', 'paid', 'mass', 'organizations', 'that', 'disguise', 'themselves', 'in', 'indonesia']",kidnap all the australian singaporean and malaysian paid mass organizations that disguise themselves in indonesia
Semangats,@sahabatinvestor3622,0,Netral,Semangats,semangats,['semangats'],['semangats'],semangats
"Bennix bahagia mendengan info ini
Turis Asing Pakai QRIS
https://www.youtube.com/shorts/CSjY8nUAEEI",@Nuurungji,0,Netral,Bennix bahagia mendengan info ini Turis Asing Pakai QRIS,bennix bahagia mendengan info ini turis asing pakai qris,"['bennix', 'bahagia', 'mendengan', 'info', 'ini', 'turis', 'asing', 'pakai', 'qris']","['bennix', 'bahagia', 'mendengan', 'info', 'turis', 'asing', 'pakai', 'qris']",bennix bahagia mendeng info turis asing pakai qris
tenang ... selama pemerintah masih di jalur berupaya untuk swasembada pangan dan energi ... mereka hanya ingin membeli aset2 penting dengan harga semurah mungkin.,@percetakansibas6030,1,Netral,tenang selama pemerintah masih di jalur berupaya untuk swasembada pangan dan energi mereka hanya ingin membeli aset penting dengan harga semurah mungkin,tenang selama pemerintah masih di jalur berupaya untuk swasembada pangan dan energi mereka hanya ingin membeli aset penting dengan harga semurah mungkin,"['tenang', 'selama', 'pemerintah', 'masih', 'di', 'jalur', 'berupaya', 'untuk', 'swasembada', 'pangan', 'dan', 'energi', 'mereka', 'hanya', 'ingin', 'membeli', 'aset', 'penting', 'dengan', 'harga', 'semurah', 'mungkin']","['tenang', 'selama', 'pemerintah', 'masih', 'jalur', 'berupaya', 'swasembada', 'pangan', 'energi', 'mereka', 'hanya', 'ingin', 'membeli', 'aset', 'penting', 'harga', 'semurah', 'mungkin']",tenang lama perintah masih jalur upaya swasembada pangan energi mereka hanya ingin beli aset penting harga murah mungkin
Banyak saham gorengan om ... Investor pasti khawatir lah ... Segera ditertibkan para bandar besar penggoreng saham,@busanpadse,1,Netral,Banyak saham gorengan om Investor pasti khawatir lah Segera ditertibkan para bandar besar penggoreng saham,banyak saham gorengan om investor pasti khawatir lah segera ditertibkan para bandar besar penggoreng saham,"['banyak', 'saham', 'gorengan', 'om', 'investor', 'pasti', 'khawatir', 'lah', 'segera', 'ditertibkan', 'para', 'bandar', 'besar', 'penggoreng', 'saham']","['banyak', 'saham', 'gorengan', 'om', 'investor', 'pasti', 'khawatir', 'lah', 'segera', 'ditertibkan', 'para', 'bandar', 'besar', 'penggoreng', 'saham']",banyak saham goreng om investor pasti khawatir lah segera tertib para bandar besar goreng saham
Indonesia menuju negara Maju...wujudkan,@salexa9912,51,Netral,Indonesia menuju negara Majuwujudkan,indonesia menuju negara majuwujudkan,"['indonesia', 'menuju', 'negara', 'majuwujudkan']","['indonesia', 'menuju', 'negara', 'majuwujudkan']",indonesia tuju negara majuwujudkan
BIN MUSTI NYUSUP KE BERBAGAI SEGMEN YG BERPOTENSI ANCAMAN TERHADAP INDONESIA,@Riosandria07,0,Netral,BIN MUSTI NYUSUP KE BERBAGAI SEGMEN YG BERPOTENSI ANCAMAN TERHADAP INDONESIA,bin musti nyusup ke berbagai segmen yg berpotensi ancaman terhadap indonesia,"['bin', 'musti', 'nyusup', 'ke', 'berbagai', 'segmen', 'yg', 'berpotensi', 'ancaman', 'terhadap', 'indonesia']","['bin', 'musti', 'nyusup', 'berbagai', 'segmen', 'yg', 'berpotensi', 'ancaman', 'terhadap', 'indonesia']",bin musti nyusup bagai segmen yg potensi ancam hadap indonesia
"Alhamdulillah, puji Tuhan, Indonesia punya om Bennix yg memberikan edukasi, tidak memihak, memberikan data yg berimbang, yg baik dibilang baik dan diapresiasi, yg jelek dibilang jelek dan memberikan alternatif untuk solusi.

Terima kasih om Bennix... SEMANGAT ya om Bennix dan tim, yg selalu memberikan informasi untuk rakyat Indonesia, yg berimbang, edukasi, dan mencerahkan... Saya khususnya, menjadikan channel om Bennix untuk mendapatkan informasi yg netral, edukatif, berimbang, apresiatif, solutif, mencerahkan 😍😍💖💖👍👍👍",@TriHarisusi,1,Netral,Alhamdulillah puji Tuhan Indonesia punya om Bennix yg memberikan edukasi tidak memihak memberikan data yg berimbang yg baik dibilang baik dan diapresiasi yg jelek dibilang jelek dan memberikan alternatif untuk solusi Terima kasih om Bennix SEMANGAT ya om Bennix dan tim yg selalu memberikan informasi untuk rakyat Indonesia yg berimbang edukasi dan mencerahkan Saya khususnya menjadikan channel om Bennix untuk mendapatkan informasi yg netral edukatif berimbang apresiatif solutif mencerahkan,alhamdulillah puji tuhan indonesia punya om bennix yg memberikan edukasi tidak memihak memberikan data yg berimbang yg baik dibilang baik dan diapresiasi yg jelek dibilang jelek dan memberikan alternatif untuk solusi terima kasih om bennix semangat ya om bennix dan tim yg selalu memberikan informasi untuk rakyat indonesia yg berimbang edukasi dan mencerahkan saya khususnya menjadikan channel om bennix untuk mendapatkan informasi yg netral edukatif berimbang apresiatif solutif mencerahkan,"['alhamdulillah', 'puji', 'tuhan', 'indonesia', 'punya', 'om', 'bennix', 'yg', 'memberikan', 'edukasi', 'tidak', 'memihak', 'memberikan', 'data', 'yg', 'berimbang', 'yg', 'baik', 'dibilang', 'baik', 'dan', 'diapresiasi', 'yg', 'jelek', 'dibilang', 'jelek', 'dan', 'memberikan', 'alternatif', 'untuk', 'solusi', 'terima', 'kasih', 'om', 'bennix', 'semangat', 'ya', 'om', 'bennix', 'dan', 'tim', 'yg', 'selalu', 'memberikan', 'informasi', 'untuk', 'rakyat', 'indonesia', 'yg', 'berimbang', 'edukasi', 'dan', 'mencerahkan', 'saya', 'khususnya', 'menjadikan', 'channel', 'om', 'bennix', 'untuk', 'mendapatkan', 'informasi', 'yg', 'netral', 'edukatif', 'berimbang', 'apresiatif', 'solutif', 'mencerahkan']","['alhamdulillah', 'puji', 'tuhan', 'indonesia', 'punya', 'om', 'bennix', 'yg', 'memberikan', 'edukasi', 'tidak', 'memihak', 'memberikan', 'data', 'yg', 'berimbang', 'yg', 'baik', 'dibilang', 'baik', 'diapresiasi', 'yg', 'jelek', 'dibilang', 'jelek', 'memberikan', 'alternatif', 'solusi', 'terima', 'kasih', 'om', 'bennix', 'semangat', 'ya', 'om', 'bennix', 'tim', 'yg', 'selalu', 'memberikan', 'informasi', 'rakyat', 'indonesia', 'yg', 'berimbang', 'edukasi', 'mencerahkan', 'khususnya', 'menjadikan', 'channel', 'om', 'bennix', 'mendapatkan', 'informasi', 'yg', 'netral', 'edukatif', 'berimbang', 'apresiatif', 'solutif', 'mencerahkan']",alhamdulillah puji tuhan indonesia punya om bennix yg beri edukasi tidak pihak beri data yg imbang yg baik bilang baik apresiasi yg jelek bilang jelek beri alternatif solusi terima kasih om bennix semangat ya om bennix tim yg selalu beri informasi rakyat indonesia yg imbang edukasi cerah khusus jadi channel om bennix dapat informasi yg netral edukatif imbang apresiatif solutif cerah
"Jangan dulu naik anjg ah, gw masih nyari poin2 yg pas, hadeuhhh, padahal gw ngarep turun dikit lagi biar enak nyeroknya. 

Bang minta bocoran dong kapan kira2 bakal naik lagi??? Ad yg gw incer tapi belum pas eung poinnya,",@MeiSusilawati-d6e,1,Netral,Jangan dulu naik anjg ah gw masih nyari poin yg pas hadeuhhh padahal gw ngarep turun dikit lagi biar enak nyeroknya Bang minta bocoran dong kapan kira bakal naik lagi Ad yg gw incer tapi belum pas eung poinnya,jangan dulu naik anjg ah gw masih nyari poin yg pas hadeuhhh padahal gw ngarep turun dikit lagi biar enak nyeroknya bang minta bocoran dong kapan kira bakal naik lagi ad yg gw incer tapi belum pas eung poinnya,"['jangan', 'dulu', 'naik', 'anjg', 'ah', 'gw', 'masih', 'nyari', 'poin', 'yg', 'pas', 'hadeuhhh', 'padahal', 'gw', 'ngarep', 'turun', 'dikit', 'lagi', 'biar', 'enak', 'nyeroknya', 'bang', 'minta', 'bocoran', 'dong', 'kapan', 'kira', 'bakal', 'naik', 'lagi', 'ad', 'yg', 'gw', 'incer', 'tapi', 'belum', 'pas', 'eung', 'poinnya']","['jangan', 'dulu', 'naik', 'anjg', 'ah', 'gw', 'masih', 'nyari', 'poin', 'yg', 'pas', 'hadeuhhh', 'padahal', 'gw', 'ngarep', 'turun', 'dikit', 'lagi', 'biar', 'enak', 'nyeroknya', 'bang', 'minta', 'bocoran', 'dong', 'kapan', 'kira', 'bakal', 'naik', 'lagi', 'ad', 'yg', 'gw', 'incer', 'tapi', 'belum', 'pas', 'eung', 'poinnya']",jangan dulu naik anjg ah gw masih nyari poin yg pas hadeuhhh padahal gw ngarep turun dikit lagi biar enak nyeroknya bang minta bocor dong kapan kira bakal naik lagi ad yg gw incer tapi belum pas eung poin
"Congormu nix bennix, msci selalu lu jadikan kambing hitam !!! jilat terus nix !!!! ngebet amat pingin dipakai rezim lu !!!",@pardisungkono,0,Netral,Congormu nix bennix msci selalu lu jadikan kambing hitam jilat terus nix ngebet amat pingin dipakai rezim lu,congormu nix bennix msci selalu lu jadikan kambing hitam jilat terus nix ngebet amat pingin dipakai rezim lu,"['congormu', 'nix', 'bennix', 'msci', 'selalu', 'lu', 'jadikan', 'kambing', 'hitam', 'jilat', 'terus', 'nix', 'ngebet', 'amat', 'pingin', 'dipakai', 'rezim', 'lu']","['congormu', 'nix', 'bennix', 'msci', 'selalu', 'lu', 'jadikan', 'kambing', 'hitam', 'jilat', 'terus', 'nix', 'ngebet', 'amat', 'pingin', 'dipakai', 'rezim', 'lu']",congor nix bennix msci selalu lu jadi kambing hitam jilat terus nix ngebet amat pingin pakai rezim lu
"mungkin karna mereka butuh mbg,makanya jdi towlol kyk gitu",@syarifhidayat387,0,Netral,mungkin karna mereka butuh mbgmakanya jdi towlol kyk gitu,mungkin karna mereka butuh mbgmakanya jdi towlol kyk gitu,"['mungkin', 'karna', 'mereka', 'butuh', 'mbgmakanya', 'jdi', 'towlol', 'kyk', 'gitu']","['mungkin', 'karna', 'mereka', 'butuh', 'mbgmakanya', 'jdi', 'towlol', 'kyk', 'gitu']",mungkin karna mereka butuh mbgmakanya jdi towlol kyk gitu
Yoii barengan sama Russia & Tiongkok,@alparslankhaan1071,0,Netral,Yoii barengan sama Russia Tiongkok,yoii barengan sama russia tiongkok,"['yoii', 'barengan', 'sama', 'russia', 'tiongkok']","['yoii', 'barengan', 'sama', 'russia', 'tiongkok']",yoii bareng sama russia tiongkok
"Bahahaha...
Mimpi lu..
Selama masyarakat indo yang masih bisa di adu domba,,ga bakalan jadi negara maju.GA BAKALAN ..NEVER",@meryankorrin5182,0,Netral,Bahahaha Mimpi lu Selama masyarakat indo yang masih bisa di adu dombaga bakalan jadi negara majuGA BAKALAN NEVER,bahahaha mimpi lu selama masyarakat indo yang masih bisa di adu dombaga bakalan jadi negara majuga bakalan never,"['bahahaha', 'mimpi', 'lu', 'selama', 'masyarakat', 'indo', 'yang', 'masih', 'bisa', 'di', 'adu', 'dombaga', 'bakalan', 'jadi', 'negara', 'majuga', 'bakalan', 'never']","['bahahaha', 'mimpi', 'lu', 'selama', 'masyarakat', 'indo', 'masih', 'bisa', 'adu', 'dombaga', 'bakalan', 'jadi', 'negara', 'majuga', 'bakalan', 'never']",bahahaha mimpi lu lama masyarakat indo masih bisa adu dombaga bakal jadi negara majuga bakal never
"udah dari dulu banyak orang indo seneng jadi budak voc, jadi budak pesugihan mafia candu",@sholihman,1,Netral,udah dari dulu banyak orang indo seneng jadi budak voc jadi budak pesugihan mafia candu,udah dari dulu banyak orang indo seneng jadi budak voc jadi budak pesugihan mafia candu,"['udah', 'dari', 'dulu', 'banyak', 'orang', 'indo', 'seneng', 'jadi', 'budak', 'voc', 'jadi', 'budak', 'pesugihan', 'mafia', 'candu']","['udah', 'dulu', 'banyak', 'orang', 'indo', 'seneng', 'jadi', 'budak', 'voc', 'jadi', 'budak', 'pesugihan', 'mafia', 'candu']",udah dulu banyak orang indo neng jadi budak voc jadi budak sugih mafia candu
​ @sholihman bukankah kita masih menggunakan mata uang VOC 😊,@junaidi4557,0,Netral,bukankah kita masih menggunakan mata uang VOC,bukankah kita masih menggunakan mata uang voc,"['bukankah', 'kita', 'masih', 'menggunakan', 'mata', 'uang', 'voc']","['bukankah', 'masih', 'menggunakan', 'mata', 'uang', 'voc']",bukankah masih guna mata uang voc
"​ @sholihman budak spiritual klan dobolowi,mudah di bodohin dongeng klan dobolowi",@sukadarsukadar3290,0,Netral,budak spiritual klan dobolowimudah di bodohin dongeng klan dobolowi,budak spiritual klan dobolowimudah di bodohin dongeng klan dobolowi,"['budak', 'spiritual', 'klan', 'dobolowimudah', 'di', 'bodohin', 'dongeng', 'klan', 'dobolowi']","['budak', 'spiritual', 'klan', 'dobolowimudah', 'bodohin', 'dongeng', 'klan', 'dobolowi']",budak spiritual klan dobolowimudah bodohin dongeng klan dobolowi
"semoga saja mereka ngk tambah banyak. 
 biar kita bisa fokus memperbaiki yg salah dan menjadi lebih maju. 
capek ngurusin misinformasi terus.",@sidiqsuharno5570,0,Positif,semoga saja mereka ngk tambah banyak biar kita bisa fokus memperbaiki yg salah dan menjadi lebih maju capek ngurusin misinformasi terus,semoga saja mereka ngk tambah banyak biar kita bisa fokus memperbaiki yg salah dan menjadi lebih maju capek ngurusin misinformasi terus,"['semoga', 'saja', 'mereka', 'ngk', 'tambah', 'banyak', 'biar', 'kita', 'bisa', 'fokus', 'memperbaiki', 'yg', 'salah', 'dan', 'menjadi', 'lebih', 'maju', 'capek', 'ngurusin', 'misinformasi', 'terus']","['semoga', 'saja', 'mereka', 'ngk', 'tambah', 'banyak', 'biar', 'bisa', 'fokus', 'memperbaiki', 'yg', 'salah', 'menjadi', 'lebih', 'maju', 'capek', 'ngurusin', 'misinformasi', 'terus']",moga saja mereka ngk tambah banyak biar bisa fokus baik yg salah jadi lebih maju capek ngurusin misinformasi terus
Kayak si Anjing Yaman Bangsat BusEdan yg keluar masuk kampus memprovokasi mahasiswa ketika pemerintah sedang berusaha keras menahan gempuran finansial asing,@charleswiggins83,0,Netral,Kayak si Anjing Yaman Bangsat BusEdan yg keluar masuk kampus memprovokasi mahasiswa ketika pemerintah sedang berusaha keras menahan gempuran finansial asing,kayak si anjing yaman bangsat busedan yg keluar masuk kampus memprovokasi mahasiswa ketika pemerintah sedang berusaha keras menahan gempuran finansial asing,"['kayak', 'si', 'anjing', 'yaman', 'bangsat', 'busedan', 'yg', 'keluar', 'masuk', 'kampus', 'memprovokasi', 'mahasiswa', 'ketika', 'pemerintah', 'sedang', 'berusaha', 'keras', 'menahan', 'gempuran', 'finansial', 'asing']","['kayak', 'si', 'anjing', 'yaman', 'bangsat', 'busedan', 'yg', 'keluar', 'masuk', 'kampus', 'memprovokasi', 'mahasiswa', 'ketika', 'pemerintah', 'sedang', 'berusaha', 'keras', 'menahan', 'gempuran', 'finansial', 'asing']",kayak si anjing yaman bangsat busedan yg keluar masuk kampus provokasi mahasiswa ketika perintah sedang usaha keras tahan gempur finansial asing
Bin apaan tolol,@PamanStalin,0,Netral,Bin apaan tolol,bin apaan tolol,"['bin', 'apaan', 'tolol']","['bin', 'apaan', 'tolol']",bin apa tolol
Goto tuh pas,@PamanStalin,0,Netral,Goto tuh pas,goto tuh pas,"['goto', 'tuh', 'pas']","['goto', 'tuh', 'pas']",goto tuh pas
"​ @PamanStalin males gw goto mah, gaje dia, lol",@MeiSusilawati-d6e,0,Netral,males gw goto mah gaje dia lol,males gw goto mah gaje dia lol,"['males', 'gw', 'goto', 'mah', 'gaje', 'dia', 'lol']","['males', 'gw', 'goto', 'mah', 'gaje', 'dia', 'lol']",males gw goto mah gaje dia lol
Singapore oi singapur . Kaya boleh tapi jangan ngerampok SDA Indonesia.  Apa ingin netizen Indonesia turun ranting lu punya usaha ? Masih nggak jera,@AzmiNirul,96,Netral,Singapore oi singapur Kaya boleh tapi jangan ngerampok SDA Indonesia Apa ingin netizen Indonesia turun ranting lu punya usaha Masih nggak jera,singapore oi singapur kaya boleh tapi jangan ngerampok sda indonesia apa ingin netizen indonesia turun ranting lu punya usaha masih nggak jera,"['singapore', 'oi', 'singapur', 'kaya', 'boleh', 'tapi', 'jangan', 'ngerampok', 'sda', 'indonesia', 'apa', 'ingin', 'netizen', 'indonesia', 'turun', 'ranting', 'lu', 'punya', 'usaha', 'masih', 'nggak', 'jera']","['singapore', 'oi', 'singapur', 'kaya', 'boleh', 'tapi', 'jangan', 'ngerampok', 'sda', 'indonesia', 'apa', 'ingin', 'netizen', 'indonesia', 'turun', 'ranting', 'lu', 'punya', 'usaha', 'masih', 'nggak', 'jera']",singapore oi singapur kaya boleh tapi jangan ngerampok sda indonesia apa ingin netizen indonesia turun ranting lu punya usaha masih nggak jera
"24 Juni tetep di EM, tapi masih freeze buat nambah emiten.
banyak yang fear biar ritel pada jual , harga sahamnya murah, asing bisa serok 🤣",@ariwardianto8322,3,Netral,Juni tetep di EM tapi masih freeze buat nambah emiten banyak yang fear biar ritel pada jual harga sahamnya murah asing bisa serok,juni tetep di em tapi masih freeze buat nambah emiten banyak yang fear biar ritel pada jual harga sahamnya murah asing bisa serok,"['juni', 'tetep', 'di', 'em', 'tapi', 'masih', 'freeze', 'buat', 'nambah', 'emiten', 'banyak', 'yang', 'fear', 'biar', 'ritel', 'pada', 'jual', 'harga', 'sahamnya', 'murah', 'asing', 'bisa', 'serok']","['juni', 'tetep', 'em', 'tapi', 'masih', 'freeze', 'buat', 'nambah', 'emiten', 'banyak', 'fear', 'biar', 'ritel', 'jual', 'harga', 'sahamnya', 'murah', 'asing', 'bisa', 'serok']",juni tetep em tapi masih freeze buat nambah emiten banyak fear biar ritel jual harga saham murah asing bisa serok
"Gara2 nonton chanel ini jadi ketularan mengumpat""anjing anjing piaraan j soros""",@supart4166,0,Netral,Gara nonton chanel ini jadi ketularan mengumpatanjing anjing piaraan j soros,gara nonton chanel ini jadi ketularan mengumpatanjing anjing piaraan j soros,"['gara', 'nonton', 'chanel', 'ini', 'jadi', 'ketularan', 'mengumpatanjing', 'anjing', 'piaraan', 'j', 'soros']","['gara', 'nonton', 'chanel', 'jadi', 'ketularan', 'mengumpatanjing', 'anjing', 'piaraan', 'j', 'soros']",gara nonton chanel jadi tular mengumpatanjing anjing piara j soros
Ini salah S'pore dan M'sia ... Iri dengki dengan kehebatan Indonesia.,@EfendiHasan-l6o,24,Positif,Ini salah Spore dan Msia Iri dengki dengan kehebatan Indonesia,ini salah spore dan msia iri dengki dengan kehebatan indonesia,"['ini', 'salah', 'spore', 'dan', 'msia', 'iri', 'dengki', 'dengan', 'kehebatan', 'indonesia']","['salah', 'spore', 'msia', 'iri', 'dengki', 'kehebatan', 'indonesia']",salah spore msia iri dengki hebat indonesia
Mantab om benix😊,@yeniulfa1952,11,Netral,Mantab om benix,mantab om benix,"['mantab', 'om', 'benix']","['mantab', 'om', 'benix']",mantab om benix
🎉🎉🎉🎉🎉🎉🎉🎉🎉🎉🎉🎉🎉🎉🎉🎉🎉,@bangroy8946,0,Netral,,,[],[],
"Doa sy  Bennik jd org dekat presiden biar bisa ngasih masukan luar biasa.sy ikutin pdhal ngk py saham dll ,analisanya slalu tepat cara sampein lugas,",@zumrotinj4397,5,Netral,Doa sy Bennik jd org dekat presiden biar bisa ngasih masukan luar biasasy ikutin pdhal ngk py saham dll analisanya slalu tepat cara sampein lugas,doa sy bennik jd org dekat presiden biar bisa ngasih masukan luar biasasy ikutin pdhal ngk py saham dll analisanya slalu tepat cara sampein lugas,"['doa', 'sy', 'bennik', 'jd', 'org', 'dekat', 'presiden', 'biar', 'bisa', 'ngasih', 'masukan', 'luar', 'biasasy', 'ikutin', 'pdhal', 'ngk', 'py', 'saham', 'dll', 'analisanya', 'slalu', 'tepat', 'cara', 'sampein', 'lugas']","['doa', 'sy', 'bennik', 'jd', 'org', 'dekat', 'presiden', 'biar', 'bisa', 'ngasih', 'masukan', 'luar', 'biasasy', 'ikutin', 'pdhal', 'ngk', 'py', 'saham', 'dll', 'analisanya', 'slalu', 'tepat', 'cara', 'sampein', 'lugas']",doa sy bennik jd org dekat presiden biar bisa ngasih masuk luar biasasy ikutin pdhal ngk py saham dll analisanya slalu tepat cara sampein lugas
Ayo rakyat INDONESIA STOP JALAN JALAN KE SINGAPUR .....,@dederusni8624,42,Netral,Ayo rakyat INDONESIA STOP JALAN JALAN KE SINGAPUR,ayo rakyat indonesia stop jalan jalan ke singapur,"['ayo', 'rakyat', 'indonesia', 'stop', 'jalan', 'jalan', 'ke', 'singapur']","['ayo', 'rakyat', 'indonesia', 'stop', 'jalan', 'jalan', 'singapur']",ayo rakyat indonesia stop jalan jalan singapur
Malah gue seneng jika IHSG sampai 3000....saat all in lagi,@devalleichannel9742,0,Netral,Malah gue seneng jika IHSG sampai saat all in lagi,malah gue seneng jika ihsg sampai saat all in lagi,"['malah', 'gue', 'seneng', 'jika', 'ihsg', 'sampai', 'saat', 'all', 'in', 'lagi']","['malah', 'gue', 'seneng', 'jika', 'ihsg', 'sampai', 'saat', 'all', 'in', 'lagi']",malah gue neng jika ihsg sampai saat all in lagi
👍👍👍🎉,@deddyirawan5140,0,Netral,,,[],[],
"MSCI Review Indonesia kalah dari negara China dan satu lagi negara Malaysia rupanya 
Mungkin karena Malaysia mau jadi budak Amerika Serikat",@valentinoaldriansidabutar6191,3,Netral,MSCI Review Indonesia kalah dari negara China dan satu lagi negara Malaysia rupanya Mungkin karena Malaysia mau jadi budak Amerika Serikat,msci review indonesia kalah dari negara china dan satu lagi negara malaysia rupanya mungkin karena malaysia mau jadi budak amerika serikat,"['msci', 'review', 'indonesia', 'kalah', 'dari', 'negara', 'china', 'dan', 'satu', 'lagi', 'negara', 'malaysia', 'rupanya', 'mungkin', 'karena', 'malaysia', 'mau', 'jadi', 'budak', 'amerika', 'serikat']","['msci', 'review', 'indonesia', 'kalah', 'negara', 'china', 'satu', 'lagi', 'negara', 'malaysia', 'rupanya', 'mungkin', 'malaysia', 'mau', 'jadi', 'budak', 'amerika', 'serikat']",msci review indonesia kalah negara china satu lagi negara malaysia rupa mungkin malaysia mau jadi budak amerika serikat
India😂,@user-et3nz7zf8p,0,Netral,India,india,['india'],['india'],india
Maju terus om benik..💪,@RizkiFathu,12,Netral,Maju terus om benik,maju terus om benik,"['maju', 'terus', 'om', 'benik']","['maju', 'terus', 'om', 'benik']",maju terus om benik
Saya yakin seyakin yakinnya bahwa indonesia bisa bangkit lagi.saat ini mmg indonesia baru bersih2 tikus2 berdasi tp kedepannya pasti akan normal kmbl🤲💪❤,@lilikzlh,14,Netral,Saya yakin seyakin yakinnya bahwa indonesia bisa bangkit lagisaat ini mmg indonesia baru bersih tikus berdasi tp kedepannya pasti akan normal kmbl,saya yakin seyakin yakinnya bahwa indonesia bisa bangkit lagisaat ini mmg indonesia baru bersih tikus berdasi tp kedepannya pasti akan normal kmbl,"['saya', 'yakin', 'seyakin', 'yakinnya', 'bahwa', 'indonesia', 'bisa', 'bangkit', 'lagisaat', 'ini', 'mmg', 'indonesia', 'baru', 'bersih', 'tikus', 'berdasi', 'tp', 'kedepannya', 'pasti', 'akan', 'normal', 'kmbl']","['yakin', 'seyakin', 'yakinnya', 'bahwa', 'indonesia', 'bisa', 'bangkit', 'lagisaat', 'mmg', 'indonesia', 'baru', 'bersih', 'tikus', 'berdasi', 'tp', 'kedepannya', 'pasti', 'akan', 'normal', 'kmbl']",yakin yakin yakin bahwa indonesia bisa bangkit lagisaat mmg indonesia baru bersih tikus das tp depan pasti akan normal kmbl
"Goerge soros kapan metongnya sihhhh, orang kaya dajjal gitu awet bener hidupnya",@ariexotic6638,0,Netral,Goerge soros kapan metongnya sihhhh orang kaya dajjal gitu awet bener hidupnya,goerge soros kapan metongnya sihhhh orang kaya dajjal gitu awet bener hidupnya,"['goerge', 'soros', 'kapan', 'metongnya', 'sihhhh', 'orang', 'kaya', 'dajjal', 'gitu', 'awet', 'bener', 'hidupnya']","['goerge', 'soros', 'kapan', 'metongnya', 'sihhhh', 'orang', 'kaya', 'dajjal', 'gitu', 'awet', 'bener', 'hidupnya']",goerge soros kapan metongnya sihhhh orang kaya dajjal gitu awet bener hidup
Sell singapura,@SaptaMuhammadwidakdo-u5d,1,Netral,Sell singapura,sell singapura,"['sell', 'singapura']","['sell', 'singapura']",sell singapura
❤❤👍👍👍👍👍❤❤,@portgassace9873,0,Netral,,,[],[],
Lembaga asing cuma pom pom....panic selling is a opportunity....mereka juga pinging serok bawah....😂😂😂😂,@devalleichannel9742,6,Netral,Lembaga asing cuma pom pompanic selling is a opportunitymereka juga pinging serok bawah,lembaga asing cuma pom pompanic selling is a opportunitymereka juga pinging serok bawah,"['lembaga', 'asing', 'cuma', 'pom', 'pompanic', 'selling', 'is', 'a', 'opportunitymereka', 'juga', 'pinging', 'serok', 'bawah']","['lembaga', 'asing', 'cuma', 'pom', 'pompanic', 'selling', 'is', 'a', 'opportunitymereka', 'pinging', 'serok', 'bawah']",lembaga asing cuma pom pompanic selling is a opportunitymereka pinging serok bawah
Kebingunganku sudah dijawab bennik👍,@YudhaaGaruda,15,Netral,Kebingunganku sudah dijawab bennik,kebingunganku sudah dijawab bennik,"['kebingunganku', 'sudah', 'dijawab', 'bennik']","['kebingunganku', 'sudah', 'dijawab', 'bennik']",bingung sudah jawab bennik
"Itu' karena anjing""  🐕🐶 George Soros 🫵 🤨😠😡🤬",@intawaker,0,Netral,Itu karena anjing George Soros,itu karena anjing george soros,"['itu', 'karena', 'anjing', 'george', 'soros']","['anjing', 'george', 'soros']",anjing george soros
Singapore tanpa maling mana bisa kaya ...?,@fajarialfan8814,3,Netral,Singapore tanpa maling mana bisa kaya,singapore tanpa maling mana bisa kaya,"['singapore', 'tanpa', 'maling', 'mana', 'bisa', 'kaya']","['singapore', 'tanpa', 'maling', 'mana', 'bisa', 'kaya']",singapore tanpa maling mana bisa kaya
​ @fajarialfan8814 maling itu kuat di indon😂😂😂😂,@FitriHakim-o1g,0,Netral,maling itu kuat di indon,maling itu kuat di indon,"['maling', 'itu', 'kuat', 'di', 'indon']","['maling', 'kuat', 'indon']",maling kuat indon
Kita serang map Singapura aja hayu,@ArsidGaul-v4u4l,1,Netral,Kita serang map Singapura aja hayu,kita serang map singapura aja hayu,"['kita', 'serang', 'map', 'singapura', 'aja', 'hayu']","['serang', 'map', 'singapura', 'aja', 'hayu']",serang map singapura aja hayu
"Sebenarnya sudah sangat lama, cuma pemerintahan yang dulu nggak ada yang berani, sampah dari Singapur dibuang semua ke indo, coba pemerintah berani stop total sampah dari Singapor, nggelinding negara itu, mereka ambil yang baru dari indo sudah jadi sampah dibuang ke indo",@muslihanhadi940,0,Netral,Sebenarnya sudah sangat lama cuma pemerintahan yang dulu nggak ada yang berani sampah dari Singapur dibuang semua ke indo coba pemerintah berani stop total sampah dari Singapor nggelinding negara itu mereka ambil yang baru dari indo sudah jadi sampah dibuang ke indo,sebenarnya sudah sangat lama cuma pemerintahan yang dulu nggak ada yang berani sampah dari singapur dibuang semua ke indo coba pemerintah berani stop total sampah dari singapor nggelinding negara itu mereka ambil yang baru dari indo sudah jadi sampah dibuang ke indo,"['sebenarnya', 'sudah', 'sangat', 'lama', 'cuma', 'pemerintahan', 'yang', 'dulu', 'nggak', 'ada', 'yang', 'berani', 'sampah', 'dari', 'singapur', 'dibuang', 'semua', 'ke', 'indo', 'coba', 'pemerintah', 'berani', 'stop', 'total', 'sampah', 'dari', 'singapor', 'nggelinding', 'negara', 'itu', 'mereka', 'ambil', 'yang', 'baru', 'dari', 'indo', 'sudah', 'jadi', 'sampah', 'dibuang', 'ke', 'indo']","['sebenarnya', 'sudah', 'sangat', 'lama', 'cuma', 'pemerintahan', 'dulu', 'nggak', 'ada', 'berani', 'sampah', 'singapur', 'dibuang', 'semua', 'indo', 'coba', 'pemerintah', 'berani', 'stop', 'total', 'sampah', 'singapor', 'nggelinding', 'negara', 'mereka', 'ambil', 'baru', 'indo', 'sudah', 'jadi', 'sampah', 'dibuang', 'indo']",benar sudah sangat lama cuma perintah dulu nggak ada berani sampah singapur buang semua indo coba perintah berani stop total sampah singapor nggelinding negara mereka ambil baru indo sudah jadi sampah buang indo
Jangan mau kt di adu domba oleh bangsat2 asing aseng yg ingin Indonesia hancur. krna mreka tau Indonesia adalah lahan surga yg bs di ambil keuntungan utk negara mreka yg sampah.mreka ga mau Indonesia jd negara kuat krna akan mnyulitkan mreka bangsat2 itu utk mengeruk kekayaan alam serta uang dari Indonesia. mmg sengaja Indonesia di buat miskin dan bodoh spy gampang di perbudak. INGAT KITA BANGSA INDONESIA JANGAN JADI ORG TOLOL YG GAMPANG DI PECAH BELAH DAN DI BENTURKAN SPY SESAMA KITA BERANTAM. KITA PERTAHANKAN KEKAYAAN ALAM KITA SPY TDK DI CURI LG.,@lakimantap3584,0,Netral,Jangan mau kt di adu domba oleh bangsat asing aseng yg ingin Indonesia hancur krna mreka tau Indonesia adalah lahan surga yg bs di ambil keuntungan utk negara mreka yg sampahmreka ga mau Indonesia jd negara kuat krna akan mnyulitkan mreka bangsat itu utk mengeruk kekayaan alam serta uang dari Indonesia mmg sengaja Indonesia di buat miskin dan bodoh spy gampang di perbudak INGAT KITA BANGSA INDONESIA JANGAN JADI ORG TOLOL YG GAMPANG DI PECAH BELAH DAN DI BENTURKAN SPY SESAMA KITA BERANTAM KITA PERTAHANKAN KEKAYAAN ALAM KITA SPY TDK DI CURI LG,jangan mau kt di adu domba oleh bangsat asing aseng yg ingin indonesia hancur krna mreka tau indonesia adalah lahan surga yg bs di ambil keuntungan utk negara mreka yg sampahmreka ga mau indonesia jd negara kuat krna akan mnyulitkan mreka bangsat itu utk mengeruk kekayaan alam serta uang dari indonesia mmg sengaja indonesia di buat miskin dan bodoh spy gampang di perbudak ingat kita bangsa indonesia jangan jadi org tolol yg gampang di pecah belah dan di benturkan spy sesama kita berantam kita pertahankan kekayaan alam kita spy tdk di curi lg,"['jangan', 'mau', 'kt', 'di', 'adu', 'domba', 'oleh', 'bangsat', 'asing', 'aseng', 'yg', 'ingin', 'indonesia', 'hancur', 'krna', 'mreka', 'tau', 'indonesia', 'adalah', 'lahan', 'surga', 'yg', 'bs', 'di', 'ambil', 'keuntungan', 'utk', 'negara', 'mreka', 'yg', 'sampahmreka', 'ga', 'mau', 'indonesia', 'jd', 'negara', 'kuat', 'krna', 'akan', 'mnyulitkan', 'mreka', 'bangsat', 'itu', 'utk', 'mengeruk', 'kekayaan', 'alam', 'serta', 'uang', 'dari', 'indonesia', 'mmg', 'sengaja', 'indonesia', 'di', 'buat', 'miskin', 'dan', 'bodoh', 'spy', 'gampang', 'di', 'perbudak', 'ingat', 'kita', 'bangsa', 'indonesia', 'jangan', 'jadi', 'org', 'tolol', 'yg', 'gampang', 'di', 'pecah', 'belah', 'dan', 'di', 'benturkan', 'spy', 'sesama', 'kita', 'berantam', 'kita', 'pertahankan', 'kekayaan', 'alam', 'kita', 'spy', 'tdk', 'di', 'curi', 'lg']","['jangan', 'mau', 'kt', 'adu', 'domba', 'oleh', 'bangsat', 'asing', 'aseng', 'yg', 'ingin', 'indonesia', 'hancur', 'krna', 'mreka', 'tau', 'indonesia', 'lahan', 'surga', 'yg', 'bs', 'ambil', 'keuntungan', 'utk', 'negara', 'mreka', 'yg', 'sampahmreka', 'ga', 'mau', 'indonesia', 'jd', 'negara', 'kuat', 'krna', 'akan', 'mnyulitkan', 'mreka', 'bangsat', 'utk', 'mengeruk', 'kekayaan', 'alam', 'serta', 'uang', 'indonesia', 'mmg', 'sengaja', 'indonesia', 'buat', 'miskin', 'bodoh', 'spy', 'gampang', 'perbudak', 'ingat', 'bangsa', 'indonesia', 'jangan', 'jadi', 'org', 'tolol', 'yg', 'gampang', 'pecah', 'belah', 'benturkan', 'spy', 'sesama', 'berantam', 'pertahankan', 'kekayaan', 'alam', 'spy', 'tdk', 'curi', 'lg']",jangan mau kt adu domba oleh bangsat asing aseng yg ingin indonesia hancur krna mreka tau indonesia lahan surga yg bs ambil untung utk negara mreka yg sampahmreka ga mau indonesia jd negara kuat krna akan mnyulitkan mreka bangsat utk keruk kaya alam serta uang indonesia mmg sengaja indonesia buat miskin bodoh spy gampang budak ingat bangsa indonesia jangan jadi org tolol yg gampang pecah belah bentur spy sama rantam tahan kaya alam spy tdk curi lg
Mangkanya pinter biar ga di maling,@regiazeek6724,0,Netral,Mangkanya pinter biar ga di maling,mangkanya pinter biar ga di maling,"['mangkanya', 'pinter', 'biar', 'ga', 'di', 'maling']","['mangkanya', 'pinter', 'biar', 'ga', 'maling']",mangkanya pinter biar ga maling
Singapure yg anjlok kaleee... indonesia stop kerjasama sm singapur bs sekarat mereka.,@kocengOyen-d7t,0,Netral,Singapure yg anjlok kaleee indonesia stop kerjasama sm singapur bs sekarat mereka,singapure yg anjlok kaleee indonesia stop kerjasama sm singapur bs sekarat mereka,"['singapure', 'yg', 'anjlok', 'kaleee', 'indonesia', 'stop', 'kerjasama', 'sm', 'singapur', 'bs', 'sekarat', 'mereka']","['singapure', 'yg', 'anjlok', 'kaleee', 'indonesia', 'stop', 'kerjasama', 'sm', 'singapur', 'bs', 'sekarat', 'mereka']",singapure yg anjlok kaleee indonesia stop kerjasama sm singapur bs sekarat mereka
​ @kocengOyen-d7t ya ayo putusakn hubungan diplomasi singapore gak gentar😂😂😂 sama negara indon miskin😂😂😂😂,@FitriHakim-o1g,0,Netral,dt ya ayo putusakn hubungan diplomasi singapore gak gentar sama negara indon miskin,dt ya ayo putusakn hubungan diplomasi singapore gak gentar sama negara indon miskin,"['dt', 'ya', 'ayo', 'putusakn', 'hubungan', 'diplomasi', 'singapore', 'gak', 'gentar', 'sama', 'negara', 'indon', 'miskin']","['dt', 'ya', 'ayo', 'putusakn', 'hubungan', 'diplomasi', 'singapore', 'gak', 'gentar', 'sama', 'negara', 'indon', 'miskin']",dt ya ayo putusakn hubung diplomasi singapore gak gentar sama negara indon miskin
indon rupiah anjlok😂😂😂,@FitriHakim-o1g,0,Netral,indon rupiah anjlok,indon rupiah anjlok,"['indon', 'rupiah', 'anjlok']","['indon', 'rupiah', 'anjlok']",indon rupiah anjlok
Tenggelam kan singapore,@sodikin1937,0,Netral,Tenggelam kan singapore,tenggelam kan singapore,"['tenggelam', 'kan', 'singapore']","['tenggelam', 'kan', 'singapore']",tenggelam kan singapore
uasaha apa ya yang singapore punya di indon😂😂😂😂,@FitriHakim-o1g,0,Netral,uasaha apa ya yang singapore punya di indon,uasaha apa ya yang singapore punya di indon,"['uasaha', 'apa', 'ya', 'yang', 'singapore', 'punya', 'di', 'indon']","['uasaha', 'apa', 'ya', 'singapore', 'punya', 'indon']",uasaha apa ya singapore punya indon
Salahkan pejabat kita yg jadi mafia.......,@mypuspus9061,6,Netral,Salahkan pejabat kita yg jadi mafia,salahkan pejabat kita yg jadi mafia,"['salahkan', 'pejabat', 'kita', 'yg', 'jadi', 'mafia']","['salahkan', 'pejabat', 'yg', 'jadi', 'mafia']",salah jabat yg jadi mafia
"​ @mypuspus9061  konglomerat kita yg ngearampok yg lu salahin pemerintah...oh ya,btw konglomerat kita itu statusnya msh rakyat loh walaupun golongan menengah atas,dan ya...ternyata rakyat kita itu bermental maling tp suka nyalah2in pemerintah alias sudah nyata salah tp malah nyalahin orang lain😅",@mierebuspaketelor4996,0,Netral,konglomerat kita yg ngearampok yg lu salahin pemerintahoh yabtw konglomerat kita itu statusnya msh rakyat loh walaupun golongan menengah atasdan yaternyata rakyat kita itu bermental maling tp suka nyalahin pemerintah alias sudah nyata salah tp malah nyalahin orang lain,konglomerat kita yg ngearampok yg lu salahin pemerintahoh yabtw konglomerat kita itu statusnya msh rakyat loh walaupun golongan menengah atasdan yaternyata rakyat kita itu bermental maling tp suka nyalahin pemerintah alias sudah nyata salah tp malah nyalahin orang lain,"['konglomerat', 'kita', 'yg', 'ngearampok', 'yg', 'lu', 'salahin', 'pemerintahoh', 'yabtw', 'konglomerat', 'kita', 'itu', 'statusnya', 'msh', 'rakyat', 'loh', 'walaupun', 'golongan', 'menengah', 'atasdan', 'yaternyata', 'rakyat', 'kita', 'itu', 'bermental', 'maling', 'tp', 'suka', 'nyalahin', 'pemerintah', 'alias', 'sudah', 'nyata', 'salah', 'tp', 'malah', 'nyalahin', 'orang', 'lain']","['konglomerat', 'yg', 'ngearampok', 'yg', 'lu', 'salahin', 'pemerintahoh', 'yabtw', 'konglomerat', 'statusnya', 'msh', 'rakyat', 'loh', 'walaupun', 'golongan', 'menengah', 'atasdan', 'yaternyata', 'rakyat', 'bermental', 'maling', 'tp', 'suka', 'nyalahin', 'pemerintah', 'alias', 'sudah', 'nyata', 'salah', 'tp', 'malah', 'nyalahin', 'orang', 'lain']",konglomerat yg ngearampok yg lu salahin pemerintahoh yabtw konglomerat status msh rakyat loh walaupun golong tengah atasdan yaternyata rakyat mental maling tp suka nyalahin perintah alias sudah nyata salah tp malah nyalahin orang lain
​ @mypuspus9061 pejabat apa konglomerat maling toh mental rakyat kita juga begitu belum ada jabatan mencaci setelah dapat jabatan ikut maling juga,@zaenalabid2729,2,Netral,pejabat apa konglomerat maling toh mental rakyat kita juga begitu belum ada jabatan mencaci setelah dapat jabatan ikut maling juga,pejabat apa konglomerat maling toh mental rakyat kita juga begitu belum ada jabatan mencaci setelah dapat jabatan ikut maling juga,"['pejabat', 'apa', 'konglomerat', 'maling', 'toh', 'mental', 'rakyat', 'kita', 'juga', 'begitu', 'belum', 'ada', 'jabatan', 'mencaci', 'setelah', 'dapat', 'jabatan', 'ikut', 'maling', 'juga']","['pejabat', 'apa', 'konglomerat', 'maling', 'toh', 'mental', 'rakyat', 'begitu', 'belum', 'ada', 'jabatan', 'mencaci', 'setelah', 'dapat', 'jabatan', 'ikut', 'maling']",jabat apa konglomerat maling toh mental rakyat begitu belum ada jabat caci telah dapat jabat ikut maling
Woi blog Londo Ireng dah mendarah daging.......,@okelahco,1,Netral,Woi blog Londo Ireng dah mendarah daging,woi blog londo ireng dah mendarah daging,"['woi', 'blog', 'londo', 'ireng', 'dah', 'mendarah', 'daging']","['woi', 'blog', 'londo', 'ireng', 'dah', 'mendarah', 'daging']",woi blog londo ireng dah darah daging
Dalam sistem kapitalis memang hal itu boleh boleh saja kembali lagi emang yang bolehin indo dirampok siapa warga apa oknumnya,@ARGUSEROR,0,Netral,Dalam sistem kapitalis memang hal itu boleh boleh saja kembali lagi emang yang bolehin indo dirampok siapa warga apa oknumnya,dalam sistem kapitalis memang hal itu boleh boleh saja kembali lagi emang yang bolehin indo dirampok siapa warga apa oknumnya,"['dalam', 'sistem', 'kapitalis', 'memang', 'hal', 'itu', 'boleh', 'boleh', 'saja', 'kembali', 'lagi', 'emang', 'yang', 'bolehin', 'indo', 'dirampok', 'siapa', 'warga', 'apa', 'oknumnya']","['dalam', 'sistem', 'kapitalis', 'memang', 'hal', 'boleh', 'boleh', 'saja', 'kembali', 'lagi', 'emang', 'bolehin', 'indo', 'dirampok', 'siapa', 'warga', 'apa', 'oknumnya']",dalam sistem kapitalis memang hal boleh boleh saja kembali lagi emang bolehin indo rampok siapa warga apa oknum
"Selama Russia & Tiongkok masih berdiri kokoh, Insya Allah Indonesia aman2 saja",@alparslankhaan1071,2,Netral,Selama Russia Tiongkok masih berdiri kokoh Insya Allah Indonesia aman saja,selama russia tiongkok masih berdiri kokoh insya allah indonesia aman saja,"['selama', 'russia', 'tiongkok', 'masih', 'berdiri', 'kokoh', 'insya', 'allah', 'indonesia', 'aman', 'saja']","['selama', 'russia', 'tiongkok', 'masih', 'berdiri', 'kokoh', 'insya', 'allah', 'indonesia', 'aman', 'saja']",lama russia tiongkok masih diri kokoh insya allah indonesia aman saja
😂😂😂,@navigasiin,1,Netral,,,[],[],
Ini semua salah malaydesh 🤣🇲🇾♥️🇧🇩,@malaydesh_babu_british,0,Netral,Ini semua salah malaydesh,ini semua salah malaydesh,"['ini', 'semua', 'salah', 'malaydesh']","['semua', 'salah', 'malaydesh']",semua salah malaydesh
"​ @malaydesh_babu_british 
Betul ... Habis semua tkw dientoot'nya. 

👉👉👉 #tkwvsbangla",@EfendiHasan-l6o,1,Netral,Betul Habis semua tkw dientootnya,betul habis semua tkw dientootnya,"['betul', 'habis', 'semua', 'tkw', 'dientootnya']","['betul', 'habis', 'semua', 'tkw', 'dientootnya']",betul habis semua tkw dientootnya
"Tp pr pejabat pr artis , org kaya Indonesia pd suka jalan 2 belanja 2 berobat dan menyimpat dwitnya ke singalapar .",@Eyangjoliejolie,2,Netral,Tp pr pejabat pr artis org kaya Indonesia pd suka jalan belanja berobat dan menyimpat dwitnya ke singalapar,tp pr pejabat pr artis org kaya indonesia pd suka jalan belanja berobat dan menyimpat dwitnya ke singalapar,"['tp', 'pr', 'pejabat', 'pr', 'artis', 'org', 'kaya', 'indonesia', 'pd', 'suka', 'jalan', 'belanja', 'berobat', 'dan', 'menyimpat', 'dwitnya', 'ke', 'singalapar']","['tp', 'pr', 'pejabat', 'pr', 'artis', 'org', 'kaya', 'indonesia', 'pd', 'suka', 'jalan', 'belanja', 'berobat', 'menyimpat', 'dwitnya', 'singalapar']",tp pr jabat pr artis org kaya indonesia pd suka jalan belanja obat simpat dwitnya singalapar
 @Eyangjoliejolie Singa Poor = Singa Miskin 😂😂,@alparslankhaan1071,0,Netral,Singa Poor Singa Miskin,singa poor singa miskin,"['singa', 'poor', 'singa', 'miskin']","['singa', 'poor', 'singa', 'miskin']",singa poor singa miskin
Bilangin hilangkan dari peta asia 😂,@Belumliat,1,Netral,Bilangin hilangkan dari peta asia,bilangin hilangkan dari peta asia,"['bilangin', 'hilangkan', 'dari', 'peta', 'asia']","['bilangin', 'hilangkan', 'peta', 'asia']",bilangin hilang peta asia
​ @Belumliat jatuhin gas LPG 3 kg😂 mo nyumbang brp?,@Operasisenyap-x4t,0,Netral,jatuhin gas LPG kg mo nyumbang brp,jatuhin gas lpg kg mo nyumbang brp,"['jatuhin', 'gas', 'lpg', 'kg', 'mo', 'nyumbang', 'brp']","['jatuhin', 'gas', 'lpg', 'kg', 'mo', 'nyumbang', 'brp']",jatuhin gas lpg kg mo nyumbang brp
Ah jangan jangan lu aja kali yang ga mampu jalan jalan ke singapura. Sirik aja jadi orang,@maRvelus01,0,Netral,Ah jangan jangan lu aja kali yang ga mampu jalan jalan ke singapura Sirik aja jadi orang,ah jangan jangan lu aja kali yang ga mampu jalan jalan ke singapura sirik aja jadi orang,"['ah', 'jangan', 'jangan', 'lu', 'aja', 'kali', 'yang', 'ga', 'mampu', 'jalan', 'jalan', 'ke', 'singapura', 'sirik', 'aja', 'jadi', 'orang']","['ah', 'jangan', 'jangan', 'lu', 'aja', 'kali', 'ga', 'mampu', 'jalan', 'jalan', 'singapura', 'sirik', 'aja', 'jadi', 'orang']",ah jangan jangan lu aja kali ga mampu jalan jalan singapura sirik aja jadi orang
saya termasuk,@sozang7306,0,Netral,saya termasuk,saya termasuk,"['saya', 'termasuk']",['termasuk'],masuk
"hahahah bodoh tiada kaitan dgn USA pon, sikit2 budak amerika. bangang",@hfzhnrazz,0,Netral,hahahah bodoh tiada kaitan dgn USA pon sikit budak amerika bangang,hahahah bodoh tiada kaitan dgn usa pon sikit budak amerika bangang,"['hahahah', 'bodoh', 'tiada', 'kaitan', 'dgn', 'usa', 'pon', 'sikit', 'budak', 'amerika', 'bangang']","['hahahah', 'bodoh', 'tiada', 'kaitan', 'dgn', 'usa', 'pon', 'sikit', 'budak', 'amerika', 'bangang']",hahahah bodoh tiada kait dgn usa pon sikit budak amerika bangang
"Tapi benar usaha  di indonesia ini bahaya , tidak transparan dan lain lain . Intinya kita ini KKN masalah terbesarnya , saham saham ini penuh gorengan , terutama saham pemerintah itu direksi titipan semua bahaya itu , kaya bank cuma 1 saja yang benar dan kuat BCA  ,  mandiri bri bni saham yang di kuasai pemerintah yang jalanin saja gak jelas negara saja di korupsi apalagi usaha .  Fakta di lapangan itu pemerintah tidak pro usaha yang tidak mau di ajak KKN dan menghasilkan bagi oligarki",@finalchoice8668,0,Negatif,Tapi benar usaha di indonesia ini bahaya tidak transparan dan lain lain Intinya kita ini KKN masalah terbesarnya saham saham ini penuh gorengan terutama saham pemerintah itu direksi titipan semua bahaya itu kaya bank cuma saja yang benar dan kuat BCA mandiri bri bni saham yang di kuasai pemerintah yang jalanin saja gak jelas negara saja di korupsi apalagi usaha Fakta di lapangan itu pemerintah tidak pro usaha yang tidak mau di ajak KKN dan menghasilkan bagi oligarki,tapi benar usaha di indonesia ini bahaya tidak transparan dan lain lain intinya kita ini kkn masalah terbesarnya saham saham ini penuh gorengan terutama saham pemerintah itu direksi titipan semua bahaya itu kaya bank cuma saja yang benar dan kuat bca mandiri bri bni saham yang di kuasai pemerintah yang jalanin saja gak jelas negara saja di korupsi apalagi usaha fakta di lapangan itu pemerintah tidak pro usaha yang tidak mau di ajak kkn dan menghasilkan bagi oligarki,"['tapi', 'benar', 'usaha', 'di', 'indonesia', 'ini', 'bahaya', 'tidak', 'transparan', 'dan', 'lain', 'lain', 'intinya', 'kita', 'ini', 'kkn', 'masalah', 'terbesarnya', 'saham', 'saham', 'ini', 'penuh', 'gorengan', 'terutama', 'saham', 'pemerintah', 'itu', 'direksi', 'titipan', 'semua', 'bahaya', 'itu', 'kaya', 'bank', 'cuma', 'saja', 'yang', 'benar', 'dan', 'kuat', 'bca', 'mandiri', 'bri', 'bni', 'saham', 'yang', 'di', 'kuasai', 'pemerintah', 'yang', 'jalanin', 'saja', 'gak', 'jelas', 'negara', 'saja', 'di', 'korupsi', 'apalagi', 'usaha', 'fakta', 'di', 'lapangan', 'itu', 'pemerintah', 'tidak', 'pro', 'usaha', 'yang', 'tidak', 'mau', 'di', 'ajak', 'kkn', 'dan', 'menghasilkan', 'bagi', 'oligarki']","['tapi', 'benar', 'usaha', 'indonesia', 'bahaya', 'tidak', 'transparan', 'lain', 'lain', 'intinya', 'kkn', 'masalah', 'terbesarnya', 'saham', 'saham', 'penuh', 'gorengan', 'terutama', 'saham', 'pemerintah', 'direksi', 'titipan', 'semua', 'bahaya', 'kaya', 'bank', 'cuma', 'saja', 'benar', 'kuat', 'bca', 'mandiri', 'bri', 'bni', 'saham', 'kuasai', 'pemerintah', 'jalanin', 'saja', 'gak', 'jelas', 'negara', 'saja', 'korupsi', 'apalagi', 'usaha', 'fakta', 'lapangan', 'pemerintah', 'tidak', 'pro', 'usaha', 'tidak', 'mau', 'ajak', 'kkn', 'menghasilkan', 'bagi', 'oligarki']",tapi benar usaha indonesia bahaya tidak transparan lain lain inti kkn masalah besar saham saham penuh goreng utama saham perintah direksi titip semua bahaya kaya bank cuma saja benar kuat bca mandiri bri bni saham kuasa perintah jalanin saja gak jelas negara saja korupsi apalagi usaha fakta lapang perintah tidak pro usaha tidak mau ajak kkn hasil bagi oligarki
websitge KSEI nya aja kayaknya udah lamaaaa gak diupdate,@hannadanarslan,0,Netral,websitge KSEI nya aja kayaknya udah lamaaaa gak diupdate,websitge ksei nya aja kayaknya udah lamaaaa gak diupdate,"['websitge', 'ksei', 'nya', 'aja', 'kayaknya', 'udah', 'lamaaaa', 'gak', 'diupdate']","['websitge', 'ksei', 'nya', 'aja', 'kayaknya', 'udah', 'lamaaaa', 'gak', 'diupdate']",websitge ksei nya aja kayak udah lamaaaa gak diupdate
"Media2 yg nyebarin berita hoak, mereka itu kurang MBG 😂😂😂 jd banyak yg stanting bang 😂😂😂😂",@antoniBaturaja-d8m3w,0,Netral,Media yg nyebarin berita hoak mereka itu kurang MBG jd banyak yg stanting bang,media yg nyebarin berita hoak mereka itu kurang mbg jd banyak yg stanting bang,"['media', 'yg', 'nyebarin', 'berita', 'hoak', 'mereka', 'itu', 'kurang', 'mbg', 'jd', 'banyak', 'yg', 'stanting', 'bang']","['media', 'yg', 'nyebarin', 'berita', 'hoak', 'mereka', 'kurang', 'mbg', 'jd', 'banyak', 'yg', 'stanting', 'bang']",media yg nyebarin berita hoak mereka kurang mbg jd banyak yg stanting bang
Orang tolol dan bodoh....juga antek antek asing banyak di Indonesia termasuk menyusup menggunakan tangan mahasewa mahasewa bodoh,@riawanprabowo5600,0,Netral,Orang tolol dan bodohjuga antek antek asing banyak di Indonesia termasuk menyusup menggunakan tangan mahasewa mahasewa bodoh,orang tolol dan bodohjuga antek antek asing banyak di indonesia termasuk menyusup menggunakan tangan mahasewa mahasewa bodoh,"['orang', 'tolol', 'dan', 'bodohjuga', 'antek', 'antek', 'asing', 'banyak', 'di', 'indonesia', 'termasuk', 'menyusup', 'menggunakan', 'tangan', 'mahasewa', 'mahasewa', 'bodoh']","['orang', 'tolol', 'bodohjuga', 'antek', 'antek', 'asing', 'banyak', 'indonesia', 'termasuk', 'menyusup', 'menggunakan', 'tangan', 'mahasewa', 'mahasewa', 'bodoh']",orang tolol bodohjuga antek antek asing banyak indonesia masuk susup guna tangan mahasewa mahasewa bodoh
Majalah tempe tahu.bikin k,@SunarSunarjo-z9h,0,Netral,Majalah tempe tahubikin k,majalah tempe tahubikin k,"['majalah', 'tempe', 'tahubikin', 'k']","['majalah', 'tempe', 'tahubikin', 'k']",majalah tempe tahubikin k
"Emak sama bapak u bikin u gelap gelapan, Indonesia baik2 aja orang goblok yang doain negaranya bangkrut",@kingfarm4147,0,Positif,Emak sama bapak u bikin u gelap gelapan Indonesia baik aja orang goblok yang doain negaranya bangkrut,emak sama bapak u bikin u gelap gelapan indonesia baik aja orang goblok yang doain negaranya bangkrut,"['emak', 'sama', 'bapak', 'u', 'bikin', 'u', 'gelap', 'gelapan', 'indonesia', 'baik', 'aja', 'orang', 'goblok', 'yang', 'doain', 'negaranya', 'bangkrut']","['emak', 'sama', 'bapak', 'u', 'bikin', 'u', 'gelap', 'gelapan', 'indonesia', 'baik', 'aja', 'orang', 'goblok', 'doain', 'negaranya', 'bangkrut']",emak sama bapak u bikin u gelap gelap indonesia baik aja orang goblok doain negara bangkrut
Wkwkwkw... Tukang cireng sempol sampai emak emak penjual jamu sudah faham  politik ekonomi apalagi jos Soros,@ayomain2022,0,Netral,Wkwkwkw Tukang cireng sempol sampai emak emak penjual jamu sudah faham politik ekonomi apalagi jos Soros,wkwkwkw tukang cireng sempol sampai emak emak penjual jamu sudah faham politik ekonomi apalagi jos soros,"['wkwkwkw', 'tukang', 'cireng', 'sempol', 'sampai', 'emak', 'emak', 'penjual', 'jamu', 'sudah', 'faham', 'politik', 'ekonomi', 'apalagi', 'jos', 'soros']","['wkwkwkw', 'tukang', 'cireng', 'sempol', 'sampai', 'emak', 'emak', 'penjual', 'jamu', 'sudah', 'faham', 'politik', 'ekonomi', 'apalagi', 'jos', 'soros']",wkwkwkw tukang cireng sempol sampai emak emak jual jamu sudah faham politik ekonomi apalagi jos soros
"Masih menunggu video Om Bennix roasting ""Professor peliharaan Goerge Soros""😂😂",@pembayunbuyung7059,1,Netral,Masih menunggu video Om Bennix roasting Professor peliharaan Goerge Soros,masih menunggu video om bennix roasting professor peliharaan goerge soros,"['masih', 'menunggu', 'video', 'om', 'bennix', 'roasting', 'professor', 'peliharaan', 'goerge', 'soros']","['masih', 'menunggu', 'video', 'om', 'bennix', 'roasting', 'professor', 'peliharaan', 'goerge', 'soros']",masih tunggu video om bennix roasting professor pelihara goerge soros
"Yg selalu mengambil kesimpulan negatif tentang Indonesia, mereka kaum sakit hati/kaum kalah pilpres   .",@Nurinsan01,0,Netral,Yg selalu mengambil kesimpulan negatif tentang Indonesia mereka kaum sakit hatikaum kalah pilpres,yg selalu mengambil kesimpulan negatif tentang indonesia mereka kaum sakit hatikaum kalah pilpres,"['yg', 'selalu', 'mengambil', 'kesimpulan', 'negatif', 'tentang', 'indonesia', 'mereka', 'kaum', 'sakit', 'hatikaum', 'kalah', 'pilpres']","['yg', 'selalu', 'mengambil', 'kesimpulan', 'negatif', 'tentang', 'indonesia', 'mereka', 'kaum', 'sakit', 'hatikaum', 'kalah', 'pilpres']",yg selalu ambil simpul negatif tentang indonesia mereka kaum sakit hatikaum kalah pilpres
"MSCI group nya JP Morgan... Fakta terbukti manipulasi bursa dan terjerat hukum.. Dia minta transparan ke negara lain agar mudah dimanipulasi. 
Dari dulu Gua gak percaya review nya.. Bodoh amat
Maju terus indo.. Tetep perbaiki jangan peduli MSCI",@mustamekonline,1,Positif,MSCI group nya JP Morgan Fakta terbukti manipulasi bursa dan terjerat hukum Dia minta transparan ke negara lain agar mudah dimanipulasi Dari dulu Gua gak percaya review nya Bodoh amat Maju terus indo Tetep perbaiki jangan peduli MSCI,msci group nya jp morgan fakta terbukti manipulasi bursa dan terjerat hukum dia minta transparan ke negara lain agar mudah dimanipulasi dari dulu gua gak percaya review nya bodoh amat maju terus indo tetep perbaiki jangan peduli msci,"['msci', 'group', 'nya', 'jp', 'morgan', 'fakta', 'terbukti', 'manipulasi', 'bursa', 'dan', 'terjerat', 'hukum', 'dia', 'minta', 'transparan', 'ke', 'negara', 'lain', 'agar', 'mudah', 'dimanipulasi', 'dari', 'dulu', 'gua', 'gak', 'percaya', 'review', 'nya', 'bodoh', 'amat', 'maju', 'terus', 'indo', 'tetep', 'perbaiki', 'jangan', 'peduli', 'msci']","['msci', 'group', 'nya', 'jp', 'morgan', 'fakta', 'terbukti', 'manipulasi', 'bursa', 'terjerat', 'hukum', 'dia', 'minta', 'transparan', 'negara', 'lain', 'agar', 'mudah', 'dimanipulasi', 'dulu', 'gua', 'gak', 'percaya', 'review', 'nya', 'bodoh', 'amat', 'maju', 'terus', 'indo', 'tetep', 'perbaiki', 'jangan', 'peduli', 'msci']",msci group nya jp morgan fakta bukti manipulasi bursa jerat hukum dia minta transparan negara lain agar mudah manipulasi dulu gua gak percaya review nya bodoh amat maju terus indo tetep baik jangan peduli msci
"OJK keliatannya msh pasif, dibanding bapepam dulu",@langitcerah-jt7qk,1,Netral,OJK keliatannya msh pasif dibanding bapepam dulu,ojk keliatannya msh pasif dibanding bapepam dulu,"['ojk', 'keliatannya', 'msh', 'pasif', 'dibanding', 'bapepam', 'dulu']","['ojk', 'keliatannya', 'msh', 'pasif', 'dibanding', 'bapepam', 'dulu']",ojk liat msh pasif banding bapepam dulu
"ya ada plus minusnya sih bursa kita ambruk gara2 george soros , kapan lagi bisa beli BBCA di 5000.",@vendry7234,11,Netral,ya ada plus minusnya sih bursa kita ambruk gara george soros kapan lagi bisa beli BBCA di,ya ada plus minusnya sih bursa kita ambruk gara george soros kapan lagi bisa beli bbca di,"['ya', 'ada', 'plus', 'minusnya', 'sih', 'bursa', 'kita', 'ambruk', 'gara', 'george', 'soros', 'kapan', 'lagi', 'bisa', 'beli', 'bbca', 'di']","['ya', 'ada', 'plus', 'minusnya', 'sih', 'bursa', 'ambruk', 'gara', 'george', 'soros', 'kapan', 'lagi', 'bisa', 'beli', 'bbca']",ya ada plus minus sih bursa ambruk gara george soros kapan lagi bisa beli bbca
"Waduh memang kacau untuk para analis di negeri wakanda, memang cuman bisa membuat masyarakat panik doang sampah",@andregista,1,Netral,Waduh memang kacau untuk para analis di negeri wakanda memang cuman bisa membuat masyarakat panik doang sampah,waduh memang kacau untuk para analis di negeri wakanda memang cuman bisa membuat masyarakat panik doang sampah,"['waduh', 'memang', 'kacau', 'untuk', 'para', 'analis', 'di', 'negeri', 'wakanda', 'memang', 'cuman', 'bisa', 'membuat', 'masyarakat', 'panik', 'doang', 'sampah']","['waduh', 'memang', 'kacau', 'para', 'analis', 'negeri', 'wakanda', 'memang', 'cuman', 'bisa', 'membuat', 'masyarakat', 'panik', 'doang', 'sampah']",waduh memang kacau para analis negeri wakanda memang cuman bisa buat masyarakat panik doang sampah
Mas tyo itu salah satu orang yg berjasa buat george soros g ya?,@stoklingbos,0,Netral,Mas tyo itu salah satu orang yg berjasa buat george soros g ya,mas tyo itu salah satu orang yg berjasa buat george soros g ya,"['mas', 'tyo', 'itu', 'salah', 'satu', 'orang', 'yg', 'berjasa', 'buat', 'george', 'soros', 'g', 'ya']","['mas', 'tyo', 'salah', 'satu', 'orang', 'yg', 'berjasa', 'buat', 'george', 'soros', 'g', 'ya']",mas tyo salah satu orang yg jasa buat george soros g ya
"MSCI lagi nunggu ""cuaca"" paling menguntungkan Bossnya apa..sebaiknya in time of storm stay rooted..focus pada value dan evaluasi fundamental :_SEDIH:",@felixnyoman,0,Positif,MSCI lagi nunggu cuaca paling menguntungkan Bossnya apasebaiknya in time of storm stay rootedfocus pada value dan evaluasi fundamental SEDIH,msci lagi nunggu cuaca paling menguntungkan bossnya apasebaiknya in time of storm stay rootedfocus pada value dan evaluasi fundamental sedih,"['msci', 'lagi', 'nunggu', 'cuaca', 'paling', 'menguntungkan', 'bossnya', 'apasebaiknya', 'in', 'time', 'of', 'storm', 'stay', 'rootedfocus', 'pada', 'value', 'dan', 'evaluasi', 'fundamental', 'sedih']","['msci', 'lagi', 'nunggu', 'cuaca', 'paling', 'menguntungkan', 'bossnya', 'apasebaiknya', 'in', 'time', 'of', 'storm', 'stay', 'rootedfocus', 'value', 'evaluasi', 'fundamental', 'sedih']",msci lagi nunggu cuaca paling untung bossnya apasebaiknya in time of storm stay rootedfocus value evaluasi fundamental sedih
negara salah urus,@xxx-x2q4r,0,Netral,negara salah urus,negara salah urus,"['negara', 'salah', 'urus']","['negara', 'salah', 'urus']",negara salah urus
Lah bukannya yg ngegoreng isu MSCI ke frontier market kan elu juga om 🗿,@lhunt1371,0,Netral,Lah bukannya yg ngegoreng isu MSCI ke frontier market kan elu juga om,lah bukannya yg ngegoreng isu msci ke frontier market kan elu juga om,"['lah', 'bukannya', 'yg', 'ngegoreng', 'isu', 'msci', 'ke', 'frontier', 'market', 'kan', 'elu', 'juga', 'om']","['lah', 'bukannya', 'yg', 'ngegoreng', 'isu', 'msci', 'frontier', 'market', 'kan', 'elu', 'om']",lah bukan yg ngegoreng isu msci frontier market kan elu om
"Yg jelas banyak yg g suka kalau indonesia makmur dan sejahtera jadi hati"" warga negara indonesia.jgn mudah di Adu domba karena nantinya anak cucu kita yg sengsara.tetap kita gaungkan bersatu kita teguh bercerai kita runtuh. Jgn tergiur uang receh .kita harus satukan hati tegak kan KEDAULATAN RAKYAT.💪💪💪",@WiniYuliati,1,Netral,Yg jelas banyak yg g suka kalau indonesia makmur dan sejahtera jadi hati warga negara indonesiajgn mudah di Adu domba karena nantinya anak cucu kita yg sengsaratetap kita gaungkan bersatu kita teguh bercerai kita runtuh Jgn tergiur uang receh kita harus satukan hati tegak kan KEDAULATAN RAKYAT,yg jelas banyak yg g suka kalau indonesia makmur dan sejahtera jadi hati warga negara indonesiajgn mudah di adu domba karena nantinya anak cucu kita yg sengsaratetap kita gaungkan bersatu kita teguh bercerai kita runtuh jgn tergiur uang receh kita harus satukan hati tegak kan kedaulatan rakyat,"['yg', 'jelas', 'banyak', 'yg', 'g', 'suka', 'kalau', 'indonesia', 'makmur', 'dan', 'sejahtera', 'jadi', 'hati', 'warga', 'negara', 'indonesiajgn', 'mudah', 'di', 'adu', 'domba', 'karena', 'nantinya', 'anak', 'cucu', 'kita', 'yg', 'sengsaratetap', 'kita', 'gaungkan', 'bersatu', 'kita', 'teguh', 'bercerai', 'kita', 'runtuh', 'jgn', 'tergiur', 'uang', 'receh', 'kita', 'harus', 'satukan', 'hati', 'tegak', 'kan', 'kedaulatan', 'rakyat']","['yg', 'jelas', 'banyak', 'yg', 'g', 'suka', 'kalau', 'indonesia', 'makmur', 'sejahtera', 'jadi', 'hati', 'warga', 'negara', 'indonesiajgn', 'mudah', 'adu', 'domba', 'nantinya', 'anak', 'cucu', 'yg', 'sengsaratetap', 'gaungkan', 'bersatu', 'teguh', 'bercerai', 'runtuh', 'jgn', 'tergiur', 'uang', 'receh', 'harus', 'satukan', 'hati', 'tegak', 'kan', 'kedaulatan', 'rakyat']",yg jelas banyak yg g suka kalau indonesia makmur sejahtera jadi hati warga negara indonesiajgn mudah adu domba nanti anak cucu yg sengsaratetap gaung satu teguh cerai runtuh jgn giur uang receh harus satu hati tegak kan daulat rakyat
"Alhamdulillah.
Terimakasih Bennix, kamu memberi pencerahan diantara manusia dungu yang memikirkan perutnya sendiri.",@WahyuHidayat-d5o,1,Netral,Alhamdulillah Terimakasih Bennix kamu memberi pencerahan diantara manusia dungu yang memikirkan perutnya sendiri,alhamdulillah terimakasih bennix kamu memberi pencerahan diantara manusia dungu yang memikirkan perutnya sendiri,"['alhamdulillah', 'terimakasih', 'bennix', 'kamu', 'memberi', 'pencerahan', 'diantara', 'manusia', 'dungu', 'yang', 'memikirkan', 'perutnya', 'sendiri']","['alhamdulillah', 'terimakasih', 'bennix', 'kamu', 'memberi', 'pencerahan', 'diantara', 'manusia', 'dungu', 'memikirkan', 'perutnya', 'sendiri']",alhamdulillah terimakasih bennix kamu beri cerah antara manusia dungu pikir perut sendiri
"klo MSCI mengumumkan tgl 23 Juni, Ramalan Bang Ben Miss,hehe MSCI tdk mengundur jadwal pengumumannya.",@hannadanarslan,0,Netral,klo MSCI mengumumkan tgl Juni Ramalan Bang Ben Misshehe MSCI tdk mengundur jadwal pengumumannya,klo msci mengumumkan tgl juni ramalan bang ben misshehe msci tdk mengundur jadwal pengumumannya,"['klo', 'msci', 'mengumumkan', 'tgl', 'juni', 'ramalan', 'bang', 'ben', 'misshehe', 'msci', 'tdk', 'mengundur', 'jadwal', 'pengumumannya']","['klo', 'msci', 'mengumumkan', 'tgl', 'juni', 'ramalan', 'bang', 'ben', 'misshehe', 'msci', 'tdk', 'mengundur', 'jadwal', 'pengumumannya']",klo msci umum tgl juni ramal bang ben misshehe msci tdk undur jadwal umum
Saya suka imfo benik datanya obyektif .dan tetap bela kepentingan rakyat.,@undangleo5863,120,Netral,Saya suka imfo benik datanya obyektif dan tetap bela kepentingan rakyat,saya suka imfo benik datanya obyektif dan tetap bela kepentingan rakyat,"['saya', 'suka', 'imfo', 'benik', 'datanya', 'obyektif', 'dan', 'tetap', 'bela', 'kepentingan', 'rakyat']","['suka', 'imfo', 'benik', 'datanya', 'obyektif', 'tetap', 'bela', 'kepentingan', 'rakyat']",suka imfo benik data obyektif tetap bela penting rakyat
🤣👍,@hakeemdj368,0,Netral,,,[],[],
"Me too. Bahkan yg dikeluarkan dr MSCI juga perusahaan yang masih worth it untuk dibeli. MSCI kan cuman indeks, untuk memudahkan, kurasa investor punya cara berpikir masing2",@rossyacrochet,0,Netral,Me too Bahkan yg dikeluarkan dr MSCI juga perusahaan yang masih worth it untuk dibeli MSCI kan cuman indeks untuk memudahkan kurasa investor punya cara berpikir masing,me too bahkan yg dikeluarkan dr msci juga perusahaan yang masih worth it untuk dibeli msci kan cuman indeks untuk memudahkan kurasa investor punya cara berpikir masing,"['me', 'too', 'bahkan', 'yg', 'dikeluarkan', 'dr', 'msci', 'juga', 'perusahaan', 'yang', 'masih', 'worth', 'it', 'untuk', 'dibeli', 'msci', 'kan', 'cuman', 'indeks', 'untuk', 'memudahkan', 'kurasa', 'investor', 'punya', 'cara', 'berpikir', 'masing']","['me', 'too', 'bahkan', 'yg', 'dikeluarkan', 'dr', 'msci', 'perusahaan', 'masih', 'worth', 'it', 'dibeli', 'msci', 'kan', 'cuman', 'indeks', 'memudahkan', 'kurasa', 'investor', 'punya', 'cara', 'berpikir', 'masing']",me too bahkan yg keluar dr msci usaha masih worth it beli msci kan cuman indeks mudah rasa investor punya cara pikir masing
4000 😂😂😂,@firmanhadiwicaksono3397,0,Netral,,,[],[],
emang kapan dia ngomong klo indo bakalan pasti ke frontier?😂,@fajrimaulanasaputra3400,0,Netral,emang kapan dia ngomong klo indo bakalan pasti ke frontier,emang kapan dia ngomong klo indo bakalan pasti ke frontier,"['emang', 'kapan', 'dia', 'ngomong', 'klo', 'indo', 'bakalan', 'pasti', 'ke', 'frontier']","['emang', 'kapan', 'dia', 'ngomong', 'klo', 'indo', 'bakalan', 'pasti', 'frontier']",emang kapan dia ngomong klo indo bakal pasti frontier
​​ @fajrimaulanasaputra3400 gak ngomong bakal ke frontier market tapi ada videonya konteks a indonesia diserang MSCI bahkan om bennix bilang sendiri 60% dia percaya kalau Indonesia bakal di down grade saat itu,@lhunt1371,0,Netral,gak ngomong bakal ke frontier market tapi ada videonya konteks a indonesia diserang MSCI bahkan om bennix bilang sendiri dia percaya kalau Indonesia bakal di down grade saat itu,gak ngomong bakal ke frontier market tapi ada videonya konteks a indonesia diserang msci bahkan om bennix bilang sendiri dia percaya kalau indonesia bakal di down grade saat itu,"['gak', 'ngomong', 'bakal', 'ke', 'frontier', 'market', 'tapi', 'ada', 'videonya', 'konteks', 'a', 'indonesia', 'diserang', 'msci', 'bahkan', 'om', 'bennix', 'bilang', 'sendiri', 'dia', 'percaya', 'kalau', 'indonesia', 'bakal', 'di', 'down', 'grade', 'saat', 'itu']","['gak', 'ngomong', 'bakal', 'frontier', 'market', 'tapi', 'ada', 'videonya', 'konteks', 'a', 'indonesia', 'diserang', 'msci', 'bahkan', 'om', 'bennix', 'bilang', 'sendiri', 'dia', 'percaya', 'kalau', 'indonesia', 'bakal', 'down', 'grade', 'saat']",gak ngomong bakal frontier market tapi ada video konteks a indonesia serang msci bahkan om bennix bilang sendiri dia percaya kalau indonesia bakal down grade saat
"Jika benar Bennix memihak kepada anak bangsa kenapa dikenakan yuran belajar trading 10juta? Gratisin aja bikin konten tutorial.. sok ngomong aja si bennix ni, ujungnya sama spt yang diatas, memeras yang dibawah.. sedihnya ramai yang belum sadar.",@mycatmaui1969,3,Netral,Jika benar Bennix memihak kepada anak bangsa kenapa dikenakan yuran belajar trading juta Gratisin aja bikin konten tutorial sok ngomong aja si bennix ni ujungnya sama spt yang diatas memeras yang dibawah sedihnya ramai yang belum sadar,jika benar bennix memihak kepada anak bangsa kenapa dikenakan yuran belajar trading juta gratisin aja bikin konten tutorial sok ngomong aja si bennix ni ujungnya sama spt yang diatas memeras yang dibawah sedihnya ramai yang belum sadar,"['jika', 'benar', 'bennix', 'memihak', 'kepada', 'anak', 'bangsa', 'kenapa', 'dikenakan', 'yuran', 'belajar', 'trading', 'juta', 'gratisin', 'aja', 'bikin', 'konten', 'tutorial', 'sok', 'ngomong', 'aja', 'si', 'bennix', 'ni', 'ujungnya', 'sama', 'spt', 'yang', 'diatas', 'memeras', 'yang', 'dibawah', 'sedihnya', 'ramai', 'yang', 'belum', 'sadar']","['jika', 'benar', 'bennix', 'memihak', 'kepada', 'anak', 'bangsa', 'kenapa', 'dikenakan', 'yuran', 'belajar', 'trading', 'juta', 'gratisin', 'aja', 'bikin', 'konten', 'tutorial', 'sok', 'ngomong', 'aja', 'si', 'bennix', 'ni', 'ujungnya', 'sama', 'spt', 'diatas', 'memeras', 'dibawah', 'sedihnya', 'ramai', 'belum', 'sadar']",jika benar bennix pihak kepada anak bangsa kenapa kena yuran ajar trading juta gratisin aja bikin konten tutorial sok ngomong aja si bennix ni ujung sama spt atas peras bawah sedih ramai belum sadar
​ @mycatmaui1969  kalo kasih gratis trus org yg udah di bantu apa mau jg kasih ilmunya gratis ke orang lain ya.,@Manusiatanpautang,1,Netral,kalo kasih gratis trus org yg udah di bantu apa mau jg kasih ilmunya gratis ke orang lain ya,kalo kasih gratis trus org yg udah di bantu apa mau jg kasih ilmunya gratis ke orang lain ya,"['kalo', 'kasih', 'gratis', 'trus', 'org', 'yg', 'udah', 'di', 'bantu', 'apa', 'mau', 'jg', 'kasih', 'ilmunya', 'gratis', 'ke', 'orang', 'lain', 'ya']","['kalo', 'kasih', 'gratis', 'trus', 'org', 'yg', 'udah', 'bantu', 'apa', 'mau', 'jg', 'kasih', 'ilmunya', 'gratis', 'orang', 'lain', 'ya']",kalo kasih gratis trus org yg udah bantu apa mau jg kasih ilmu gratis orang lain ya
"​ @mycatmaui1969 anda benar harusnya gratis, karena yang masuk trading pasti orang-orang miskin",@widiyantozaini752,0,Netral,anda benar harusnya gratis karena yang masuk trading pasti orangorang miskin,anda benar harusnya gratis karena yang masuk trading pasti orangorang miskin,"['anda', 'benar', 'harusnya', 'gratis', 'karena', 'yang', 'masuk', 'trading', 'pasti', 'orangorang', 'miskin']","['anda', 'benar', 'harusnya', 'gratis', 'masuk', 'trading', 'pasti', 'orangorang', 'miskin']",anda benar harus gratis masuk trading pasti orangorang miskin
​ @mycatmaui1969 10 JT tuh tarket marketingnya orang kaya yang mau menggandakan kekayaan bukan orang miskin,@FajarWijaya-oz8yd,0,Netral,JT tuh tarket marketingnya orang kaya yang mau menggandakan kekayaan bukan orang miskin,jt tuh tarket marketingnya orang kaya yang mau menggandakan kekayaan bukan orang miskin,"['jt', 'tuh', 'tarket', 'marketingnya', 'orang', 'kaya', 'yang', 'mau', 'menggandakan', 'kekayaan', 'bukan', 'orang', 'miskin']","['jt', 'tuh', 'tarket', 'marketingnya', 'orang', 'kaya', 'mau', 'menggandakan', 'kekayaan', 'bukan', 'orang', 'miskin']",jt tuh tarket marketingnya orang kaya mau ganda kaya bukan orang miskin
Buzzer?,@rakyatbiasa837,1,Netral,Buzzer,buzzer,['buzzer'],['buzzer'],buzzer
"​​ @rakyatbiasa837 kalau buzzer boleh berarti orang yang selalu optimis tentang keadaan negara ini, mungkin iya buzzer. Lawannya buzzer adalah orang yang selalu mengeluh dan pesimis tentang kondisi negara ini, bahkan merasa negara sudah gelap, bahkan kepingin nya hancur. Buzzer > < ant3k-ant3k anj1n9 eh salah ant3k-ant3k asin9",@widiyantozaini752,0,Netral,kalau buzzer boleh berarti orang yang selalu optimis tentang keadaan negara ini mungkin iya buzzer Lawannya buzzer adalah orang yang selalu mengeluh dan pesimis tentang kondisi negara ini bahkan merasa negara sudah gelap bahkan kepingin nya hancur Buzzer antkantk anjn eh salah antkantk asin,kalau buzzer boleh berarti orang yang selalu optimis tentang keadaan negara ini mungkin iya buzzer lawannya buzzer adalah orang yang selalu mengeluh dan pesimis tentang kondisi negara ini bahkan merasa negara sudah gelap bahkan kepingin nya hancur buzzer antkantk anjn eh salah antkantk asin,"['kalau', 'buzzer', 'boleh', 'berarti', 'orang', 'yang', 'selalu', 'optimis', 'tentang', 'keadaan', 'negara', 'ini', 'mungkin', 'iya', 'buzzer', 'lawannya', 'buzzer', 'adalah', 'orang', 'yang', 'selalu', 'mengeluh', 'dan', 'pesimis', 'tentang', 'kondisi', 'negara', 'ini', 'bahkan', 'merasa', 'negara', 'sudah', 'gelap', 'bahkan', 'kepingin', 'nya', 'hancur', 'buzzer', 'antkantk', 'anjn', 'eh', 'salah', 'antkantk', 'asin']","['kalau', 'buzzer', 'boleh', 'berarti', 'orang', 'selalu', 'optimis', 'tentang', 'keadaan', 'negara', 'mungkin', 'iya', 'buzzer', 'lawannya', 'buzzer', 'orang', 'selalu', 'mengeluh', 'pesimis', 'tentang', 'kondisi', 'negara', 'bahkan', 'merasa', 'negara', 'sudah', 'gelap', 'bahkan', 'kepingin', 'nya', 'hancur', 'buzzer', 'antkantk', 'anjn', 'eh', 'salah', 'antkantk', 'asin']",kalau buzzer boleh arti orang selalu optimis tentang ada negara mungkin iya buzzer lawan buzzer orang selalu keluh pesimis tentang kondisi negara bahkan rasa negara sudah gelap bahkan kepingin nya hancur buzzer antkantk anjn eh salah antkantk asin
 @rakyatbiasa837  buzzer singapura sampah!!,@kangcilok4878,0,Netral,buzzer singapura sampah,buzzer singapura sampah,"['buzzer', 'singapura', 'sampah']","['buzzer', 'singapura', 'sampah']",buzzer singapura sampah
Berat sebelah iya 😂,@dedecahyaaa,0,Netral,Berat sebelah iya,berat sebelah iya,"['berat', 'sebelah', 'iya']","['berat', 'sebelah', 'iya']",berat belah iya
"Objektif versi wowo, lucu😂😂😂",@YorisGilar,2,Netral,Objektif versi wowo lucu,objektif versi wowo lucu,"['objektif', 'versi', 'wowo', 'lucu']","['objektif', 'versi', 'wowo', 'lucu']",objektif versi wowo lucu
"​ @YorisGilar orang yang berfikir secara subyektif, nggak akan nyambung dengan orang yang berfikir secara obyektif. Kalau sudah benci sama yang ""melakukan"" tidak akan peduli dengan apa yang ""dilakukan""",@widiyantozaini752,5,Netral,orang yang berfikir secara subyektif nggak akan nyambung dengan orang yang berfikir secara obyektif Kalau sudah benci sama yang melakukan tidak akan peduli dengan apa yang dilakukan,orang yang berfikir secara subyektif nggak akan nyambung dengan orang yang berfikir secara obyektif kalau sudah benci sama yang melakukan tidak akan peduli dengan apa yang dilakukan,"['orang', 'yang', 'berfikir', 'secara', 'subyektif', 'nggak', 'akan', 'nyambung', 'dengan', 'orang', 'yang', 'berfikir', 'secara', 'obyektif', 'kalau', 'sudah', 'benci', 'sama', 'yang', 'melakukan', 'tidak', 'akan', 'peduli', 'dengan', 'apa', 'yang', 'dilakukan']","['orang', 'berfikir', 'secara', 'subyektif', 'nggak', 'akan', 'nyambung', 'orang', 'berfikir', 'secara', 'obyektif', 'kalau', 'sudah', 'benci', 'sama', 'melakukan', 'tidak', 'akan', 'peduli', 'apa', 'dilakukan']",orang berfikir cara subyektif nggak akan nyambung orang berfikir cara obyektif kalau sudah benci sama laku tidak akan peduli apa laku
😊😊😊😊😊😊😊😊😊😊Saatnya INDONESIA MENJAJAH....MANTAPPPPPPP❤❤❤❤❤❤❤❤❤❤❤❤❤❤❤❤❤,@bguy8994,0,Positif,Saatnya INDONESIA MENJAJAHMANTAPPPPPPP,saatnya indonesia menjajahmantappppppp,"['saatnya', 'indonesia', 'menjajahmantappppppp']","['saatnya', 'indonesia', 'menjajahmantappppppp']",saat indonesia menjajahmantappppppp
"Klo masih ada uang BUY aja , mau frontier market,mau apa aja gada masalah 
Saatnya gua harus kaya Raya Lagi diskon 50%
Rubah T1 jangan T2 kelamaan udh libur Mulu",@Ridwan11-l2d,1,Negatif,Klo masih ada uang BUY aja mau frontier marketmau apa aja gada masalah Saatnya gua harus kaya Raya Lagi diskon Rubah T jangan T kelamaan udh libur Mulu,klo masih ada uang buy aja mau frontier marketmau apa aja gada masalah saatnya gua harus kaya raya lagi diskon rubah t jangan t kelamaan udh libur mulu,"['klo', 'masih', 'ada', 'uang', 'buy', 'aja', 'mau', 'frontier', 'marketmau', 'apa', 'aja', 'gada', 'masalah', 'saatnya', 'gua', 'harus', 'kaya', 'raya', 'lagi', 'diskon', 'rubah', 't', 'jangan', 't', 'kelamaan', 'udh', 'libur', 'mulu']","['klo', 'masih', 'ada', 'uang', 'buy', 'aja', 'mau', 'frontier', 'marketmau', 'apa', 'aja', 'gada', 'masalah', 'saatnya', 'gua', 'harus', 'kaya', 'raya', 'lagi', 'diskon', 'rubah', 't', 'jangan', 't', 'kelamaan', 'udh', 'libur', 'mulu']",klo masih ada uang buy aja mau frontier marketmau apa aja gada masalah saat gua harus kaya raya lagi diskon rubah t jangan t lama udh libur mulu
Percaya lah kawan..... kita akan di adu domba dg saudara sendiri.yakin asing akan gerakan mahasewa untuk gulingkan pemerintah.... sabar pak prabowo saya keluarga petani siap bentengi dan geger geden sama mahasewa,@sutano45,0,Netral,Percaya lah kawan kita akan di adu domba dg saudara sendiriyakin asing akan gerakan mahasewa untuk gulingkan pemerintah sabar pak prabowo saya keluarga petani siap bentengi dan geger geden sama mahasewa,percaya lah kawan kita akan di adu domba dg saudara sendiriyakin asing akan gerakan mahasewa untuk gulingkan pemerintah sabar pak prabowo saya keluarga petani siap bentengi dan geger geden sama mahasewa,"['percaya', 'lah', 'kawan', 'kita', 'akan', 'di', 'adu', 'domba', 'dg', 'saudara', 'sendiriyakin', 'asing', 'akan', 'gerakan', 'mahasewa', 'untuk', 'gulingkan', 'pemerintah', 'sabar', 'pak', 'prabowo', 'saya', 'keluarga', 'petani', 'siap', 'bentengi', 'dan', 'geger', 'geden', 'sama', 'mahasewa']","['percaya', 'lah', 'kawan', 'akan', 'adu', 'domba', 'dg', 'saudara', 'sendiriyakin', 'asing', 'akan', 'gerakan', 'mahasewa', 'gulingkan', 'pemerintah', 'sabar', 'pak', 'prabowo', 'keluarga', 'petani', 'siap', 'bentengi', 'geger', 'geden', 'sama', 'mahasewa']",percaya lah kawan akan adu domba dg saudara sendiriyakin asing akan gera mahasewa guling perintah sabar pak prabowo keluarga tani siap benteng geger geden sama mahasewa
"Buat patriot bangsa, satukan langkah kita mengawal Indonesia maju, pengkhianat harus kita sikat, brp pun harga yg harus kita bayar atas sikap ini, anak bangsa tdk pernah takut atas konspirasi pengkhianat dan musuh bangsa Indonesia",@newblackberry7921,11,Netral,Buat patriot bangsa satukan langkah kita mengawal Indonesia maju pengkhianat harus kita sikat brp pun harga yg harus kita bayar atas sikap ini anak bangsa tdk pernah takut atas konspirasi pengkhianat dan musuh bangsa Indonesia,buat patriot bangsa satukan langkah kita mengawal indonesia maju pengkhianat harus kita sikat brp pun harga yg harus kita bayar atas sikap ini anak bangsa tdk pernah takut atas konspirasi pengkhianat dan musuh bangsa indonesia,"['buat', 'patriot', 'bangsa', 'satukan', 'langkah', 'kita', 'mengawal', 'indonesia', 'maju', 'pengkhianat', 'harus', 'kita', 'sikat', 'brp', 'pun', 'harga', 'yg', 'harus', 'kita', 'bayar', 'atas', 'sikap', 'ini', 'anak', 'bangsa', 'tdk', 'pernah', 'takut', 'atas', 'konspirasi', 'pengkhianat', 'dan', 'musuh', 'bangsa', 'indonesia']","['buat', 'patriot', 'bangsa', 'satukan', 'langkah', 'mengawal', 'indonesia', 'maju', 'pengkhianat', 'harus', 'sikat', 'brp', 'pun', 'harga', 'yg', 'harus', 'bayar', 'atas', 'sikap', 'anak', 'bangsa', 'tdk', 'pernah', 'takut', 'atas', 'konspirasi', 'pengkhianat', 'musuh', 'bangsa', 'indonesia']",buat patriot bangsa satu langkah awal indonesia maju khianat harus sikat brp pun harga yg harus bayar atas sikap anak bangsa tdk pernah takut atas konspirasi khianat musuh bangsa indonesia
Sakti hariyoso hadir....mas Bennix,@sitifathonah4838,0,Netral,Sakti hariyoso hadirmas Bennix,sakti hariyoso hadirmas bennix,"['sakti', 'hariyoso', 'hadirmas', 'bennix']","['sakti', 'hariyoso', 'hadirmas', 'bennix']",sakti hariyoso hadirmas bennix
Weh... ternyata Malaysia yang bagus bursa efeknya :face-blue-smiling::face-blue-smiling::face-blue-smiling::face-blue-smiling::face-blue-smiling::face-blue-smiling:,@johnsuparko9900,2,Positif,Weh ternyata Malaysia yang bagus bursa efeknya facebluesmilingfacebluesmilingfacebluesmilingfacebluesmilingfacebluesmilingfacebluesmiling,weh ternyata malaysia yang bagus bursa efeknya facebluesmilingfacebluesmilingfacebluesmilingfacebluesmilingfacebluesmilingfacebluesmiling,"['weh', 'ternyata', 'malaysia', 'yang', 'bagus', 'bursa', 'efeknya', 'facebluesmilingfacebluesmilingfacebluesmilingfacebluesmilingfacebluesmilingfacebluesmiling']","['weh', 'ternyata', 'malaysia', 'bagus', 'bursa', 'efeknya', 'facebluesmilingfacebluesmilingfacebluesmilingfacebluesmilingfacebluesmilingfacebluesmiling']",weh nyata malaysia bagus bursa efek facebluesmilingfacebluesmilingfacebluesmilingfacebluesmilingfacebluesmilingfacebluesmiling
Indonesia BISA Indonesia BANGKIT 🔥,@hudandaily_channel9410,10,Netral,Indonesia BISA Indonesia BANGKIT,indonesia bisa indonesia bangkit,"['indonesia', 'bisa', 'indonesia', 'bangkit']","['indonesia', 'bisa', 'indonesia', 'bangkit']",indonesia bisa indonesia bangkit
Para ternak soros dan ternak jokowi tidak pernah senang melihat pemerintahan prabowo,@asdarlasi,1,Positif,Para ternak soros dan ternak jokowi tidak pernah senang melihat pemerintahan prabowo,para ternak soros dan ternak jokowi tidak pernah senang melihat pemerintahan prabowo,"['para', 'ternak', 'soros', 'dan', 'ternak', 'jokowi', 'tidak', 'pernah', 'senang', 'melihat', 'pemerintahan', 'prabowo']","['para', 'ternak', 'soros', 'ternak', 'jokowi', 'tidak', 'pernah', 'senang', 'melihat', 'pemerintahan', 'prabowo']",para ternak soros ternak jokowi tidak pernah senang lihat perintah prabowo
Nonton pengamat di TV juga pada ngaco 😂😂😂,@alihamzah1492,7,Netral,Nonton pengamat di TV juga pada ngaco,nonton pengamat di tv juga pada ngaco,"['nonton', 'pengamat', 'di', 'tv', 'juga', 'pada', 'ngaco']","['nonton', 'pengamat', 'tv', 'ngaco']",nonton amat tv ngaco
"Mahasiswa tloll yg tidak berguna bagi negara...
Demo dibayar oleh oligarki penghianat bangsa yg membuat Indonesia semakin hancur",@lutfiza4098,1,Netral,Mahasiswa tloll yg tidak berguna bagi negara Demo dibayar oleh oligarki penghianat bangsa yg membuat Indonesia semakin hancur,mahasiswa tloll yg tidak berguna bagi negara demo dibayar oleh oligarki penghianat bangsa yg membuat indonesia semakin hancur,"['mahasiswa', 'tloll', 'yg', 'tidak', 'berguna', 'bagi', 'negara', 'demo', 'dibayar', 'oleh', 'oligarki', 'penghianat', 'bangsa', 'yg', 'membuat', 'indonesia', 'semakin', 'hancur']","['mahasiswa', 'tloll', 'yg', 'tidak', 'berguna', 'bagi', 'negara', 'demo', 'dibayar', 'oleh', 'oligarki', 'penghianat', 'bangsa', 'yg', 'membuat', 'indonesia', 'semakin', 'hancur']",mahasiswa tloll yg tidak guna bagi negara demo bayar oleh oligarki penghianat bangsa yg buat indonesia makin hancur
Pasti bnyk yg ga terima ini dibongkar?,@raisamanah,8,Netral,Pasti bnyk yg ga terima ini dibongkar,pasti bnyk yg ga terima ini dibongkar,"['pasti', 'bnyk', 'yg', 'ga', 'terima', 'ini', 'dibongkar']","['pasti', 'bnyk', 'yg', 'ga', 'terima', 'dibongkar']",pasti bnyk yg ga terima bongkar
Org indo sukanya tempe bacem soalnya bg🤣🤣21:40,@amogtuzz2582,0,Netral,Org indo sukanya tempe bacem soalnya bg,org indo sukanya tempe bacem soalnya bg,"['org', 'indo', 'sukanya', 'tempe', 'bacem', 'soalnya', 'bg']","['org', 'indo', 'sukanya', 'tempe', 'bacem', 'soalnya', 'bg']",org indo suka tempe bacem soal bg
"listing tiba2 gocap, GOJEKK WKWKWK",@hood-v4s,0,Netral,listing tiba gocap GOJEKK WKWKWK,listing tiba gocap gojekk wkwkwk,"['listing', 'tiba', 'gocap', 'gojekk', 'wkwkwk']","['listing', 'tiba', 'gocap', 'gojekk', 'wkwkwk']",listing tiba gocap gojekk wkwkwk
"Hancurkan perekonomian Raja Singa ,biar miskin 😂",@djunaidinatan5964,0,Netral,Hancurkan perekonomian Raja Singa biar miskin,hancurkan perekonomian raja singa biar miskin,"['hancurkan', 'perekonomian', 'raja', 'singa', 'biar', 'miskin']","['hancurkan', 'perekonomian', 'raja', 'singa', 'biar', 'miskin']",hancur ekonomi raja singa biar miskin
Kukira ga upload😂,@riyanhidayat3434,0,Netral,Kukira ga upload,kukira ga upload,"['kukira', 'ga', 'upload']","['kukira', 'ga', 'upload']",kira ga upload
Jepang atau sgp yg k2?,@raisamanah,0,Netral,Jepang atau sgp yg k,jepang atau sgp yg k,"['jepang', 'atau', 'sgp', 'yg', 'k']","['jepang', 'sgp', 'yg', 'k']",jepang sgp yg k
Kreeen,@dinasmrsuaraalam3518,0,Netral,Kreeen,kreeen,['kreeen'],['kreeen'],kreeen
Lihat ekonomi lemah lesu bang. Sudah La bukti yg kita butuh kan bukan angan2 dan surga teLinga. Lihat ke bawah bang mencret ekonomi nya,@lisacen8901,0,Netral,Lihat ekonomi lemah lesu bang Sudah La bukti yg kita butuh kan bukan angan dan surga teLinga Lihat ke bawah bang mencret ekonomi nya,lihat ekonomi lemah lesu bang sudah la bukti yg kita butuh kan bukan angan dan surga telinga lihat ke bawah bang mencret ekonomi nya,"['lihat', 'ekonomi', 'lemah', 'lesu', 'bang', 'sudah', 'la', 'bukti', 'yg', 'kita', 'butuh', 'kan', 'bukan', 'angan', 'dan', 'surga', 'telinga', 'lihat', 'ke', 'bawah', 'bang', 'mencret', 'ekonomi', 'nya']","['lihat', 'ekonomi', 'lemah', 'lesu', 'bang', 'sudah', 'la', 'bukti', 'yg', 'butuh', 'kan', 'bukan', 'angan', 'surga', 'telinga', 'lihat', 'bawah', 'bang', 'mencret', 'ekonomi', 'nya']",lihat ekonomi lemah lesu bang sudah la bukti yg butuh kan bukan angan surga telinga lihat bawah bang mencret ekonomi nya
"MSCI akan mundurin pengumuman 3 bulan lagi supaya IHSG bisa dijatuhin sekali lagi kah ????
kalau langsung dibuka lampu hijau, enak lah jadi indonesia bisa fokus benahin semua kebijakkan ekonomi dari MBG, ekspor satu pintu, kalau bisa import juga satu pintu, lalu Hasil devisa bisa diendapin buat memperkuat nilai rupiah, dan yang terutama pembenahan di sektor energi termasuk import bbm dan subsidi gas masak.",@wellywinarto1364,79,Netral,MSCI akan mundurin pengumuman bulan lagi supaya IHSG bisa dijatuhin sekali lagi kah kalau langsung dibuka lampu hijau enak lah jadi indonesia bisa fokus benahin semua kebijakkan ekonomi dari MBG ekspor satu pintu kalau bisa import juga satu pintu lalu Hasil devisa bisa diendapin buat memperkuat nilai rupiah dan yang terutama pembenahan di sektor energi termasuk import bbm dan subsidi gas masak,msci akan mundurin pengumuman bulan lagi supaya ihsg bisa dijatuhin sekali lagi kah kalau langsung dibuka lampu hijau enak lah jadi indonesia bisa fokus benahin semua kebijakkan ekonomi dari mbg ekspor satu pintu kalau bisa import juga satu pintu lalu hasil devisa bisa diendapin buat memperkuat nilai rupiah dan yang terutama pembenahan di sektor energi termasuk import bbm dan subsidi gas masak,"['msci', 'akan', 'mundurin', 'pengumuman', 'bulan', 'lagi', 'supaya', 'ihsg', 'bisa', 'dijatuhin', 'sekali', 'lagi', 'kah', 'kalau', 'langsung', 'dibuka', 'lampu', 'hijau', 'enak', 'lah', 'jadi', 'indonesia', 'bisa', 'fokus', 'benahin', 'semua', 'kebijakkan', 'ekonomi', 'dari', 'mbg', 'ekspor', 'satu', 'pintu', 'kalau', 'bisa', 'import', 'juga', 'satu', 'pintu', 'lalu', 'hasil', 'devisa', 'bisa', 'diendapin', 'buat', 'memperkuat', 'nilai', 'rupiah', 'dan', 'yang', 'terutama', 'pembenahan', 'di', 'sektor', 'energi', 'termasuk', 'import', 'bbm', 'dan', 'subsidi', 'gas', 'masak']","['msci', 'akan', 'mundurin', 'pengumuman', 'bulan', 'lagi', 'supaya', 'ihsg', 'bisa', 'dijatuhin', 'sekali', 'lagi', 'kah', 'kalau', 'langsung', 'dibuka', 'lampu', 'hijau', 'enak', 'lah', 'jadi', 'indonesia', 'bisa', 'fokus', 'benahin', 'semua', 'kebijakkan', 'ekonomi', 'mbg', 'ekspor', 'satu', 'pintu', 'kalau', 'bisa', 'import', 'satu', 'pintu', 'lalu', 'hasil', 'devisa', 'bisa', 'diendapin', 'buat', 'memperkuat', 'nilai', 'rupiah', 'terutama', 'pembenahan', 'sektor', 'energi', 'termasuk', 'import', 'bbm', 'subsidi', 'gas', 'masak']",msci akan mundurin umum bulan lagi supaya ihsg bisa dijatuhin sekali lagi kah kalau langsung buka lampu hijau enak lah jadi indonesia bisa fokus benahin semua bijak ekonomi mbg ekspor satu pintu kalau bisa import satu pintu lalu hasil devisa bisa diendapin buat kuat nilai rupiah utama benah sektor energi masuk import bbm subsidi gas masak
Hajarr om ben😂😂😂otak2 oyosss itu😂😂,@Muzyogifalih09,0,Netral,Hajarr om benotak oyosss itu,hajarr om benotak oyosss itu,"['hajarr', 'om', 'benotak', 'oyosss', 'itu']","['hajarr', 'om', 'benotak', 'oyosss']",hajarr om benotak oyosss
Mantappp,@bguy8994,0,Positif,Mantappp,mantappp,['mantappp'],['mantappp'],mantappp
INDONESIA BANGKITTTTTT BOSSS,@bguy8994,0,Netral,INDONESIA BANGKITTTTTT BOSSS,indonesia bangkitttttt bosss,"['indonesia', 'bangkitttttt', 'bosss']","['indonesia', 'bangkitttttt', 'bosss']",indonesia bangkitttttt bosss
ternyata Om @Bennix ogah nyebutnya 😂😂😂:_MARAH::_MARAH::_MARAH:,@felixnyoman,0,Netral,ternyata Om ogah nyebutnya MARAHMARAHMARAH,ternyata om ogah nyebutnya marahmarahmarah,"['ternyata', 'om', 'ogah', 'nyebutnya', 'marahmarahmarah']","['ternyata', 'om', 'ogah', 'nyebutnya', 'marahmarahmarah']",nyata om ogah nyebutnya marahmarahmarah
👍,@Riskikurniawan-e3y,0,Netral,,,[],[],
Makanya aku udah gak pernah nonton debat² pengamat di tv..dah enek,@deastea79,1,Netral,Makanya aku udah gak pernah nonton debat pengamat di tvdah enek,makanya aku udah gak pernah nonton debat pengamat di tvdah enek,"['makanya', 'aku', 'udah', 'gak', 'pernah', 'nonton', 'debat', 'pengamat', 'di', 'tvdah', 'enek']","['makanya', 'aku', 'udah', 'gak', 'pernah', 'nonton', 'debat', 'pengamat', 'tvdah', 'enek']",makanya aku udah gak pernah nonton debat amat tvdah enek
"Sama saya juga,udah ga nonton debat2 ditv lagi,saya sekarang pantengin yutub bennix aja, biar ga bodoh😊😊",@mounime_official,0,Netral,Sama saya jugaudah ga nonton debat ditv lagisaya sekarang pantengin yutub bennix aja biar ga bodoh,sama saya jugaudah ga nonton debat ditv lagisaya sekarang pantengin yutub bennix aja biar ga bodoh,"['sama', 'saya', 'jugaudah', 'ga', 'nonton', 'debat', 'ditv', 'lagisaya', 'sekarang', 'pantengin', 'yutub', 'bennix', 'aja', 'biar', 'ga', 'bodoh']","['sama', 'jugaudah', 'ga', 'nonton', 'debat', 'ditv', 'lagisaya', 'sekarang', 'pantengin', 'yutub', 'bennix', 'aja', 'biar', 'ga', 'bodoh']",sama jugaudah ga nonton debat ditv lagisaya sekarang pantengin yutub bennix aja biar ga bodoh
Saya suka Tuempek,@Tuempek72,0,Netral,Saya suka Tuempek,saya suka tuempek,"['saya', 'suka', 'tuempek']","['suka', 'tuempek']",suka tuempek
"di live member sudah dijelaskan sama Om Ben udah dari berapa minggu lalu memang bakal ditunda ini kalau seandainya tidak langsung diturunkan di frontier market makanya MSCI itu bisa jadi tunda untuk menunggu event besar yang bakal obrak abrik indonesia, terutama di bagian minyak. supaya ada alasan buat turunin frontier🤣 😂",@yuuza7818,9,Netral,di live member sudah dijelaskan sama Om Ben udah dari berapa minggu lalu memang bakal ditunda ini kalau seandainya tidak langsung diturunkan di frontier market makanya MSCI itu bisa jadi tunda untuk menunggu event besar yang bakal obrak abrik indonesia terutama di bagian minyak supaya ada alasan buat turunin frontier,di live member sudah dijelaskan sama om ben udah dari berapa minggu lalu memang bakal ditunda ini kalau seandainya tidak langsung diturunkan di frontier market makanya msci itu bisa jadi tunda untuk menunggu event besar yang bakal obrak abrik indonesia terutama di bagian minyak supaya ada alasan buat turunin frontier,"['di', 'live', 'member', 'sudah', 'dijelaskan', 'sama', 'om', 'ben', 'udah', 'dari', 'berapa', 'minggu', 'lalu', 'memang', 'bakal', 'ditunda', 'ini', 'kalau', 'seandainya', 'tidak', 'langsung', 'diturunkan', 'di', 'frontier', 'market', 'makanya', 'msci', 'itu', 'bisa', 'jadi', 'tunda', 'untuk', 'menunggu', 'event', 'besar', 'yang', 'bakal', 'obrak', 'abrik', 'indonesia', 'terutama', 'di', 'bagian', 'minyak', 'supaya', 'ada', 'alasan', 'buat', 'turunin', 'frontier']","['live', 'member', 'sudah', 'dijelaskan', 'sama', 'om', 'ben', 'udah', 'berapa', 'minggu', 'lalu', 'memang', 'bakal', 'ditunda', 'kalau', 'seandainya', 'tidak', 'langsung', 'diturunkan', 'frontier', 'market', 'makanya', 'msci', 'bisa', 'jadi', 'tunda', 'menunggu', 'event', 'besar', 'bakal', 'obrak', 'abrik', 'indonesia', 'terutama', 'bagian', 'minyak', 'supaya', 'ada', 'alasan', 'buat', 'turunin', 'frontier']",live member sudah jelas sama om ben udah berapa minggu lalu memang bakal tunda kalau anda tidak langsung turun frontier market makanya msci bisa jadi tunda tunggu event besar bakal obrak abrik indonesia utama bagi minyak supaya ada alas buat turunin frontier
Ambil sisi positifnya buang mental negatif,@endragoxglobal2853,4,Netral,Ambil sisi positifnya buang mental negatif,ambil sisi positifnya buang mental negatif,"['ambil', 'sisi', 'positifnya', 'buang', 'mental', 'negatif']","['ambil', 'sisi', 'positifnya', 'buang', 'mental', 'negatif']",ambil sisi positif buang mental negatif
"​ @endragoxglobal2853 benar dari tampilan saja yg nehatif slalu pesimis,nada teriak2 slalu jauh dari akhlak dan sifatnya bkn rahmatn lil al amin tapi buat gerombolannya sj jauh dari kedaulatan negri nya jg amat tdk nasionalis.",@samiadi2163,3,Netral,benar dari tampilan saja yg nehatif slalu pesimisnada teriak slalu jauh dari akhlak dan sifatnya bkn rahmatn lil al amin tapi buat gerombolannya sj jauh dari kedaulatan negri nya jg amat tdk nasionalis,benar dari tampilan saja yg nehatif slalu pesimisnada teriak slalu jauh dari akhlak dan sifatnya bkn rahmatn lil al amin tapi buat gerombolannya sj jauh dari kedaulatan negri nya jg amat tdk nasionalis,"['benar', 'dari', 'tampilan', 'saja', 'yg', 'nehatif', 'slalu', 'pesimisnada', 'teriak', 'slalu', 'jauh', 'dari', 'akhlak', 'dan', 'sifatnya', 'bkn', 'rahmatn', 'lil', 'al', 'amin', 'tapi', 'buat', 'gerombolannya', 'sj', 'jauh', 'dari', 'kedaulatan', 'negri', 'nya', 'jg', 'amat', 'tdk', 'nasionalis']","['benar', 'tampilan', 'saja', 'yg', 'nehatif', 'slalu', 'pesimisnada', 'teriak', 'slalu', 'jauh', 'akhlak', 'sifatnya', 'bkn', 'rahmatn', 'lil', 'al', 'amin', 'tapi', 'buat', 'gerombolannya', 'sj', 'jauh', 'kedaulatan', 'negri', 'nya', 'jg', 'amat', 'tdk', 'nasionalis']",benar tampil saja yg nehatif slalu pesimisnada teriak slalu jauh akhlak sifat bkn rahmatn lil al amin tapi buat gerombol sj jauh daulat negri nya jg amat tdk nasionalis
​ @endragoxglobal2853 amiiin,@wellywinarto1364,0,Netral,amiiin,amiiin,['amiiin'],['amiiin'],amiiin
Gpp 3 bulan gajian allin 😂,@AgusSupriyadi-g6q,0,Netral,Gpp bulan gajian allin,gpp bulan gajian allin,"['gpp', 'bulan', 'gajian', 'allin']","['gpp', 'bulan', 'gajian', 'allin']",gpp bulan gaji allin
"Kalau Juni ini masih freeze, berarti mereka belum selesai akumulasi masifnya..!??",@ibrohimbaim1474,0,Netral,Kalau Juni ini masih freeze berarti mereka belum selesai akumulasi masifnya,kalau juni ini masih freeze berarti mereka belum selesai akumulasi masifnya,"['kalau', 'juni', 'ini', 'masih', 'freeze', 'berarti', 'mereka', 'belum', 'selesai', 'akumulasi', 'masifnya']","['kalau', 'juni', 'masih', 'freeze', 'berarti', 'mereka', 'belum', 'selesai', 'akumulasi', 'masifnya']",kalau juni masih freeze arti mereka belum selesai akumulasi masif
"​​ @ibrohimbaim1474 investor asing akan hold dananya, kemungkinan dana akan masuk akhir Juli setelah laporan keuangan kwartal II keluar, itupun paling sekitar 20%, baru harga saham akan naik. Tetapi ada satu hal yang akan mengakibatkan pasar saham kembali tertekan atau masuk mode bearish selama satu bahkan 3 bulan. Makanya repot juga.",@wellywinarto1364,0,Netral,investor asing akan hold dananya kemungkinan dana akan masuk akhir Juli setelah laporan keuangan kwartal II keluar itupun paling sekitar baru harga saham akan naik Tetapi ada satu hal yang akan mengakibatkan pasar saham kembali tertekan atau masuk mode bearish selama satu bahkan bulan Makanya repot juga,investor asing akan hold dananya kemungkinan dana akan masuk akhir juli setelah laporan keuangan kwartal ii keluar itupun paling sekitar baru harga saham akan naik tetapi ada satu hal yang akan mengakibatkan pasar saham kembali tertekan atau masuk mode bearish selama satu bahkan bulan makanya repot juga,"['investor', 'asing', 'akan', 'hold', 'dananya', 'kemungkinan', 'dana', 'akan', 'masuk', 'akhir', 'juli', 'setelah', 'laporan', 'keuangan', 'kwartal', 'ii', 'keluar', 'itupun', 'paling', 'sekitar', 'baru', 'harga', 'saham', 'akan', 'naik', 'tetapi', 'ada', 'satu', 'hal', 'yang', 'akan', 'mengakibatkan', 'pasar', 'saham', 'kembali', 'tertekan', 'atau', 'masuk', 'mode', 'bearish', 'selama', 'satu', 'bahkan', 'bulan', 'makanya', 'repot', 'juga']","['investor', 'asing', 'akan', 'hold', 'dananya', 'kemungkinan', 'dana', 'akan', 'masuk', 'akhir', 'juli', 'setelah', 'laporan', 'keuangan', 'kwartal', 'ii', 'keluar', 'itupun', 'paling', 'sekitar', 'baru', 'harga', 'saham', 'akan', 'naik', 'tetapi', 'ada', 'satu', 'hal', 'akan', 'mengakibatkan', 'pasar', 'saham', 'kembali', 'tertekan', 'masuk', 'mode', 'bearish', 'selama', 'satu', 'bahkan', 'bulan', 'makanya', 'repot']",investor asing akan hold dana mungkin dana akan masuk akhir juli telah lapor uang kwartal ii keluar itu paling sekitar baru harga saham akan naik tetapi ada satu hal akan akibat pasar saham kembali tekan masuk mode bearish lama satu bahkan bulan makanya repot
"​ @ibrohimbaim1474 salah, mereka itu belum masuk karena mereka mau masuk di harga lebih murah lagi, sadis emang bro fund asing ini. liat aja bursa saham india dikasih hancur lebur dulu baru asing masuk besar. di indo mah belum masuk gede",@yuuza7818,0,Netral,salah mereka itu belum masuk karena mereka mau masuk di harga lebih murah lagi sadis emang bro fund asing ini liat aja bursa saham india dikasih hancur lebur dulu baru asing masuk besar di indo mah belum masuk gede,salah mereka itu belum masuk karena mereka mau masuk di harga lebih murah lagi sadis emang bro fund asing ini liat aja bursa saham india dikasih hancur lebur dulu baru asing masuk besar di indo mah belum masuk gede,"['salah', 'mereka', 'itu', 'belum', 'masuk', 'karena', 'mereka', 'mau', 'masuk', 'di', 'harga', 'lebih', 'murah', 'lagi', 'sadis', 'emang', 'bro', 'fund', 'asing', 'ini', 'liat', 'aja', 'bursa', 'saham', 'india', 'dikasih', 'hancur', 'lebur', 'dulu', 'baru', 'asing', 'masuk', 'besar', 'di', 'indo', 'mah', 'belum', 'masuk', 'gede']","['salah', 'mereka', 'belum', 'masuk', 'mereka', 'mau', 'masuk', 'harga', 'lebih', 'murah', 'lagi', 'sadis', 'emang', 'bro', 'fund', 'asing', 'liat', 'aja', 'bursa', 'saham', 'india', 'dikasih', 'hancur', 'lebur', 'dulu', 'baru', 'asing', 'masuk', 'besar', 'indo', 'mah', 'belum', 'masuk', 'gede']",salah mereka belum masuk mereka mau masuk harga lebih murah lagi sadis emang bro fund asing liat aja bursa saham india kasih hancur lebur dulu baru asing masuk besar indo mah belum masuk gede
MSCI juga galau 😂,@tu-tti-fru-tti,0,Netral,MSCI juga galau,msci juga galau,"['msci', 'juga', 'galau']","['msci', 'galau']",msci galau
"Makanya dengerin bennix, klo media2 indo😂😂😂, apalagi influencernya😂😂😂",@Priaisya-t7j,0,Netral,Makanya dengerin bennix klo media indo apalagi influencernya,makanya dengerin bennix klo media indo apalagi influencernya,"['makanya', 'dengerin', 'bennix', 'klo', 'media', 'indo', 'apalagi', 'influencernya']","['makanya', 'dengerin', 'bennix', 'klo', 'media', 'indo', 'apalagi', 'influencernya']",makanya dengerin bennix klo media indo apalagi influencernya
"Siap siap next level ges, game nya makin sulit kedepan. yang gak siap biar mereka mati dengan kebodohan sendiri",@KUR0T0D21,1,Netral,Siap siap next level ges game nya makin sulit kedepan yang gak siap biar mereka mati dengan kebodohan sendiri,siap siap next level ges game nya makin sulit kedepan yang gak siap biar mereka mati dengan kebodohan sendiri,"['siap', 'siap', 'next', 'level', 'ges', 'game', 'nya', 'makin', 'sulit', 'kedepan', 'yang', 'gak', 'siap', 'biar', 'mereka', 'mati', 'dengan', 'kebodohan', 'sendiri']","['siap', 'siap', 'next', 'level', 'ges', 'game', 'nya', 'makin', 'sulit', 'kedepan', 'gak', 'siap', 'biar', 'mereka', 'mati', 'kebodohan', 'sendiri']",siap siap next level ges game nya makin sulit depan gak siap biar mereka mati bodoh sendiri
Gassss nonton bang ben🎉🎉🎉,@asrychanel9844,10,Netral,Gassss nonton bang ben,gassss nonton bang ben,"['gassss', 'nonton', 'bang', 'ben']","['gassss', 'nonton', 'bang', 'ben']",gassss nonton bang ben
Hoax itu perlu untuk menjatuhkan,@ZiaTanisa-n2g,0,Netral,Hoax itu perlu untuk menjatuhkan,hoax itu perlu untuk menjatuhkan,"['hoax', 'itu', 'perlu', 'untuk', 'menjatuhkan']","['hoax', 'perlu', 'menjatuhkan']",hoax perlu jatuh
Berarti rakyat kita sendiri yg bikin anjlok.,@1931-n2d,0,Netral,Berarti rakyat kita sendiri yg bikin anjlok,berarti rakyat kita sendiri yg bikin anjlok,"['berarti', 'rakyat', 'kita', 'sendiri', 'yg', 'bikin', 'anjlok']","['berarti', 'rakyat', 'sendiri', 'yg', 'bikin', 'anjlok']",arti rakyat sendiri yg bikin anjlok
"Yg jelek adalah ngapura banyak menipu perdagangan komoditi Indonesia dgn underinvoicing., bahkan merusak mental penguasa Indonesia dengan menyuap agar bermain kotor yg menguntungkan Singapura. Ini kurang ajar, hrs nya MSCI beri rating down grade negara Singapura penjahat dan penjajah.",@Abraham-c2b4g,3,Negatif,Yg jelek adalah ngapura banyak menipu perdagangan komoditi Indonesia dgn underinvoicing bahkan merusak mental penguasa Indonesia dengan menyuap agar bermain kotor yg menguntungkan Singapura Ini kurang ajar hrs nya MSCI beri rating down grade negara Singapura penjahat dan penjajah,yg jelek adalah ngapura banyak menipu perdagangan komoditi indonesia dgn underinvoicing bahkan merusak mental penguasa indonesia dengan menyuap agar bermain kotor yg menguntungkan singapura ini kurang ajar hrs nya msci beri rating down grade negara singapura penjahat dan penjajah,"['yg', 'jelek', 'adalah', 'ngapura', 'banyak', 'menipu', 'perdagangan', 'komoditi', 'indonesia', 'dgn', 'underinvoicing', 'bahkan', 'merusak', 'mental', 'penguasa', 'indonesia', 'dengan', 'menyuap', 'agar', 'bermain', 'kotor', 'yg', 'menguntungkan', 'singapura', 'ini', 'kurang', 'ajar', 'hrs', 'nya', 'msci', 'beri', 'rating', 'down', 'grade', 'negara', 'singapura', 'penjahat', 'dan', 'penjajah']","['yg', 'jelek', 'ngapura', 'banyak', 'menipu', 'perdagangan', 'komoditi', 'indonesia', 'dgn', 'underinvoicing', 'bahkan', 'merusak', 'mental', 'penguasa', 'indonesia', 'menyuap', 'agar', 'bermain', 'kotor', 'yg', 'menguntungkan', 'singapura', 'kurang', 'ajar', 'hrs', 'nya', 'msci', 'beri', 'rating', 'down', 'grade', 'negara', 'singapura', 'penjahat', 'penjajah']",yg jelek ngapura banyak tipu dagang komoditi indonesia dgn underinvoicing bahkan rusak mental kuasa indonesia suap agar main kotor yg untung singapura kurang ajar hrs nya msci beri rating down grade negara singapura jahat jajah
Narasi-narasi pembodohan bergentayangan.😂,@DjiniWuryanti,1,Netral,Narasinarasi pembodohan bergentayangan,narasinarasi pembodohan bergentayangan,"['narasinarasi', 'pembodohan', 'bergentayangan']","['narasinarasi', 'pembodohan', 'bergentayangan']",narasinarasi bodoh gentayang
"Bang bennix.

Tolong jelasin ke prof Fery biar dia tau yg sebenar nya biar dia gak nyebarin isu klw indonesia mejuju bangkrut.",@Fasuq7765,1,Netral,Bang bennix Tolong jelasin ke prof Fery biar dia tau yg sebenar nya biar dia gak nyebarin isu klw indonesia mejuju bangkrut,bang bennix tolong jelasin ke prof fery biar dia tau yg sebenar nya biar dia gak nyebarin isu klw indonesia mejuju bangkrut,"['bang', 'bennix', 'tolong', 'jelasin', 'ke', 'prof', 'fery', 'biar', 'dia', 'tau', 'yg', 'sebenar', 'nya', 'biar', 'dia', 'gak', 'nyebarin', 'isu', 'klw', 'indonesia', 'mejuju', 'bangkrut']","['bang', 'bennix', 'tolong', 'jelasin', 'prof', 'fery', 'biar', 'dia', 'tau', 'yg', 'sebenar', 'nya', 'biar', 'dia', 'gak', 'nyebarin', 'isu', 'klw', 'indonesia', 'mejuju', 'bangkrut']",bang bennix tolong jelasin prof fery biar dia tau yg benar nya biar dia gak nyebarin isu klw indonesia mejuju bangkrut
Klu ada netizen yg sebar hoax seharus kita sama2 blokir akunnya aja.dan bikin dia bisa dicabut kewarganegaraannya.,@sahrulsaputra6868,0,Netral,Klu ada netizen yg sebar hoax seharus kita sama blokir akunnya ajadan bikin dia bisa dicabut kewarganegaraannya,klu ada netizen yg sebar hoax seharus kita sama blokir akunnya ajadan bikin dia bisa dicabut kewarganegaraannya,"['klu', 'ada', 'netizen', 'yg', 'sebar', 'hoax', 'seharus', 'kita', 'sama', 'blokir', 'akunnya', 'ajadan', 'bikin', 'dia', 'bisa', 'dicabut', 'kewarganegaraannya']","['klu', 'ada', 'netizen', 'yg', 'sebar', 'hoax', 'seharus', 'sama', 'blokir', 'akunnya', 'ajadan', 'bikin', 'dia', 'bisa', 'dicabut', 'kewarganegaraannya']",klu ada netizen yg sebar hoax harus sama blokir akun ajadan bikin dia bisa cabut kewarganegaraannya
Hadir nyimak,@adamcholizz3078,0,Netral,Hadir nyimak,hadir nyimak,"['hadir', 'nyimak']","['hadir', 'nyimak']",hadir nyimak
Mereka anjg2 asing tidak akan berhenti menyerang Indonesian,@BalvirKsp,1,Netral,Mereka anjg asing tidak akan berhenti menyerang Indonesian,mereka anjg asing tidak akan berhenti menyerang indonesian,"['mereka', 'anjg', 'asing', 'tidak', 'akan', 'berhenti', 'menyerang', 'indonesian']","['mereka', 'anjg', 'asing', 'tidak', 'akan', 'berhenti', 'menyerang', 'indonesian']",mereka anjg asing tidak akan henti serang indonesian
#mantap,@nusapostchannel4396,0,Positif,,,[],[],
"Folowers media Tempo rata-rata orang yg literasinya rendah, pemalas,  sumbu pendek, hobinya ngamuk2 gk jelas. Klo mereka pinter, bisa cek sendiri data real nya di internet apalagi sudah ada ai. Biar gk kena tipu media abal-abal macam Tempo, dll. 😅",@kucrit008,124,Netral,Folowers media Tempo ratarata orang yg literasinya rendah pemalas sumbu pendek hobinya ngamuk gk jelas Klo mereka pinter bisa cek sendiri data real nya di internet apalagi sudah ada ai Biar gk kena tipu media abalabal macam Tempo dll,folowers media tempo ratarata orang yg literasinya rendah pemalas sumbu pendek hobinya ngamuk gk jelas klo mereka pinter bisa cek sendiri data real nya di internet apalagi sudah ada ai biar gk kena tipu media abalabal macam tempo dll,"['folowers', 'media', 'tempo', 'ratarata', 'orang', 'yg', 'literasinya', 'rendah', 'pemalas', 'sumbu', 'pendek', 'hobinya', 'ngamuk', 'gk', 'jelas', 'klo', 'mereka', 'pinter', 'bisa', 'cek', 'sendiri', 'data', 'real', 'nya', 'di', 'internet', 'apalagi', 'sudah', 'ada', 'ai', 'biar', 'gk', 'kena', 'tipu', 'media', 'abalabal', 'macam', 'tempo', 'dll']","['folowers', 'media', 'tempo', 'ratarata', 'orang', 'yg', 'literasinya', 'rendah', 'pemalas', 'sumbu', 'pendek', 'hobinya', 'ngamuk', 'gk', 'jelas', 'klo', 'mereka', 'pinter', 'bisa', 'cek', 'sendiri', 'data', 'real', 'nya', 'internet', 'apalagi', 'sudah', 'ada', 'ai', 'biar', 'gk', 'kena', 'tipu', 'media', 'abalabal', 'macam', 'tempo', 'dll']",folowers media tempo ratarata orang yg literasinya rendah malas sumbu pendek hobi ngamuk gk jelas klo mereka pinter bisa cek sendiri data real nya internet apalagi sudah ada ai biar gk kena tipu media abalabal macam tempo dll
Kmrin suda dibuka 1% kepemilikn saham ini msih lanjut ga sih?,@raisamanah,0,Netral,Kmrin suda dibuka kepemilikn saham ini msih lanjut ga sih,kmrin suda dibuka kepemilikn saham ini msih lanjut ga sih,"['kmrin', 'suda', 'dibuka', 'kepemilikn', 'saham', 'ini', 'msih', 'lanjut', 'ga', 'sih']","['kmrin', 'suda', 'dibuka', 'kepemilikn', 'saham', 'msih', 'lanjut', 'ga', 'sih']",kmrin suda buka kepemilikn saham msih lanjut ga sih
"Ulah Asing dan Aseng..
Vietnam dapat pulung nya",@dwioktanugroho,0,Netral,Ulah Asing dan Aseng Vietnam dapat pulung nya,ulah asing dan aseng vietnam dapat pulung nya,"['ulah', 'asing', 'dan', 'aseng', 'vietnam', 'dapat', 'pulung', 'nya']","['ulah', 'asing', 'aseng', 'vietnam', 'dapat', 'pulung', 'nya']",ulah asing aseng vietnam dapat pulung nya
"mantab bang benn, lanjutkan",@windtalkers4556,6,Netral,mantab bang benn lanjutkan,mantab bang benn lanjutkan,"['mantab', 'bang', 'benn', 'lanjutkan']","['mantab', 'bang', 'benn', 'lanjutkan']",mantab bang benn lanjut
Apakah artinya sudah waktunya masuk om?,@ahmadnurrokhim7016,0,Netral,Apakah artinya sudah waktunya masuk om,apakah artinya sudah waktunya masuk om,"['apakah', 'artinya', 'sudah', 'waktunya', 'masuk', 'om']","['apakah', 'artinya', 'sudah', 'waktunya', 'masuk', 'om']",apakah arti sudah waktu masuk om
Biasa bang karna kan banyak agen CIA  di Indonesia bang mengadu domba biar makin ngak karuan,@OktaAdiprayoga,0,Netral,Biasa bang karna kan banyak agen CIA di Indonesia bang mengadu domba biar makin ngak karuan,biasa bang karna kan banyak agen cia di indonesia bang mengadu domba biar makin ngak karuan,"['biasa', 'bang', 'karna', 'kan', 'banyak', 'agen', 'cia', 'di', 'indonesia', 'bang', 'mengadu', 'domba', 'biar', 'makin', 'ngak', 'karuan']","['biasa', 'bang', 'karna', 'kan', 'banyak', 'agen', 'cia', 'indonesia', 'bang', 'mengadu', 'domba', 'biar', 'makin', 'ngak', 'karuan']",biasa bang karna kan banyak agen cia indonesia bang adu domba biar makin ngak karuan
"biar harga saham beberapa perusahaan turun drastis dan Rupiah melemah om, biar bisa beli saham harga diskon 2X (kurs dan lot).
 dan masih menunggu koruptor diLindas pakai Tank!",@Anbu_Kazakhstan,8,Netral,biar harga saham beberapa perusahaan turun drastis dan Rupiah melemah om biar bisa beli saham harga diskon X kurs dan lot dan masih menunggu koruptor diLindas pakai Tank,biar harga saham beberapa perusahaan turun drastis dan rupiah melemah om biar bisa beli saham harga diskon x kurs dan lot dan masih menunggu koruptor dilindas pakai tank,"['biar', 'harga', 'saham', 'beberapa', 'perusahaan', 'turun', 'drastis', 'dan', 'rupiah', 'melemah', 'om', 'biar', 'bisa', 'beli', 'saham', 'harga', 'diskon', 'x', 'kurs', 'dan', 'lot', 'dan', 'masih', 'menunggu', 'koruptor', 'dilindas', 'pakai', 'tank']","['biar', 'harga', 'saham', 'beberapa', 'perusahaan', 'turun', 'drastis', 'rupiah', 'melemah', 'om', 'biar', 'bisa', 'beli', 'saham', 'harga', 'diskon', 'x', 'kurs', 'lot', 'masih', 'menunggu', 'koruptor', 'dilindas', 'pakai', 'tank']",biar harga saham beberapa usaha turun drastis rupiah lemah om biar bisa beli saham harga diskon x kurs lot masih tunggu koruptor lindas pakai tank
"Termasuk mahasewa juga ikut ikutan, dan jadi korban hoak",@nurochibropiek709,12,Netral,Termasuk mahasewa juga ikut ikutan dan jadi korban hoak,termasuk mahasewa juga ikut ikutan dan jadi korban hoak,"['termasuk', 'mahasewa', 'juga', 'ikut', 'ikutan', 'dan', 'jadi', 'korban', 'hoak']","['termasuk', 'mahasewa', 'ikut', 'ikutan', 'jadi', 'korban', 'hoak']",masuk mahasewa ikut ikut jadi korban hoak
"Kan tu negara ternakan Amerika, pasti ngga terima lahhh, entar kalau mamarika dapet suplai chain mahal kolaps lah mereka",@ariexotic6638,2,Negatif,Kan tu negara ternakan Amerika pasti ngga terima lahhh entar kalau mamarika dapet suplai chain mahal kolaps lah mereka,kan tu negara ternakan amerika pasti ngga terima lahhh entar kalau mamarika dapet suplai chain mahal kolaps lah mereka,"['kan', 'tu', 'negara', 'ternakan', 'amerika', 'pasti', 'ngga', 'terima', 'lahhh', 'entar', 'kalau', 'mamarika', 'dapet', 'suplai', 'chain', 'mahal', 'kolaps', 'lah', 'mereka']","['kan', 'tu', 'negara', 'ternakan', 'amerika', 'pasti', 'ngga', 'terima', 'lahhh', 'entar', 'kalau', 'mamarika', 'dapet', 'suplai', 'chain', 'mahal', 'kolaps', 'lah', 'mereka']",kan tu negara terna amerika pasti ngga terima lahhh entar kalau mamarika dapet suplai chain mahal kolaps lah mereka
Tiap hari udah di bilang profesor Abal Abal masak kamu gak paham,@BusanaHijabJilbabCantik,0,Netral,Tiap hari udah di bilang profesor Abal Abal masak kamu gak paham,tiap hari udah di bilang profesor abal abal masak kamu gak paham,"['tiap', 'hari', 'udah', 'di', 'bilang', 'profesor', 'abal', 'abal', 'masak', 'kamu', 'gak', 'paham']","['tiap', 'hari', 'udah', 'bilang', 'profesor', 'abal', 'abal', 'masak', 'kamu', 'gak', 'paham']",tiap hari udah bilang profesor abal abal masak kamu gak paham
Ya susah bos apa anda gk curiga kenapa sipropesor itu kok slalu tebar pesimis dan kesannya profokatif banget gk secuilpun buka real data2 kayak bang ben slalu jual narasi?????😂😂😂😂,@samiadi2163,0,Netral,Ya susah bos apa anda gk curiga kenapa sipropesor itu kok slalu tebar pesimis dan kesannya profokatif banget gk secuilpun buka real data kayak bang ben slalu jual narasi,ya susah bos apa anda gk curiga kenapa sipropesor itu kok slalu tebar pesimis dan kesannya profokatif banget gk secuilpun buka real data kayak bang ben slalu jual narasi,"['ya', 'susah', 'bos', 'apa', 'anda', 'gk', 'curiga', 'kenapa', 'sipropesor', 'itu', 'kok', 'slalu', 'tebar', 'pesimis', 'dan', 'kesannya', 'profokatif', 'banget', 'gk', 'secuilpun', 'buka', 'real', 'data', 'kayak', 'bang', 'ben', 'slalu', 'jual', 'narasi']","['ya', 'susah', 'bos', 'apa', 'anda', 'gk', 'curiga', 'kenapa', 'sipropesor', 'kok', 'slalu', 'tebar', 'pesimis', 'kesannya', 'profokatif', 'banget', 'gk', 'secuilpun', 'buka', 'real', 'data', 'kayak', 'bang', 'ben', 'slalu', 'jual', 'narasi']",ya susah bos apa anda gk curiga kenapa sipropesor kok slalu tebar pesimis kesan profokatif banget gk cuil buka real data kayak bang ben slalu jual narasi
Sahamnya ada yang di miliki oleh jos Soros,@kaseman6113,9,Netral,Sahamnya ada yang di miliki oleh jos Soros,sahamnya ada yang di miliki oleh jos soros,"['sahamnya', 'ada', 'yang', 'di', 'miliki', 'oleh', 'jos', 'soros']","['sahamnya', 'ada', 'miliki', 'oleh', 'jos', 'soros']",saham ada milik oleh jos soros
Media tempe=corong usa/ eropa,@chozinudin5825,9,Netral,Media tempecorong usa eropa,media tempecorong usa eropa,"['media', 'tempecorong', 'usa', 'eropa']","['media', 'tempecorong', 'usa', 'eropa']",media tempecorong usa eropa
​ @chozinudin5825 Tempe kalau nggak jadi jongos nggak punya duit....,@dwimulyati1440,0,Netral,Tempe kalau nggak jadi jongos nggak punya duit,tempe kalau nggak jadi jongos nggak punya duit,"['tempe', 'kalau', 'nggak', 'jadi', 'jongos', 'nggak', 'punya', 'duit']","['tempe', 'kalau', 'nggak', 'jadi', 'jongos', 'nggak', 'punya', 'duit']",tempe kalau nggak jadi jongos nggak punya duit
Tempo itu tiruan majalah Times amerika😅,@neneklampir6664,4,Netral,Tempo itu tiruan majalah Times amerika,tempo itu tiruan majalah times amerika,"['tempo', 'itu', 'tiruan', 'majalah', 'times', 'amerika']","['tempo', 'tiruan', 'majalah', 'times', 'amerika']",tempo tiru majalah times amerika
"Follower tribun,tempo rata rata ternak Abah",@bintangbara9743,3,Netral,Follower tribuntempo rata rata ternak Abah,follower tribuntempo rata rata ternak abah,"['follower', 'tribuntempo', 'rata', 'rata', 'ternak', 'abah']","['follower', 'tribuntempo', 'rata', 'rata', 'ternak', 'abah']",follower tribuntempo rata rata ternak abah
Seharusnya dipenjarakan semua orang di media tempe itu,@taubatannasuhah..2,0,Netral,Seharusnya dipenjarakan semua orang di media tempe itu,seharusnya dipenjarakan semua orang di media tempe itu,"['seharusnya', 'dipenjarakan', 'semua', 'orang', 'di', 'media', 'tempe', 'itu']","['seharusnya', 'dipenjarakan', 'semua', 'orang', 'media', 'tempe']",harus penjara semua orang media tempe
followersnya rata-rata barisan sakit hati sjw twiter,@mephisto9260,0,Netral,followersnya ratarata barisan sakit hati sjw twiter,followersnya ratarata barisan sakit hati sjw twiter,"['followersnya', 'ratarata', 'barisan', 'sakit', 'hati', 'sjw', 'twiter']","['followersnya', 'ratarata', 'barisan', 'sakit', 'hati', 'sjw', 'twiter']",followersnya ratarata baris sakit hati sjw twiter
"Majalah tempe itu memang benalu dan parasit yg hidup dr menghasut ,hoax,Demi cuan kucuran dana asing ,majalah inilah nyata penjilat pantat asing",@yosotanaka269,0,Netral,Majalah tempe itu memang benalu dan parasit yg hidup dr menghasut hoaxDemi cuan kucuran dana asing majalah inilah nyata penjilat pantat asing,majalah tempe itu memang benalu dan parasit yg hidup dr menghasut hoaxdemi cuan kucuran dana asing majalah inilah nyata penjilat pantat asing,"['majalah', 'tempe', 'itu', 'memang', 'benalu', 'dan', 'parasit', 'yg', 'hidup', 'dr', 'menghasut', 'hoaxdemi', 'cuan', 'kucuran', 'dana', 'asing', 'majalah', 'inilah', 'nyata', 'penjilat', 'pantat', 'asing']","['majalah', 'tempe', 'memang', 'benalu', 'parasit', 'yg', 'hidup', 'dr', 'menghasut', 'hoaxdemi', 'cuan', 'kucuran', 'dana', 'asing', 'majalah', 'inilah', 'nyata', 'penjilat', 'pantat', 'asing']",majalah tempe memang benalu parasit yg hidup dr hasut hoaxdemi cuan kucur dana asing majalah ini nyata jilat pantat asing
"Makanya ada MBG, supaya generasi selanjutnya punya batok kepala itu isinya otak bukan angin 😂",@RambutGulali,0,Netral,Makanya ada MBG supaya generasi selanjutnya punya batok kepala itu isinya otak bukan angin,makanya ada mbg supaya generasi selanjutnya punya batok kepala itu isinya otak bukan angin,"['makanya', 'ada', 'mbg', 'supaya', 'generasi', 'selanjutnya', 'punya', 'batok', 'kepala', 'itu', 'isinya', 'otak', 'bukan', 'angin']","['makanya', 'ada', 'mbg', 'supaya', 'generasi', 'selanjutnya', 'punya', 'batok', 'kepala', 'isinya', 'otak', 'bukan', 'angin']",makanya ada mbg supaya generasi lanjut punya batok kepala isi otak bukan angin
Sampeyan pancen ngene👍,@hustonoarifin7215,0,Netral,Sampeyan pancen ngene,sampeyan pancen ngene,"['sampeyan', 'pancen', 'ngene']","['sampeyan', 'pancen', 'ngene']",sampeyan pancen ngene
Kata benix Anjeng-anjing peliharaan itu😅,@cobacoba6746,0,Netral,Kata benix Anjenganjing peliharaan itu,kata benix anjenganjing peliharaan itu,"['kata', 'benix', 'anjenganjing', 'peliharaan', 'itu']","['kata', 'benix', 'anjenganjing', 'peliharaan']",kata benix anjenganjing pelihara
Ngomong kok nyata sih😂,@jagadsamoedra5828,0,Netral,Ngomong kok nyata sih,ngomong kok nyata sih,"['ngomong', 'kok', 'nyata', 'sih']","['ngomong', 'kok', 'nyata', 'sih']",ngomong kok nyata sih
"Media TEMPE memang sudah waktunya Haris di BACEM?! nitizennya isinya orang"" pesimis dan suka nyinyir",@RiniKolektion-st7bm,0,Netral,Media TEMPE memang sudah waktunya Haris di BACEM nitizennya isinya orang pesimis dan suka nyinyir,media tempe memang sudah waktunya haris di bacem nitizennya isinya orang pesimis dan suka nyinyir,"['media', 'tempe', 'memang', 'sudah', 'waktunya', 'haris', 'di', 'bacem', 'nitizennya', 'isinya', 'orang', 'pesimis', 'dan', 'suka', 'nyinyir']","['media', 'tempe', 'memang', 'sudah', 'waktunya', 'haris', 'bacem', 'nitizennya', 'isinya', 'orang', 'pesimis', 'suka', 'nyinyir']",media tempe memang sudah waktu haris bacem nitizennya isi orang pesimis suka nyinyir
TEMPE ... ADALAH  ALAT MEDIA ASING UNTUK SELALU MENYEBARKAN BERITA HOAX DAN MELAWAN KEBIJAKKAN PEMERINTAH  ...LARENA TEMPE ADALAH SALALH SATU MEDIA YANG DIBIAYAI GEORGE  SOROS..DAN JUGA OLIGARKI...MEREKA INI ADALAH MEDIA PENGKIANAT  BANGSA..,@anwarjayaabadi5679,0,Netral,TEMPE ADALAH ALAT MEDIA ASING UNTUK SELALU MENYEBARKAN BERITA HOAX DAN MELAWAN KEBIJAKKAN PEMERINTAH LARENA TEMPE ADALAH SALALH SATU MEDIA YANG DIBIAYAI GEORGE SOROSDAN JUGA OLIGARKIMEREKA INI ADALAH MEDIA PENGKIANAT BANGSA,tempe adalah alat media asing untuk selalu menyebarkan berita hoax dan melawan kebijakkan pemerintah larena tempe adalah salalh satu media yang dibiayai george sorosdan juga oligarkimereka ini adalah media pengkianat bangsa,"['tempe', 'adalah', 'alat', 'media', 'asing', 'untuk', 'selalu', 'menyebarkan', 'berita', 'hoax', 'dan', 'melawan', 'kebijakkan', 'pemerintah', 'larena', 'tempe', 'adalah', 'salalh', 'satu', 'media', 'yang', 'dibiayai', 'george', 'sorosdan', 'juga', 'oligarkimereka', 'ini', 'adalah', 'media', 'pengkianat', 'bangsa']","['tempe', 'alat', 'media', 'asing', 'selalu', 'menyebarkan', 'berita', 'hoax', 'melawan', 'kebijakkan', 'pemerintah', 'larena', 'tempe', 'salalh', 'satu', 'media', 'dibiayai', 'george', 'sorosdan', 'oligarkimereka', 'media', 'pengkianat', 'bangsa']",tempe alat media asing selalu sebar berita hoax lawan bijak perintah larena tempe salalh satu media biaya george sorosdan oligarkimereka media pengkianat bangsa
Setuju. Banyak yang mengira media Tempo itu NETRAL. Padahal media itu banyak proxy asing. 😊,@hakeemdj368,7,Positif,Setuju Banyak yang mengira media Tempo itu NETRAL Padahal media itu banyak proxy asing,setuju banyak yang mengira media tempo itu netral padahal media itu banyak proxy asing,"['setuju', 'banyak', 'yang', 'mengira', 'media', 'tempo', 'itu', 'netral', 'padahal', 'media', 'itu', 'banyak', 'proxy', 'asing']","['setuju', 'banyak', 'mengira', 'media', 'tempo', 'netral', 'padahal', 'media', 'banyak', 'proxy', 'asing']",tuju banyak ira media tempo netral padahal media banyak proxy asing
​ @hakeemdj368 cerdaas...,@SuryantiSutrisno,0,Netral,cerdaas,cerdaas,['cerdaas'],['cerdaas'],cerdaas
Si tempe bacem mah jls2 sdh dpt langganan aliran dana secara rurin,@kucinggarong-sg3ex,6,Netral,Si tempe bacem mah jls sdh dpt langganan aliran dana secara rurin,si tempe bacem mah jls sdh dpt langganan aliran dana secara rurin,"['si', 'tempe', 'bacem', 'mah', 'jls', 'sdh', 'dpt', 'langganan', 'aliran', 'dana', 'secara', 'rurin']","['si', 'tempe', 'bacem', 'mah', 'jls', 'sdh', 'dpt', 'langganan', 'aliran', 'dana', 'secara', 'rurin']",si tempe bacem mah jls sdh dpt langgan alir dana cara rurin
Haahaha.. soros lg soros lg. Gkda yg laen bg😅,@rendrapribadi,3,Netral,Haahaha soros lg soros lg Gkda yg laen bg,haahaha soros lg soros lg gkda yg laen bg,"['haahaha', 'soros', 'lg', 'soros', 'lg', 'gkda', 'yg', 'laen', 'bg']","['haahaha', 'soros', 'lg', 'soros', 'lg', 'gkda', 'yg', 'laen', 'bg']",haahaha soros lg soros lg gkda yg laen bg
​ @rendrapribadi  emang belum tau ya kamu kalau ada dana dari yayasan dari LN,@edobae7391,7,Netral,emang belum tau ya kamu kalau ada dana dari yayasan dari LN,emang belum tau ya kamu kalau ada dana dari yayasan dari ln,"['emang', 'belum', 'tau', 'ya', 'kamu', 'kalau', 'ada', 'dana', 'dari', 'yayasan', 'dari', 'ln']","['emang', 'belum', 'tau', 'ya', 'kamu', 'kalau', 'ada', 'dana', 'yayasan', 'ln']",emang belum tau ya kamu kalau ada dana yayasan ln
" @rendrapribadi  Bang Bennix fokusnya sama Soros doang keknya. Pdhal ada juga Blackrock dan Vanguard. 
Moga kapan"" bang Bennix mau bongkar jg kelakuan kartel saham itu biar makin banyak yg terkaing-kaing.",@InovasiSDM,1,Netral,Bang Bennix fokusnya sama Soros doang keknya Pdhal ada juga Blackrock dan Vanguard Moga kapan bang Bennix mau bongkar jg kelakuan kartel saham itu biar makin banyak yg terkaingkaing,bang bennix fokusnya sama soros doang keknya pdhal ada juga blackrock dan vanguard moga kapan bang bennix mau bongkar jg kelakuan kartel saham itu biar makin banyak yg terkaingkaing,"['bang', 'bennix', 'fokusnya', 'sama', 'soros', 'doang', 'keknya', 'pdhal', 'ada', 'juga', 'blackrock', 'dan', 'vanguard', 'moga', 'kapan', 'bang', 'bennix', 'mau', 'bongkar', 'jg', 'kelakuan', 'kartel', 'saham', 'itu', 'biar', 'makin', 'banyak', 'yg', 'terkaingkaing']","['bang', 'bennix', 'fokusnya', 'sama', 'soros', 'doang', 'keknya', 'pdhal', 'ada', 'blackrock', 'vanguard', 'moga', 'kapan', 'bang', 'bennix', 'mau', 'bongkar', 'jg', 'kelakuan', 'kartel', 'saham', 'biar', 'makin', 'banyak', 'yg', 'terkaingkaing']",bang bennix fokus sama soros doang kek pdhal ada blackrock vanguard moga kapan bang bennix mau bongkar jg laku kartel saham biar makin banyak yg terkaingkaing
"​ @rendrapribadi ada bang, anjingnya 😅",@cobacoba6746,1,Netral,ada bang anjingnya,ada bang anjingnya,"['ada', 'bang', 'anjingnya']","['ada', 'bang', 'anjingnya']",ada bang anjing
ada yang keberatan PERTAMAX naik.. pro kantong dewe...:_MARAH: apakah kualitas terpelajar ?,@felixnyoman,1,Netral,ada yang keberatan PERTAMAX naik pro kantong deweMARAH apakah kualitas terpelajar,ada yang keberatan pertamax naik pro kantong dewemarah apakah kualitas terpelajar,"['ada', 'yang', 'keberatan', 'pertamax', 'naik', 'pro', 'kantong', 'dewemarah', 'apakah', 'kualitas', 'terpelajar']","['ada', 'keberatan', 'pertamax', 'naik', 'pro', 'kantong', 'dewemarah', 'apakah', 'kualitas', 'terpelajar']",ada berat pertamax naik pro kantong dewemarah apakah kualitas ajar
Bukan korban hoak tapi bayaran,@permen-gpp,1,Netral,Bukan korban hoak tapi bayaran,bukan korban hoak tapi bayaran,"['bukan', 'korban', 'hoak', 'tapi', 'bayaran']","['bukan', 'korban', 'hoak', 'tapi', 'bayaran']",bukan korban hoak tapi bayar
Bukan korban tp emang udah ada pesanan,@adolffranz9502,1,Netral,Bukan korban tp emang udah ada pesanan,bukan korban tp emang udah ada pesanan,"['bukan', 'korban', 'tp', 'emang', 'udah', 'ada', 'pesanan']","['bukan', 'korban', 'tp', 'emang', 'udah', 'ada', 'pesanan']",bukan korban tp emang udah ada pesan
Itu settingan ada doktrinisasi dibalik itu mereka dijadikan penganten/pion majikan tinggal pegang remot😂😂😂dibalik layar nya ya itu2 doang😂😂😂😂😂,@samiadi2163,0,Netral,Itu settingan ada doktrinisasi dibalik itu mereka dijadikan pengantenpion majikan tinggal pegang remotdibalik layar nya ya itu doang,itu settingan ada doktrinisasi dibalik itu mereka dijadikan pengantenpion majikan tinggal pegang remotdibalik layar nya ya itu doang,"['itu', 'settingan', 'ada', 'doktrinisasi', 'dibalik', 'itu', 'mereka', 'dijadikan', 'pengantenpion', 'majikan', 'tinggal', 'pegang', 'remotdibalik', 'layar', 'nya', 'ya', 'itu', 'doang']","['settingan', 'ada', 'doktrinisasi', 'dibalik', 'mereka', 'dijadikan', 'pengantenpion', 'majikan', 'tinggal', 'pegang', 'remotdibalik', 'layar', 'nya', 'ya', 'doang']",settingan ada doktrin balik mereka jadi pengantenpion majikan tinggal pegang remotdibalik layar nya ya doang
"Banyak peserta aksi demo tidak pernah bertanya mengenai isi rekening korlapnya. 😊
Mungkin dikira para korlap itu manusia suci semua.
FYI, sejak menjelang Reformasi 1998, aksi demo itu sudah jadi bisnis tersendiri. Tarifnya mulai dari puluhan juta hingga milyaran rupiah. 😊
Sungguh naif para mahasiswa yang gak paham itu.",@hakeemdj368,0,Netral,Banyak peserta aksi demo tidak pernah bertanya mengenai isi rekening korlapnya Mungkin dikira para korlap itu manusia suci semua FYI sejak menjelang Reformasi aksi demo itu sudah jadi bisnis tersendiri Tarifnya mulai dari puluhan juta hingga milyaran rupiah Sungguh naif para mahasiswa yang gak paham itu,banyak peserta aksi demo tidak pernah bertanya mengenai isi rekening korlapnya mungkin dikira para korlap itu manusia suci semua fyi sejak menjelang reformasi aksi demo itu sudah jadi bisnis tersendiri tarifnya mulai dari puluhan juta hingga milyaran rupiah sungguh naif para mahasiswa yang gak paham itu,"['banyak', 'peserta', 'aksi', 'demo', 'tidak', 'pernah', 'bertanya', 'mengenai', 'isi', 'rekening', 'korlapnya', 'mungkin', 'dikira', 'para', 'korlap', 'itu', 'manusia', 'suci', 'semua', 'fyi', 'sejak', 'menjelang', 'reformasi', 'aksi', 'demo', 'itu', 'sudah', 'jadi', 'bisnis', 'tersendiri', 'tarifnya', 'mulai', 'dari', 'puluhan', 'juta', 'hingga', 'milyaran', 'rupiah', 'sungguh', 'naif', 'para', 'mahasiswa', 'yang', 'gak', 'paham', 'itu']","['banyak', 'peserta', 'aksi', 'demo', 'tidak', 'pernah', 'bertanya', 'mengenai', 'isi', 'rekening', 'korlapnya', 'mungkin', 'dikira', 'para', 'korlap', 'manusia', 'suci', 'semua', 'fyi', 'sejak', 'menjelang', 'reformasi', 'aksi', 'demo', 'sudah', 'jadi', 'bisnis', 'tersendiri', 'tarifnya', 'mulai', 'puluhan', 'juta', 'hingga', 'milyaran', 'rupiah', 'sungguh', 'naif', 'para', 'mahasiswa', 'gak', 'paham']",banyak serta aksi demo tidak pernah tanya kena isi rekening korlapnya mungkin kira para korlap manusia suci semua fyi sejak jelang reformasi aksi demo sudah jadi bisnis sendiri tarif mulai puluh juta hingga milyaran rupiah sungguh naif para mahasiswa gak paham
mahasewa semua otaknya goblok,@wayanadiantara6035,0,Netral,mahasewa semua otaknya goblok,mahasewa semua otaknya goblok,"['mahasewa', 'semua', 'otaknya', 'goblok']","['mahasewa', 'semua', 'otaknya', 'goblok']",mahasewa semua otak goblok
Lucunya para pengkhianat bangsa. Mereka terima uang dari golongan golongan yang ingin beli aset2 Indonesia di harga sampah tanpa menyadari mereka sendiri bakal dijadikan tumbal 😂,@ChenLiangHuang,0,Netral,Lucunya para pengkhianat bangsa Mereka terima uang dari golongan golongan yang ingin beli aset Indonesia di harga sampah tanpa menyadari mereka sendiri bakal dijadikan tumbal,lucunya para pengkhianat bangsa mereka terima uang dari golongan golongan yang ingin beli aset indonesia di harga sampah tanpa menyadari mereka sendiri bakal dijadikan tumbal,"['lucunya', 'para', 'pengkhianat', 'bangsa', 'mereka', 'terima', 'uang', 'dari', 'golongan', 'golongan', 'yang', 'ingin', 'beli', 'aset', 'indonesia', 'di', 'harga', 'sampah', 'tanpa', 'menyadari', 'mereka', 'sendiri', 'bakal', 'dijadikan', 'tumbal']","['lucunya', 'para', 'pengkhianat', 'bangsa', 'mereka', 'terima', 'uang', 'golongan', 'golongan', 'ingin', 'beli', 'aset', 'indonesia', 'harga', 'sampah', 'tanpa', 'menyadari', 'mereka', 'sendiri', 'bakal', 'dijadikan', 'tumbal']",lucu para khianat bangsa mereka terima uang golong golong ingin beli aset indonesia harga sampah tanpa sadar mereka sendiri bakal jadi tumbal
"Sadar GK Sih Komentar Mereka Aja Yg Udah Ke Cuci Otaknya Oleh Media Media Itu, Kalau Di Tanya Kesimpulan Aja GK Bisa Jawab. Bisanya Cuma FOMO Indonesia Gelap, Lihat Tuh Yg Kemarin Mahasiswa Ngaku Di Pantau Sampe Di Pasang Alat GPS, Ngakunya Gara Gara Ikut Demo Kritik Pemerintah, Mana Pas Demo Paling Mencolok, Curiga Bayaran GS And Gank",@AldiSahputra-x6o,8,Netral,Sadar GK Sih Komentar Mereka Aja Yg Udah Ke Cuci Otaknya Oleh Media Media Itu Kalau Di Tanya Kesimpulan Aja GK Bisa Jawab Bisanya Cuma FOMO Indonesia Gelap Lihat Tuh Yg Kemarin Mahasiswa Ngaku Di Pantau Sampe Di Pasang Alat GPS Ngakunya Gara Gara Ikut Demo Kritik Pemerintah Mana Pas Demo Paling Mencolok Curiga Bayaran GS And Gank,sadar gk sih komentar mereka aja yg udah ke cuci otaknya oleh media media itu kalau di tanya kesimpulan aja gk bisa jawab bisanya cuma fomo indonesia gelap lihat tuh yg kemarin mahasiswa ngaku di pantau sampe di pasang alat gps ngakunya gara gara ikut demo kritik pemerintah mana pas demo paling mencolok curiga bayaran gs and gank,"['sadar', 'gk', 'sih', 'komentar', 'mereka', 'aja', 'yg', 'udah', 'ke', 'cuci', 'otaknya', 'oleh', 'media', 'media', 'itu', 'kalau', 'di', 'tanya', 'kesimpulan', 'aja', 'gk', 'bisa', 'jawab', 'bisanya', 'cuma', 'fomo', 'indonesia', 'gelap', 'lihat', 'tuh', 'yg', 'kemarin', 'mahasiswa', 'ngaku', 'di', 'pantau', 'sampe', 'di', 'pasang', 'alat', 'gps', 'ngakunya', 'gara', 'gara', 'ikut', 'demo', 'kritik', 'pemerintah', 'mana', 'pas', 'demo', 'paling', 'mencolok', 'curiga', 'bayaran', 'gs', 'and', 'gank']","['sadar', 'gk', 'sih', 'komentar', 'mereka', 'aja', 'yg', 'udah', 'cuci', 'otaknya', 'oleh', 'media', 'media', 'kalau', 'tanya', 'kesimpulan', 'aja', 'gk', 'bisa', 'jawab', 'bisanya', 'cuma', 'fomo', 'indonesia', 'gelap', 'lihat', 'tuh', 'yg', 'kemarin', 'mahasiswa', 'ngaku', 'pantau', 'sampe', 'pasang', 'alat', 'gps', 'ngakunya', 'gara', 'gara', 'ikut', 'demo', 'kritik', 'pemerintah', 'mana', 'pas', 'demo', 'paling', 'mencolok', 'curiga', 'bayaran', 'gs', 'and', 'gank']",sadar gk sih komentar mereka aja yg udah cuci otak oleh media media kalau tanya simpul aja gk bisa jawab bisa cuma fomo indonesia gelap lihat tuh yg kemarin mahasiswa ngaku pantau sampe pasang alat gps ngakunya gara gara ikut demo kritik perintah mana pas demo paling colok curiga bayar gs and gank
"Mereka jual hoax, buat nyerok di harga bawah.. sebab Ritel lokal yg invest panic akhirnya jual barang bagus 🤣🤣. Ajaibnya ritel fomo Indonesia malah memburu emiten yg dibuang MSCI 🤣🤣",@zulfikararma4536,8,Positif,Mereka jual hoax buat nyerok di harga bawah sebab Ritel lokal yg invest panic akhirnya jual barang bagus Ajaibnya ritel fomo Indonesia malah memburu emiten yg dibuang MSCI,mereka jual hoax buat nyerok di harga bawah sebab ritel lokal yg invest panic akhirnya jual barang bagus ajaibnya ritel fomo indonesia malah memburu emiten yg dibuang msci,"['mereka', 'jual', 'hoax', 'buat', 'nyerok', 'di', 'harga', 'bawah', 'sebab', 'ritel', 'lokal', 'yg', 'invest', 'panic', 'akhirnya', 'jual', 'barang', 'bagus', 'ajaibnya', 'ritel', 'fomo', 'indonesia', 'malah', 'memburu', 'emiten', 'yg', 'dibuang', 'msci']","['mereka', 'jual', 'hoax', 'buat', 'nyerok', 'harga', 'bawah', 'sebab', 'ritel', 'lokal', 'yg', 'invest', 'panic', 'akhirnya', 'jual', 'barang', 'bagus', 'ajaibnya', 'ritel', 'fomo', 'indonesia', 'malah', 'memburu', 'emiten', 'yg', 'dibuang', 'msci']",mereka jual hoax buat nyerok harga bawah sebab ritel lokal yg invest panic akhir jual barang bagus ajaib ritel fomo indonesia malah buru emiten yg buang msci
Krn  bnyk media sdh dibeli oleh george soros om Ben.....utk menurunkan kepercayaan investor luar thdp pemerintahan skrg...,@D4nkee,1,Netral,Krn bnyk media sdh dibeli oleh george soros om Benutk menurunkan kepercayaan investor luar thdp pemerintahan skrg,krn bnyk media sdh dibeli oleh george soros om benutk menurunkan kepercayaan investor luar thdp pemerintahan skrg,"['krn', 'bnyk', 'media', 'sdh', 'dibeli', 'oleh', 'george', 'soros', 'om', 'benutk', 'menurunkan', 'kepercayaan', 'investor', 'luar', 'thdp', 'pemerintahan', 'skrg']","['krn', 'bnyk', 'media', 'sdh', 'dibeli', 'oleh', 'george', 'soros', 'om', 'benutk', 'menurunkan', 'kepercayaan', 'investor', 'luar', 'thdp', 'pemerintahan', 'skrg']",krn bnyk media sdh beli oleh george soros om benutk turun percaya investor luar thdp perintah skrg
"Hoax, Scam… sejak digitalisasi, kadang yang otaknya ga nyampe, selalu di telan mentah2😅 setuju memang BEI dan Danantara harus bebenah.. dan transparansi🎉",@LiesNandiana-z2e,0,Positif,Hoax Scam sejak digitalisasi kadang yang otaknya ga nyampe selalu di telan mentah setuju memang BEI dan Danantara harus bebenah dan transparansi,hoax scam sejak digitalisasi kadang yang otaknya ga nyampe selalu di telan mentah setuju memang bei dan danantara harus bebenah dan transparansi,"['hoax', 'scam', 'sejak', 'digitalisasi', 'kadang', 'yang', 'otaknya', 'ga', 'nyampe', 'selalu', 'di', 'telan', 'mentah', 'setuju', 'memang', 'bei', 'dan', 'danantara', 'harus', 'bebenah', 'dan', 'transparansi']","['hoax', 'scam', 'sejak', 'digitalisasi', 'kadang', 'otaknya', 'ga', 'nyampe', 'selalu', 'telan', 'mentah', 'setuju', 'memang', 'bei', 'danantara', 'harus', 'bebenah', 'transparansi']",hoax scam sejak digitalisasi kadang otak ga nyampe selalu telan mentah tuju memang bei danantara harus bebenah transparansi
"Trimakasih bang Bennix❤❤❤almost loosing a hope for a better Indonesia last day.
Miss you always",@AkunBelajaribuk,5,Netral,Trimakasih bang Bennixalmost loosing a hope for a better Indonesia last day Miss you always,trimakasih bang bennixalmost loosing a hope for a better indonesia last day miss you always,"['trimakasih', 'bang', 'bennixalmost', 'loosing', 'a', 'hope', 'for', 'a', 'better', 'indonesia', 'last', 'day', 'miss', 'you', 'always']","['trimakasih', 'bang', 'bennixalmost', 'loosing', 'a', 'hope', 'for', 'a', 'better', 'indonesia', 'last', 'day', 'miss', 'you', 'always']",trimakasih bang bennixalmost loosing a hope for a better indonesia last day miss you always
emang investor itu manusia makanya banyak tololnya 😂🤣,@Nakaya123,0,Netral,emang investor itu manusia makanya banyak tololnya,emang investor itu manusia makanya banyak tololnya,"['emang', 'investor', 'itu', 'manusia', 'makanya', 'banyak', 'tololnya']","['emang', 'investor', 'manusia', 'makanya', 'banyak', 'tololnya']",emang investor manusia makanya banyak tolol
Emang media pengkhinat bangsa,@kingfarm4147,0,Netral,Emang media pengkhinat bangsa,emang media pengkhinat bangsa,"['emang', 'media', 'pengkhinat', 'bangsa']","['emang', 'media', 'pengkhinat', 'bangsa']",emang media pengkhinat bangsa
Selalu hadir👍,@YuniYuni-t5s8m,6,Netral,Selalu hadir,selalu hadir,"['selalu', 'hadir']","['selalu', 'hadir']",selalu hadir
"Brrti msci masih banyak pr untuk menurunkan rating indo? Msci butuh waktu lebih, pengumuman diundur..",@adhit1200,0,Netral,Brrti msci masih banyak pr untuk menurunkan rating indo Msci butuh waktu lebih pengumuman diundur,brrti msci masih banyak pr untuk menurunkan rating indo msci butuh waktu lebih pengumuman diundur,"['brrti', 'msci', 'masih', 'banyak', 'pr', 'untuk', 'menurunkan', 'rating', 'indo', 'msci', 'butuh', 'waktu', 'lebih', 'pengumuman', 'diundur']","['brrti', 'msci', 'masih', 'banyak', 'pr', 'menurunkan', 'rating', 'indo', 'msci', 'butuh', 'waktu', 'lebih', 'pengumuman', 'diundur']",brrti msci masih banyak pr turun rating indo msci butuh waktu lebih umum undur
Selalu hadir nyimak full om bennix.,@fuzimay611,6,Netral,Selalu hadir nyimak full om bennix,selalu hadir nyimak full om bennix,"['selalu', 'hadir', 'nyimak', 'full', 'om', 'bennix']","['selalu', 'hadir', 'nyimak', 'full', 'om', 'bennix']",selalu hadir nyimak full om bennix
Influencer indo banyak yang goblok juga ternyata,@ajuncepplux8412,0,Netral,Influencer indo banyak yang goblok juga ternyata,influencer indo banyak yang goblok juga ternyata,"['influencer', 'indo', 'banyak', 'yang', 'goblok', 'juga', 'ternyata']","['influencer', 'indo', 'banyak', 'goblok', 'ternyata']",influencer indo banyak goblok nyata
Hadir donggg like om Ben 👍,@FebriWaldi-f2k,1,Netral,Hadir donggg like om Ben,hadir donggg like om ben,"['hadir', 'donggg', 'like', 'om', 'ben']","['hadir', 'donggg', 'like', 'om', 'ben']",hadir donggg like om ben
"Saham PURE, BEI tangkapi semua dong",@ibrahimwei4801,0,Netral,Saham PURE BEI tangkapi semua dong,saham pure bei tangkapi semua dong,"['saham', 'pure', 'bei', 'tangkapi', 'semua', 'dong']","['saham', 'pure', 'bei', 'tangkapi', 'semua', 'dong']",saham pure bei tangkap semua dong
"Jijik gw memuji bursa efek Indonesia😂😂😂😂
Asli ini",@nobodycares1-123,13,Netral,Jijik gw memuji bursa efek Indonesia Asli ini,jijik gw memuji bursa efek indonesia asli ini,"['jijik', 'gw', 'memuji', 'bursa', 'efek', 'indonesia', 'asli', 'ini']","['jijik', 'gw', 'memuji', 'bursa', 'efek', 'indonesia', 'asli']",jijik gw puji bursa efek indonesia asli
Tebak negara masuk perempat final pildun 🤑😁,@pojiajaib,0,Netral,Tebak negara masuk perempat final pildun,tebak negara masuk perempat final pildun,"['tebak', 'negara', 'masuk', 'perempat', 'final', 'pildun']","['tebak', 'negara', 'masuk', 'perempat', 'final', 'pildun']",tebak negara masuk empat final pildun
Amerika selain China,@hadigunawan-f7s,0,Netral,Amerika selain China,amerika selain china,"['amerika', 'selain', 'china']","['amerika', 'selain', 'china']",amerika selain china
Hadir,@adityapratama90,0,Netral,Hadir,hadir,['hadir'],['hadir'],hadir
Saya ucapkan terima kasih atas crash karena perusahaan bagus sahamnya harga diskon 😍😍😍😍,@aefsaefulmunawar4260,0,Positif,Saya ucapkan terima kasih atas crash karena perusahaan bagus sahamnya harga diskon,saya ucapkan terima kasih atas crash karena perusahaan bagus sahamnya harga diskon,"['saya', 'ucapkan', 'terima', 'kasih', 'atas', 'crash', 'karena', 'perusahaan', 'bagus', 'sahamnya', 'harga', 'diskon']","['ucapkan', 'terima', 'kasih', 'atas', 'crash', 'perusahaan', 'bagus', 'sahamnya', 'harga', 'diskon']",ucap terima kasih atas crash usaha bagus saham harga diskon
msci standar internasional jadi yang percaya juga dari luar,@Doniudinkk,0,Netral,msci standar internasional jadi yang percaya juga dari luar,msci standar internasional jadi yang percaya juga dari luar,"['msci', 'standar', 'internasional', 'jadi', 'yang', 'percaya', 'juga', 'dari', 'luar']","['msci', 'standar', 'internasional', 'jadi', 'percaya', 'luar']",msci standar internasional jadi percaya luar
"mahasiw aneh,",@adityahendry,0,Netral,mahasiw aneh,mahasiw aneh,"['mahasiw', 'aneh']","['mahasiw', 'aneh']",mahasiw aneh
"Yg ga maen saham pasti ga paham, gw lagi nunggu ihsg turun dikit lagi biar enak nyeroknya, ada satu badan yg gw incer poinny belum turun2. Kemarin pas saham diatas gw jual semua soalny kata bennix bakal turun dan bener njirr, demen banget gw klo udh begini. Lol.",@MeiSusilawati-d6e,2,Netral,Yg ga maen saham pasti ga paham gw lagi nunggu ihsg turun dikit lagi biar enak nyeroknya ada satu badan yg gw incer poinny belum turun Kemarin pas saham diatas gw jual semua soalny kata bennix bakal turun dan bener njirr demen banget gw klo udh begini Lol,yg ga maen saham pasti ga paham gw lagi nunggu ihsg turun dikit lagi biar enak nyeroknya ada satu badan yg gw incer poinny belum turun kemarin pas saham diatas gw jual semua soalny kata bennix bakal turun dan bener njirr demen banget gw klo udh begini lol,"['yg', 'ga', 'maen', 'saham', 'pasti', 'ga', 'paham', 'gw', 'lagi', 'nunggu', 'ihsg', 'turun', 'dikit', 'lagi', 'biar', 'enak', 'nyeroknya', 'ada', 'satu', 'badan', 'yg', 'gw', 'incer', 'poinny', 'belum', 'turun', 'kemarin', 'pas', 'saham', 'diatas', 'gw', 'jual', 'semua', 'soalny', 'kata', 'bennix', 'bakal', 'turun', 'dan', 'bener', 'njirr', 'demen', 'banget', 'gw', 'klo', 'udh', 'begini', 'lol']","['yg', 'ga', 'maen', 'saham', 'pasti', 'ga', 'paham', 'gw', 'lagi', 'nunggu', 'ihsg', 'turun', 'dikit', 'lagi', 'biar', 'enak', 'nyeroknya', 'ada', 'satu', 'badan', 'yg', 'gw', 'incer', 'poinny', 'belum', 'turun', 'kemarin', 'pas', 'saham', 'diatas', 'gw', 'jual', 'semua', 'soalny', 'kata', 'bennix', 'bakal', 'turun', 'bener', 'njirr', 'demen', 'banget', 'gw', 'klo', 'udh', 'begini', 'lol']",yg ga maen saham pasti ga paham gw lagi nunggu ihsg turun dikit lagi biar enak nyeroknya ada satu badan yg gw incer poinny belum turun kemarin pas saham atas gw jual semua soalny kata bennix bakal turun bener njirr demen banget gw klo udh begini lol
 @MeiSusilawati-d6e  apa tuh?,@anakbandun778,0,Netral,de apa tuh,de apa tuh,"['de', 'apa', 'tuh']","['de', 'apa', 'tuh']",de apa tuh
​​ @MeiSusilawati-d6e LSIP kah bang? Karena di tengah2 berita msci ini emiten ini salah satu yg paling gacor pertumbuhan sahamnya,@rahmatkarim90,0,Netral,de LSIP kah bang Karena di tengah berita msci ini emiten ini salah satu yg paling gacor pertumbuhan sahamnya,de lsip kah bang karena di tengah berita msci ini emiten ini salah satu yg paling gacor pertumbuhan sahamnya,"['de', 'lsip', 'kah', 'bang', 'karena', 'di', 'tengah', 'berita', 'msci', 'ini', 'emiten', 'ini', 'salah', 'satu', 'yg', 'paling', 'gacor', 'pertumbuhan', 'sahamnya']","['de', 'lsip', 'kah', 'bang', 'tengah', 'berita', 'msci', 'emiten', 'salah', 'satu', 'yg', 'paling', 'gacor', 'pertumbuhan', 'sahamnya']",de lsip kah bang tengah berita msci emiten salah satu yg paling gacor tumbuh saham
Pinteeeerrrrrrrrr,@maRvelus01,0,Netral,Pinteeeerrrrrrrrr,pinteeeerrrrrrrrr,['pinteeeerrrrrrrrr'],['pinteeeerrrrrrrrr'],pinteeeerrrrrrrrr
"Mening nonton ini
Maren sy nonton Aa Gym
Percuma sy kapok Demo
Rezeki kita BKN dari dolar
Rezeki kt dr Allah
Klo ud rezeki kt gk akn kmana
Jgn mnuhankn Uang
Allah yg mmberin Kebahagian
Bkn uang bkn dolar

Tolong pa bennix d respons
Klo ada ulama mengutip dalil
Gmn mnyikapinya spy Tdk mmbingungkn
Makasi",@pawerrenzer,2,Netral,Mening nonton ini Maren sy nonton Aa Gym Percuma sy kapok Demo Rezeki kita BKN dari dolar Rezeki kt dr Allah Klo ud rezeki kt gk akn kmana Jgn mnuhankn Uang Allah yg mmberin Kebahagian Bkn uang bkn dolar Tolong pa bennix d respons Klo ada ulama mengutip dalil Gmn mnyikapinya spy Tdk mmbingungkn Makasi,mening nonton ini maren sy nonton aa gym percuma sy kapok demo rezeki kita bkn dari dolar rezeki kt dr allah klo ud rezeki kt gk akn kmana jgn mnuhankn uang allah yg mmberin kebahagian bkn uang bkn dolar tolong pa bennix d respons klo ada ulama mengutip dalil gmn mnyikapinya spy tdk mmbingungkn makasi,"['mening', 'nonton', 'ini', 'maren', 'sy', 'nonton', 'aa', 'gym', 'percuma', 'sy', 'kapok', 'demo', 'rezeki', 'kita', 'bkn', 'dari', 'dolar', 'rezeki', 'kt', 'dr', 'allah', 'klo', 'ud', 'rezeki', 'kt', 'gk', 'akn', 'kmana', 'jgn', 'mnuhankn', 'uang', 'allah', 'yg', 'mmberin', 'kebahagian', 'bkn', 'uang', 'bkn', 'dolar', 'tolong', 'pa', 'bennix', 'd', 'respons', 'klo', 'ada', 'ulama', 'mengutip', 'dalil', 'gmn', 'mnyikapinya', 'spy', 'tdk', 'mmbingungkn', 'makasi']","['mening', 'nonton', 'maren', 'sy', 'nonton', 'aa', 'gym', 'percuma', 'sy', 'kapok', 'demo', 'rezeki', 'bkn', 'dolar', 'rezeki', 'kt', 'dr', 'allah', 'klo', 'ud', 'rezeki', 'kt', 'gk', 'akn', 'kmana', 'jgn', 'mnuhankn', 'uang', 'allah', 'yg', 'mmberin', 'kebahagian', 'bkn', 'uang', 'bkn', 'dolar', 'tolong', 'pa', 'bennix', 'd', 'respons', 'klo', 'ada', 'ulama', 'mengutip', 'dalil', 'gmn', 'mnyikapinya', 'spy', 'tdk', 'mmbingungkn', 'makasi']",ning nonton maren sy nonton aa gym percuma sy kapok demo rezeki bkn dolar rezeki kt dr allah klo ud rezeki kt gk akn kmana jgn mnuhankn uang allah yg mmberin kebahagian bkn uang bkn dolar tolong pa bennix d respons klo ada ulama kutip dalil gmn mnyikapinya spy tdk mmbingungkn makas
kenapa sekarang medianya cnn cnbc Bloomberg emang tvri rri dan antara pada kemana... kayaknya pada makan gaji buta doang media yang di bayar negara...,@maspulhamidi8856,5,Netral,kenapa sekarang medianya cnn cnbc Bloomberg emang tvri rri dan antara pada kemana kayaknya pada makan gaji buta doang media yang di bayar negara,kenapa sekarang medianya cnn cnbc bloomberg emang tvri rri dan antara pada kemana kayaknya pada makan gaji buta doang media yang di bayar negara,"['kenapa', 'sekarang', 'medianya', 'cnn', 'cnbc', 'bloomberg', 'emang', 'tvri', 'rri', 'dan', 'antara', 'pada', 'kemana', 'kayaknya', 'pada', 'makan', 'gaji', 'buta', 'doang', 'media', 'yang', 'di', 'bayar', 'negara']","['kenapa', 'sekarang', 'medianya', 'cnn', 'cnbc', 'bloomberg', 'emang', 'tvri', 'rri', 'antara', 'kemana', 'kayaknya', 'makan', 'gaji', 'buta', 'doang', 'media', 'bayar', 'negara']",kenapa sekarang media cnn cnbc bloomberg emang tvri rri antara mana kayak makan gaji buta doang media bayar negara
bangga dengan kertapi laju tapi muka petak malu membahas sekolah di indon seperti kandang binatang muka jijik muka panik yang bodoh IQ 78 muka kotak yang bodoh seperti gorila apa lagi presiden indon yang bodoh dan jijik seperti binatang dan tidak hairanlah presiden kamu seperti binatang sekolah kamu pun seperti kandang binatang dan muka kotak sok sok pintar tapi bodoh muka petak seperti gorila membahas negara orang tapi negara sendiri tidak bercermin bodoh,@rajinansimin,0,Netral,bangga dengan kertapi laju tapi muka petak malu membahas sekolah di indon seperti kandang binatang muka jijik muka panik yang bodoh IQ muka kotak yang bodoh seperti gorila apa lagi presiden indon yang bodoh dan jijik seperti binatang dan tidak hairanlah presiden kamu seperti binatang sekolah kamu pun seperti kandang binatang dan muka kotak sok sok pintar tapi bodoh muka petak seperti gorila membahas negara orang tapi negara sendiri tidak bercermin bodoh,bangga dengan kertapi laju tapi muka petak malu membahas sekolah di indon seperti kandang binatang muka jijik muka panik yang bodoh iq muka kotak yang bodoh seperti gorila apa lagi presiden indon yang bodoh dan jijik seperti binatang dan tidak hairanlah presiden kamu seperti binatang sekolah kamu pun seperti kandang binatang dan muka kotak sok sok pintar tapi bodoh muka petak seperti gorila membahas negara orang tapi negara sendiri tidak bercermin bodoh,"['bangga', 'dengan', 'kertapi', 'laju', 'tapi', 'muka', 'petak', 'malu', 'membahas', 'sekolah', 'di', 'indon', 'seperti', 'kandang', 'binatang', 'muka', 'jijik', 'muka', 'panik', 'yang', 'bodoh', 'iq', 'muka', 'kotak', 'yang', 'bodoh', 'seperti', 'gorila', 'apa', 'lagi', 'presiden', 'indon', 'yang', 'bodoh', 'dan', 'jijik', 'seperti', 'binatang', 'dan', 'tidak', 'hairanlah', 'presiden', 'kamu', 'seperti', 'binatang', 'sekolah', 'kamu', 'pun', 'seperti', 'kandang', 'binatang', 'dan', 'muka', 'kotak', 'sok', 'sok', 'pintar', 'tapi', 'bodoh', 'muka', 'petak', 'seperti', 'gorila', 'membahas', 'negara', 'orang', 'tapi', 'negara', 'sendiri', 'tidak', 'bercermin', 'bodoh']","['bangga', 'kertapi', 'laju', 'tapi', 'muka', 'petak', 'malu', 'membahas', 'sekolah', 'indon', 'seperti', 'kandang', 'binatang', 'muka', 'jijik', 'muka', 'panik', 'bodoh', 'iq', 'muka', 'kotak', 'bodoh', 'seperti', 'gorila', 'apa', 'lagi', 'presiden', 'indon', 'bodoh', 'jijik', 'seperti', 'binatang', 'tidak', 'hairanlah', 'presiden', 'kamu', 'seperti', 'binatang', 'sekolah', 'kamu', 'pun', 'seperti', 'kandang', 'binatang', 'muka', 'kotak', 'sok', 'sok', 'pintar', 'tapi', 'bodoh', 'muka', 'petak', 'seperti', 'gorila', 'membahas', 'negara', 'orang', 'tapi', 'negara', 'sendiri', 'tidak', 'bercermin', 'bodoh']",bangga kertap laju tapi muka petak malu bahas sekolah indon seperti kandang binatang muka jijik muka panik bodoh iq muka kotak bodoh seperti gorila apa lagi presiden indon bodoh jijik seperti binatang tidak hairanlah presiden kamu seperti binatang sekolah kamu pun seperti kandang binatang muka kotak sok sok pintar tapi bodoh muka petak seperti gorila bahas negara orang tapi negara sendiri tidak cermin bodoh
"Om ban ada berita pabrik suku cadang mobil jepang pindah ke Vietnam, berarti sistem demokrasi Indonesia gak cocok di terapkan di Indonesia banyak perubahan elektronik dan lain lain pindah ke Vietnam, lama lama kaya gini kaya hegonomi demokrasi sistem buat Amerika Serikat kalah dengan sistem komunis Vietnam China ,media milik negara mereka pintar menyebarkan propaganda pariwisata dan lain lain , salut dengan Vietnam",@PUTRI.OKTAVIA.1,1,Netral,Om ban ada berita pabrik suku cadang mobil jepang pindah ke Vietnam berarti sistem demokrasi Indonesia gak cocok di terapkan di Indonesia banyak perubahan elektronik dan lain lain pindah ke Vietnam lama lama kaya gini kaya hegonomi demokrasi sistem buat Amerika Serikat kalah dengan sistem komunis Vietnam China media milik negara mereka pintar menyebarkan propaganda pariwisata dan lain lain salut dengan Vietnam,om ban ada berita pabrik suku cadang mobil jepang pindah ke vietnam berarti sistem demokrasi indonesia gak cocok di terapkan di indonesia banyak perubahan elektronik dan lain lain pindah ke vietnam lama lama kaya gini kaya hegonomi demokrasi sistem buat amerika serikat kalah dengan sistem komunis vietnam china media milik negara mereka pintar menyebarkan propaganda pariwisata dan lain lain salut dengan vietnam,"['om', 'ban', 'ada', 'berita', 'pabrik', 'suku', 'cadang', 'mobil', 'jepang', 'pindah', 'ke', 'vietnam', 'berarti', 'sistem', 'demokrasi', 'indonesia', 'gak', 'cocok', 'di', 'terapkan', 'di', 'indonesia', 'banyak', 'perubahan', 'elektronik', 'dan', 'lain', 'lain', 'pindah', 'ke', 'vietnam', 'lama', 'lama', 'kaya', 'gini', 'kaya', 'hegonomi', 'demokrasi', 'sistem', 'buat', 'amerika', 'serikat', 'kalah', 'dengan', 'sistem', 'komunis', 'vietnam', 'china', 'media', 'milik', 'negara', 'mereka', 'pintar', 'menyebarkan', 'propaganda', 'pariwisata', 'dan', 'lain', 'lain', 'salut', 'dengan', 'vietnam']","['om', 'ban', 'ada', 'berita', 'pabrik', 'suku', 'cadang', 'mobil', 'jepang', 'pindah', 'vietnam', 'berarti', 'sistem', 'demokrasi', 'indonesia', 'gak', 'cocok', 'terapkan', 'indonesia', 'banyak', 'perubahan', 'elektronik', 'lain', 'lain', 'pindah', 'vietnam', 'lama', 'lama', 'kaya', 'gini', 'kaya', 'hegonomi', 'demokrasi', 'sistem', 'buat', 'amerika', 'serikat', 'kalah', 'sistem', 'komunis', 'vietnam', 'china', 'media', 'milik', 'negara', 'mereka', 'pintar', 'menyebarkan', 'propaganda', 'pariwisata', 'lain', 'lain', 'salut', 'vietnam']",om ban ada berita pabrik suku cadang mobil jepang pindah vietnam arti sistem demokrasi indonesia gak cocok terap indonesia banyak ubah elektronik lain lain pindah vietnam lama lama kaya gin kaya hegonomi demokrasi sistem buat amerika serikat kalah sistem komunis vietnam china media milik negara mereka pintar sebar propaganda pariwisata lain lain salut vietnam
"Tenang saja kawan indonesia akan baik baik saja ❤❤
Jayalah negeriku jayalah Indonesiaku ❤❤
I love negeriku INDONESIA ❤❤",@agenagen1310,249,Positif,Tenang saja kawan indonesia akan baik baik saja Jayalah negeriku jayalah Indonesiaku I love negeriku INDONESIA,tenang saja kawan indonesia akan baik baik saja jayalah negeriku jayalah indonesiaku i love negeriku indonesia,"['tenang', 'saja', 'kawan', 'indonesia', 'akan', 'baik', 'baik', 'saja', 'jayalah', 'negeriku', 'jayalah', 'indonesiaku', 'i', 'love', 'negeriku', 'indonesia']","['tenang', 'saja', 'kawan', 'indonesia', 'akan', 'baik', 'baik', 'saja', 'jayalah', 'negeriku', 'jayalah', 'indonesiaku', 'i', 'love', 'negeriku', 'indonesia']",tenang saja kawan indonesia akan baik baik saja jaya negeri jaya indonesia i love negeri indonesia
Gilaaaa orang” jahat kek bgtu apa mereka gak bertuhan ya ? Apakah mereka kira uang bisa membeli kehidupan yg lebih kekal setelah di dunia ini dengan membeli hakim sidang di depan tuhan 😢,@hallolala9025,1,Netral,Gilaaaa orang jahat kek bgtu apa mereka gak bertuhan ya Apakah mereka kira uang bisa membeli kehidupan yg lebih kekal setelah di dunia ini dengan membeli hakim sidang di depan tuhan,gilaaaa orang jahat kek bgtu apa mereka gak bertuhan ya apakah mereka kira uang bisa membeli kehidupan yg lebih kekal setelah di dunia ini dengan membeli hakim sidang di depan tuhan,"['gilaaaa', 'orang', 'jahat', 'kek', 'bgtu', 'apa', 'mereka', 'gak', 'bertuhan', 'ya', 'apakah', 'mereka', 'kira', 'uang', 'bisa', 'membeli', 'kehidupan', 'yg', 'lebih', 'kekal', 'setelah', 'di', 'dunia', 'ini', 'dengan', 'membeli', 'hakim', 'sidang', 'di', 'depan', 'tuhan']","['gilaaaa', 'orang', 'jahat', 'kek', 'bgtu', 'apa', 'mereka', 'gak', 'bertuhan', 'ya', 'apakah', 'mereka', 'kira', 'uang', 'bisa', 'membeli', 'kehidupan', 'yg', 'lebih', 'kekal', 'setelah', 'dunia', 'membeli', 'hakim', 'sidang', 'depan', 'tuhan']",gilaaaa orang jahat kek bgtu apa mereka gak tuhan ya apakah mereka kira uang bisa beli hidup yg lebih kekal telah dunia beli hakim sidang depan tuhan
Bukannya lokal malah gak takut? Buktinya tiap hari beli buangan asing yg kabur dari IHSG,@yonasrioanggara1628,8,Netral,Bukannya lokal malah gak takut Buktinya tiap hari beli buangan asing yg kabur dari IHSG,bukannya lokal malah gak takut buktinya tiap hari beli buangan asing yg kabur dari ihsg,"['bukannya', 'lokal', 'malah', 'gak', 'takut', 'buktinya', 'tiap', 'hari', 'beli', 'buangan', 'asing', 'yg', 'kabur', 'dari', 'ihsg']","['bukannya', 'lokal', 'malah', 'gak', 'takut', 'buktinya', 'tiap', 'hari', 'beli', 'buangan', 'asing', 'yg', 'kabur', 'ihsg']",bukan lokal malah gak takut bukti tiap hari beli buang asing yg kabur ihsg
Setia selalu nonton Bennix,@hendrikhendrik5963,57,Netral,Setia selalu nonton Bennix,setia selalu nonton bennix,"['setia', 'selalu', 'nonton', 'bennix']","['setia', 'selalu', 'nonton', 'bennix']",setia selalu nonton bennix
Giring mulu,@tommynugroho4335,0,Netral,Giring mulu,giring mulu,"['giring', 'mulu']","['giring', 'mulu']",giring mulu
"Ganti semua Mentri pariwisata ganti juga pimpinan media milik negara,kita harus contoh Vietnam pariwisata berkembang devisa mengalir karna media gencar melakukan propaganda di luar negeri menarik turis pariwisata investasi investor  kebijakan satu expor harus di manfaatkan dengan baik",@Indonesianmen123,0,Positif,Ganti semua Mentri pariwisata ganti juga pimpinan media milik negarakita harus contoh Vietnam pariwisata berkembang devisa mengalir karna media gencar melakukan propaganda di luar negeri menarik turis pariwisata investasi investor kebijakan satu expor harus di manfaatkan dengan baik,ganti semua mentri pariwisata ganti juga pimpinan media milik negarakita harus contoh vietnam pariwisata berkembang devisa mengalir karna media gencar melakukan propaganda di luar negeri menarik turis pariwisata investasi investor kebijakan satu expor harus di manfaatkan dengan baik,"['ganti', 'semua', 'mentri', 'pariwisata', 'ganti', 'juga', 'pimpinan', 'media', 'milik', 'negarakita', 'harus', 'contoh', 'vietnam', 'pariwisata', 'berkembang', 'devisa', 'mengalir', 'karna', 'media', 'gencar', 'melakukan', 'propaganda', 'di', 'luar', 'negeri', 'menarik', 'turis', 'pariwisata', 'investasi', 'investor', 'kebijakan', 'satu', 'expor', 'harus', 'di', 'manfaatkan', 'dengan', 'baik']","['ganti', 'semua', 'mentri', 'pariwisata', 'ganti', 'pimpinan', 'media', 'milik', 'negarakita', 'harus', 'contoh', 'vietnam', 'pariwisata', 'berkembang', 'devisa', 'mengalir', 'karna', 'media', 'gencar', 'melakukan', 'propaganda', 'luar', 'negeri', 'menarik', 'turis', 'pariwisata', 'investasi', 'investor', 'kebijakan', 'satu', 'expor', 'harus', 'manfaatkan', 'baik']",ganti semua tri pariwisata ganti pimpin media milik negarakita harus contoh vietnam pariwisata kembang devisa alir karna media gencar laku propaganda luar negeri tarik turis pariwisata investasi investor bijak satu expor harus manfaat baik
Hadir nyimak Om Benn,@dionatla1406,1,Netral,Hadir nyimak Om Benn,hadir nyimak om benn,"['hadir', 'nyimak', 'om', 'benn']","['hadir', 'nyimak', 'om', 'benn']",hadir nyimak om benn
Yg bilang IHSG akan di downgrade ya siapa lagi kl bukan Ferry Latuhihin yg doktorNYA kagak jelas KAGAK PUNYA JOURNAL. Mana ada doktor kagak bikin journal 😜😜😜 ini mah title NGARANG!! Ini org udh gelar nembak ngejar jabatan dgn bluffing doang😜😜,@blueepenguin5322,0,Netral,Yg bilang IHSG akan di downgrade ya siapa lagi kl bukan Ferry Latuhihin yg doktorNYA kagak jelas KAGAK PUNYA JOURNAL Mana ada doktor kagak bikin journal ini mah title NGARANG Ini org udh gelar nembak ngejar jabatan dgn bluffing doang,yg bilang ihsg akan di downgrade ya siapa lagi kl bukan ferry latuhihin yg doktornya kagak jelas kagak punya journal mana ada doktor kagak bikin journal ini mah title ngarang ini org udh gelar nembak ngejar jabatan dgn bluffing doang,"['yg', 'bilang', 'ihsg', 'akan', 'di', 'downgrade', 'ya', 'siapa', 'lagi', 'kl', 'bukan', 'ferry', 'latuhihin', 'yg', 'doktornya', 'kagak', 'jelas', 'kagak', 'punya', 'journal', 'mana', 'ada', 'doktor', 'kagak', 'bikin', 'journal', 'ini', 'mah', 'title', 'ngarang', 'ini', 'org', 'udh', 'gelar', 'nembak', 'ngejar', 'jabatan', 'dgn', 'bluffing', 'doang']","['yg', 'bilang', 'ihsg', 'akan', 'downgrade', 'ya', 'siapa', 'lagi', 'kl', 'bukan', 'ferry', 'latuhihin', 'yg', 'doktornya', 'kagak', 'jelas', 'kagak', 'punya', 'journal', 'mana', 'ada', 'doktor', 'kagak', 'bikin', 'journal', 'mah', 'title', 'ngarang', 'org', 'udh', 'gelar', 'nembak', 'ngejar', 'jabatan', 'dgn', 'bluffing', 'doang']",yg bilang ihsg akan downgrade ya siapa lagi kl bukan ferry latuhihin yg doktor kagak jelas kagak punya journal mana ada doktor kagak bikin journal mah title ngarang org udh gelar nembak ngejar jabat dgn bluffing doang
"Om kok om apdet terus sih baca news terus ya om, gimana cara konsisten baca news om",@NafindiHaliyanto,1,Netral,Om kok om apdet terus sih baca news terus ya om gimana cara konsisten baca news om,om kok om apdet terus sih baca news terus ya om gimana cara konsisten baca news om,"['om', 'kok', 'om', 'apdet', 'terus', 'sih', 'baca', 'news', 'terus', 'ya', 'om', 'gimana', 'cara', 'konsisten', 'baca', 'news', 'om']","['om', 'kok', 'om', 'apdet', 'terus', 'sih', 'baca', 'news', 'terus', 'ya', 'om', 'gimana', 'cara', 'konsisten', 'baca', 'news', 'om']",om kok om apdet terus sih baca news terus ya om gimana cara konsisten baca news om
Akibat bilang negara jiran bangkrut akhirnya negara sendiri bangkrut 😂,@mohdazli3516,0,Netral,Akibat bilang negara jiran bangkrut akhirnya negara sendiri bangkrut,akibat bilang negara jiran bangkrut akhirnya negara sendiri bangkrut,"['akibat', 'bilang', 'negara', 'jiran', 'bangkrut', 'akhirnya', 'negara', 'sendiri', 'bangkrut']","['akibat', 'bilang', 'negara', 'jiran', 'bangkrut', 'akhirnya', 'negara', 'sendiri', 'bangkrut']",akibat bilang negara jiran bangkrut akhir negara sendiri bangkrut
Bang tanya kalo main Forex gold judi apa ga itu mohon penjelasannya,@bimasaktisy,0,Netral,Bang tanya kalo main Forex gold judi apa ga itu mohon penjelasannya,bang tanya kalo main forex gold judi apa ga itu mohon penjelasannya,"['bang', 'tanya', 'kalo', 'main', 'forex', 'gold', 'judi', 'apa', 'ga', 'itu', 'mohon', 'penjelasannya']","['bang', 'tanya', 'kalo', 'main', 'forex', 'gold', 'judi', 'apa', 'ga', 'mohon', 'penjelasannya']",bang tanya kalo main forex gold judi apa ga mohon jelas
Apa sisi positifnya cabutnya 139T dari indonesia?,@dwiokvi4112,0,Netral,Apa sisi positifnya cabutnya T dari indonesia,apa sisi positifnya cabutnya t dari indonesia,"['apa', 'sisi', 'positifnya', 'cabutnya', 't', 'dari', 'indonesia']","['apa', 'sisi', 'positifnya', 'cabutnya', 't', 'indonesia']",apa sisi positif cabut t indonesia
"Dua pabrik otomotif perakitan mobil akan sgra henkang dr indo ke Vietnam,sktr 3000 pekerja atau buruh akan sgra di rumahkan ,pabriknya ada di Mojokerto",@BudiPratomo-x4y,0,Netral,Dua pabrik otomotif perakitan mobil akan sgra henkang dr indo ke Vietnamsktr pekerja atau buruh akan sgra di rumahkan pabriknya ada di Mojokerto,dua pabrik otomotif perakitan mobil akan sgra henkang dr indo ke vietnamsktr pekerja atau buruh akan sgra di rumahkan pabriknya ada di mojokerto,"['dua', 'pabrik', 'otomotif', 'perakitan', 'mobil', 'akan', 'sgra', 'henkang', 'dr', 'indo', 'ke', 'vietnamsktr', 'pekerja', 'atau', 'buruh', 'akan', 'sgra', 'di', 'rumahkan', 'pabriknya', 'ada', 'di', 'mojokerto']","['dua', 'pabrik', 'otomotif', 'perakitan', 'mobil', 'akan', 'sgra', 'henkang', 'dr', 'indo', 'vietnamsktr', 'pekerja', 'buruh', 'akan', 'sgra', 'rumahkan', 'pabriknya', 'ada', 'mojokerto']",dua pabrik otomotif rakit mobil akan sgra henkang dr indo vietnamsktr kerja buruh akan sgra rumah pabrik ada mojokerto
Bukannya lu sendiri bang yg bilang indonesia akan di downgrade ke frontier market,@heriyansyah684,0,Netral,Bukannya lu sendiri bang yg bilang indonesia akan di downgrade ke frontier market,bukannya lu sendiri bang yg bilang indonesia akan di downgrade ke frontier market,"['bukannya', 'lu', 'sendiri', 'bang', 'yg', 'bilang', 'indonesia', 'akan', 'di', 'downgrade', 'ke', 'frontier', 'market']","['bukannya', 'lu', 'sendiri', 'bang', 'yg', 'bilang', 'indonesia', 'akan', 'downgrade', 'frontier', 'market']",bukan lu sendiri bang yg bilang indonesia akan downgrade frontier market
"Investor kabur penghianat bangsa bertaburan dimana mana rakyat Indonesia mudah diadu domba,, lengkap semua tantangan Indonesia untuk jadi negara berdaulat dan maju",@ahmadzaki-z4q,67,Netral,Investor kabur penghianat bangsa bertaburan dimana mana rakyat Indonesia mudah diadu domba lengkap semua tantangan Indonesia untuk jadi negara berdaulat dan maju,investor kabur penghianat bangsa bertaburan dimana mana rakyat indonesia mudah diadu domba lengkap semua tantangan indonesia untuk jadi negara berdaulat dan maju,"['investor', 'kabur', 'penghianat', 'bangsa', 'bertaburan', 'dimana', 'mana', 'rakyat', 'indonesia', 'mudah', 'diadu', 'domba', 'lengkap', 'semua', 'tantangan', 'indonesia', 'untuk', 'jadi', 'negara', 'berdaulat', 'dan', 'maju']","['investor', 'kabur', 'penghianat', 'bangsa', 'bertaburan', 'dimana', 'mana', 'rakyat', 'indonesia', 'mudah', 'diadu', 'domba', 'lengkap', 'semua', 'tantangan', 'indonesia', 'jadi', 'negara', 'berdaulat', 'maju']",investor kabur penghianat bangsa tabur mana mana rakyat indonesia mudah adu domba lengkap semua tantang indonesia jadi negara daulat maju
Tumben upload malam bg ben..,@danzai_kunn91,0,Netral,Tumben upload malam bg ben,tumben upload malam bg ben,"['tumben', 'upload', 'malam', 'bg', 'ben']","['tumben', 'upload', 'malam', 'bg', 'ben']",tumben upload malam bg ben
"Kalau sudah ngomongin agama. Terutama agama yg ono, agak sensitive. Jadi tidak perlu ada komentar. Sudah pada gede, jadi mikir sendiri sendiri saja",@maRvelus01,1,Netral,Kalau sudah ngomongin agama Terutama agama yg ono agak sensitive Jadi tidak perlu ada komentar Sudah pada gede jadi mikir sendiri sendiri saja,kalau sudah ngomongin agama terutama agama yg ono agak sensitive jadi tidak perlu ada komentar sudah pada gede jadi mikir sendiri sendiri saja,"['kalau', 'sudah', 'ngomongin', 'agama', 'terutama', 'agama', 'yg', 'ono', 'agak', 'sensitive', 'jadi', 'tidak', 'perlu', 'ada', 'komentar', 'sudah', 'pada', 'gede', 'jadi', 'mikir', 'sendiri', 'sendiri', 'saja']","['kalau', 'sudah', 'ngomongin', 'agama', 'terutama', 'agama', 'yg', 'ono', 'agak', 'sensitive', 'jadi', 'tidak', 'perlu', 'ada', 'komentar', 'sudah', 'gede', 'jadi', 'mikir', 'sendiri', 'sendiri', 'saja']",kalau sudah ngomongin agama utama agama yg ono agak sensitive jadi tidak perlu ada komentar sudah gede jadi mikir sendiri sendiri saja
S & J,@rheydinata1009,0,Netral,S J,s j,"['s', 'j']","['s', 'j']",s j
kalau pabrik Produser passenger - car buka di indonesia.. walau ada produser yang pindah..yang terpenting ada yang beli 😮 dan ingat indonesia konsumer yang cukup besar. lagian sehat untuk fiscal Indonesa..still a WIN untuk Indoneisa... Imho,@felixnyoman,0,Netral,kalau pabrik Produser passenger car buka di indonesia walau ada produser yang pindahyang terpenting ada yang beli dan ingat indonesia konsumer yang cukup besar lagian sehat untuk fiscal Indonesastill a WIN untuk Indoneisa Imho,kalau pabrik produser passenger car buka di indonesia walau ada produser yang pindahyang terpenting ada yang beli dan ingat indonesia konsumer yang cukup besar lagian sehat untuk fiscal indonesastill a win untuk indoneisa imho,"['kalau', 'pabrik', 'produser', 'passenger', 'car', 'buka', 'di', 'indonesia', 'walau', 'ada', 'produser', 'yang', 'pindahyang', 'terpenting', 'ada', 'yang', 'beli', 'dan', 'ingat', 'indonesia', 'konsumer', 'yang', 'cukup', 'besar', 'lagian', 'sehat', 'untuk', 'fiscal', 'indonesastill', 'a', 'win', 'untuk', 'indoneisa', 'imho']","['kalau', 'pabrik', 'produser', 'passenger', 'car', 'buka', 'indonesia', 'walau', 'ada', 'produser', 'pindahyang', 'terpenting', 'ada', 'beli', 'ingat', 'indonesia', 'konsumer', 'cukup', 'besar', 'lagian', 'sehat', 'fiscal', 'indonesastill', 'a', 'win', 'indoneisa', 'imho']",kalau pabrik produser passenger car buka indonesia walau ada produser pindahyang penting ada beli ingat indonesia konsumer cukup besar lagi sehat fiscal indonesastill a win indoneisa imho
"Kita harus saling bahu membahu, dikampung biasa² saja semua kerja, cuma dikota yang banyak kepanasan karena diatur oligarki",@muslihanhadi940,4,Netral,Kita harus saling bahu membahu dikampung biasa saja semua kerja cuma dikota yang banyak kepanasan karena diatur oligarki,kita harus saling bahu membahu dikampung biasa saja semua kerja cuma dikota yang banyak kepanasan karena diatur oligarki,"['kita', 'harus', 'saling', 'bahu', 'membahu', 'dikampung', 'biasa', 'saja', 'semua', 'kerja', 'cuma', 'dikota', 'yang', 'banyak', 'kepanasan', 'karena', 'diatur', 'oligarki']","['harus', 'saling', 'bahu', 'membahu', 'dikampung', 'biasa', 'saja', 'semua', 'kerja', 'cuma', 'dikota', 'banyak', 'kepanasan', 'diatur', 'oligarki']",harus saling bahu bahu kampung biasa saja semua kerja cuma kota banyak panas atur oligarki
​@muslihanhadi940 coba mas luangkan waktu untuk memperbanyak literasi. Efek domino kepemimpinan amburadul dan pengelolaan keuangan negara yang tidak baik jg berpengaruh ke banyak sektor. Tidak melihat anda orang kota ataupun desa. Tidak perlu menjadi buzzer dan penjilat dengan mengatasnamakan orang desa,@rakyatbiasa837,2,Positif,coba mas luangkan waktu untuk memperbanyak literasi Efek domino kepemimpinan amburadul dan pengelolaan keuangan negara yang tidak baik jg berpengaruh ke banyak sektor Tidak melihat anda orang kota ataupun desa Tidak perlu menjadi buzzer dan penjilat dengan mengatasnamakan orang desa,coba mas luangkan waktu untuk memperbanyak literasi efek domino kepemimpinan amburadul dan pengelolaan keuangan negara yang tidak baik jg berpengaruh ke banyak sektor tidak melihat anda orang kota ataupun desa tidak perlu menjadi buzzer dan penjilat dengan mengatasnamakan orang desa,"['coba', 'mas', 'luangkan', 'waktu', 'untuk', 'memperbanyak', 'literasi', 'efek', 'domino', 'kepemimpinan', 'amburadul', 'dan', 'pengelolaan', 'keuangan', 'negara', 'yang', 'tidak', 'baik', 'jg', 'berpengaruh', 'ke', 'banyak', 'sektor', 'tidak', 'melihat', 'anda', 'orang', 'kota', 'ataupun', 'desa', 'tidak', 'perlu', 'menjadi', 'buzzer', 'dan', 'penjilat', 'dengan', 'mengatasnamakan', 'orang', 'desa']","['coba', 'mas', 'luangkan', 'waktu', 'memperbanyak', 'literasi', 'efek', 'domino', 'kepemimpinan', 'amburadul', 'pengelolaan', 'keuangan', 'negara', 'tidak', 'baik', 'jg', 'berpengaruh', 'banyak', 'sektor', 'tidak', 'melihat', 'anda', 'orang', 'kota', 'ataupun', 'desa', 'tidak', 'perlu', 'menjadi', 'buzzer', 'penjilat', 'mengatasnamakan', 'orang', 'desa']",coba mas luang waktu banyak literasi efek domino pimpin amburadul kelola uang negara tidak baik jg pengaruh banyak sektor tidak lihat anda orang kota atau desa tidak perlu jadi buzzer jilat mengatasnamakan orang desa
Aamiin yra ..Insha Allah Indonesia baik2 aja.enyahlah para pengkhianat bangsa...aamiin,@ritaadivaraeyrza6581,2,Positif,Aamiin yra Insha Allah Indonesia baik ajaenyahlah para pengkhianat bangsaaamiin,aamiin yra insha allah indonesia baik ajaenyahlah para pengkhianat bangsaaamiin,"['aamiin', 'yra', 'insha', 'allah', 'indonesia', 'baik', 'ajaenyahlah', 'para', 'pengkhianat', 'bangsaaamiin']","['aamiin', 'yra', 'insha', 'allah', 'indonesia', 'baik', 'ajaenyahlah', 'para', 'pengkhianat', 'bangsaaamiin']",aamiin yra insha allah indonesia baik ajaenyahlah para khianat bangsaaamiin
"Betulll indonesia tidak akan kelaparan, nasi melimpahhh lauk pauk asal ada kail melimpah, ternak melimpah yg ngaco memang media yg bawa berita2 hoax",@adamjupriofficial3716,1,Netral,Betulll indonesia tidak akan kelaparan nasi melimpahhh lauk pauk asal ada kail melimpah ternak melimpah yg ngaco memang media yg bawa berita hoax,betulll indonesia tidak akan kelaparan nasi melimpahhh lauk pauk asal ada kail melimpah ternak melimpah yg ngaco memang media yg bawa berita hoax,"['betulll', 'indonesia', 'tidak', 'akan', 'kelaparan', 'nasi', 'melimpahhh', 'lauk', 'pauk', 'asal', 'ada', 'kail', 'melimpah', 'ternak', 'melimpah', 'yg', 'ngaco', 'memang', 'media', 'yg', 'bawa', 'berita', 'hoax']","['betulll', 'indonesia', 'tidak', 'akan', 'kelaparan', 'nasi', 'melimpahhh', 'lauk', 'pauk', 'asal', 'ada', 'kail', 'melimpah', 'ternak', 'melimpah', 'yg', 'ngaco', 'memang', 'media', 'yg', 'bawa', 'berita', 'hoax']",betulll indonesia tidak akan lapar nasi melimpahhh lauk pauk asal ada kail limpah ternak limpah yg ngaco memang media yg bawa berita hoax
wakwakwak😂😂😂,@DodyCivil07,0,Netral,wakwakwak,wakwakwak,['wakwakwak'],['wakwakwak'],wakwakwak
​ @DodyCivil07 lu lihat sampai selesai kagak,@HariYadi-m7i,1,Netral,lu lihat sampai selesai kagak,lu lihat sampai selesai kagak,"['lu', 'lihat', 'sampai', 'selesai', 'kagak']","['lu', 'lihat', 'sampai', 'selesai', 'kagak']",lu lihat sampai selesai kagak
Tolol,@hadihadidijalan4091,0,Netral,Tolol,tolol,['tolol'],['tolol'],tolol
"Indonesia baik2x saja bro, IHSG anjlok karena M3G & KXXX dan 
msci koreksi saham indoneisa di tambah om wowok byk pegang mic",@lirangkingdurian,0,Positif,Indonesia baikx saja bro IHSG anjlok karena MG KXXX dan msci koreksi saham indoneisa di tambah om wowok byk pegang mic,indonesia baikx saja bro ihsg anjlok karena mg kxxx dan msci koreksi saham indoneisa di tambah om wowok byk pegang mic,"['indonesia', 'baikx', 'saja', 'bro', 'ihsg', 'anjlok', 'karena', 'mg', 'kxxx', 'dan', 'msci', 'koreksi', 'saham', 'indoneisa', 'di', 'tambah', 'om', 'wowok', 'byk', 'pegang', 'mic']","['indonesia', 'baikx', 'saja', 'bro', 'ihsg', 'anjlok', 'mg', 'kxxx', 'msci', 'koreksi', 'saham', 'indoneisa', 'tambah', 'om', 'wowok', 'byk', 'pegang', 'mic']",indonesia baikx saja bro ihsg anjlok mg kxxx msci koreksi saham indoneisa tambah om wowok byk pegang mic
Jangan mau kt di adu domba oleh bangsat2 asing aseng yg ingin Indonesia hancur. krna mreka tau Indonesia adalah lahan surga yg bs di ambil keuntungan utk negara mreka yg sampah.mreka ga mau Indonesia jd negara kuat krna akan mnyulitkan mreka bangsat2 itu utk mengeruk kekayaan alam serta uang dari Indonesia. mmg sengaja Indonesia di buat miskin dan bodoh spy gampang di perbudak. INGAT KITA BANGSA INDONESIA JANGAN JADI ORG TOLOL YG GAMPANG DI PECAH BELAH DAN DI BENTURKAN SPY SESAMA KITA BERANTAM. KITA PERTAHANKAN KEKAYAAN ALAM KITA SPY TDK DI CURI LG.,@lakimantap3584,0,Netral,Jangan mau kt di adu domba oleh bangsat asing aseng yg ingin Indonesia hancur krna mreka tau Indonesia adalah lahan surga yg bs di ambil keuntungan utk negara mreka yg sampahmreka ga mau Indonesia jd negara kuat krna akan mnyulitkan mreka bangsat itu utk mengeruk kekayaan alam serta uang dari Indonesia mmg sengaja Indonesia di buat miskin dan bodoh spy gampang di perbudak INGAT KITA BANGSA INDONESIA JANGAN JADI ORG TOLOL YG GAMPANG DI PECAH BELAH DAN DI BENTURKAN SPY SESAMA KITA BERANTAM KITA PERTAHANKAN KEKAYAAN ALAM KITA SPY TDK DI CURI LG,jangan mau kt di adu domba oleh bangsat asing aseng yg ingin indonesia hancur krna mreka tau indonesia adalah lahan surga yg bs di ambil keuntungan utk negara mreka yg sampahmreka ga mau indonesia jd negara kuat krna akan mnyulitkan mreka bangsat itu utk mengeruk kekayaan alam serta uang dari indonesia mmg sengaja indonesia di buat miskin dan bodoh spy gampang di perbudak ingat kita bangsa indonesia jangan jadi org tolol yg gampang di pecah belah dan di benturkan spy sesama kita berantam kita pertahankan kekayaan alam kita spy tdk di curi lg,"['jangan', 'mau', 'kt', 'di', 'adu', 'domba', 'oleh', 'bangsat', 'asing', 'aseng', 'yg', 'ingin', 'indonesia', 'hancur', 'krna', 'mreka', 'tau', 'indonesia', 'adalah', 'lahan', 'surga', 'yg', 'bs', 'di', 'ambil', 'keuntungan', 'utk', 'negara', 'mreka', 'yg', 'sampahmreka', 'ga', 'mau', 'indonesia', 'jd', 'negara', 'kuat', 'krna', 'akan', 'mnyulitkan', 'mreka', 'bangsat', 'itu', 'utk', 'mengeruk', 'kekayaan', 'alam', 'serta', 'uang', 'dari', 'indonesia', 'mmg', 'sengaja', 'indonesia', 'di', 'buat', 'miskin', 'dan', 'bodoh', 'spy', 'gampang', 'di', 'perbudak', 'ingat', 'kita', 'bangsa', 'indonesia', 'jangan', 'jadi', 'org', 'tolol', 'yg', 'gampang', 'di', 'pecah', 'belah', 'dan', 'di', 'benturkan', 'spy', 'sesama', 'kita', 'berantam', 'kita', 'pertahankan', 'kekayaan', 'alam', 'kita', 'spy', 'tdk', 'di', 'curi', 'lg']","['jangan', 'mau', 'kt', 'adu', 'domba', 'oleh', 'bangsat', 'asing', 'aseng', 'yg', 'ingin', 'indonesia', 'hancur', 'krna', 'mreka', 'tau', 'indonesia', 'lahan', 'surga', 'yg', 'bs', 'ambil', 'keuntungan', 'utk', 'negara', 'mreka', 'yg', 'sampahmreka', 'ga', 'mau', 'indonesia', 'jd', 'negara', 'kuat', 'krna', 'akan', 'mnyulitkan', 'mreka', 'bangsat', 'utk', 'mengeruk', 'kekayaan', 'alam', 'serta', 'uang', 'indonesia', 'mmg', 'sengaja', 'indonesia', 'buat', 'miskin', 'bodoh', 'spy', 'gampang', 'perbudak', 'ingat', 'bangsa', 'indonesia', 'jangan', 'jadi', 'org', 'tolol', 'yg', 'gampang', 'pecah', 'belah', 'benturkan', 'spy', 'sesama', 'berantam', 'pertahankan', 'kekayaan', 'alam', 'spy', 'tdk', 'curi', 'lg']",jangan mau kt adu domba oleh bangsat asing aseng yg ingin indonesia hancur krna mreka tau indonesia lahan surga yg bs ambil untung utk negara mreka yg sampahmreka ga mau indonesia jd negara kuat krna akan mnyulitkan mreka bangsat utk keruk kaya alam serta uang indonesia mmg sengaja indonesia buat miskin bodoh spy gampang budak ingat bangsa indonesia jangan jadi org tolol yg gampang pecah belah bentur spy sama rantam tahan kaya alam spy tdk curi lg
indONEsia... Nomero uno,@mreza1122,0,Netral,indONEsia Nomero uno,indonesia nomero uno,"['indonesia', 'nomero', 'uno']","['indonesia', 'nomero', 'uno']",indonesia nomero uno
"Karena Indonesia dan india adalah saudara kandung sedarah, salam rahayu para jamet prindavan ❤",@kolakpisang2758,2,Netral,Karena Indonesia dan india adalah saudara kandung sedarah salam rahayu para jamet prindavan,karena indonesia dan india adalah saudara kandung sedarah salam rahayu para jamet prindavan,"['karena', 'indonesia', 'dan', 'india', 'adalah', 'saudara', 'kandung', 'sedarah', 'salam', 'rahayu', 'para', 'jamet', 'prindavan']","['indonesia', 'india', 'saudara', 'kandung', 'sedarah', 'salam', 'rahayu', 'para', 'jamet', 'prindavan']",indonesia india saudara kandung darah salam rahayu para jamet prindavan
wakwakwak😂😂😂,@DodyCivil07,0,Netral,wakwakwak,wakwakwak,['wakwakwak'],['wakwakwak'],wakwakwak
Loker jadi buzzer dmn?,@rakyatbiasa837,0,Netral,Loker jadi buzzer dmn,loker jadi buzzer dmn,"['loker', 'jadi', 'buzzer', 'dmn']","['loker', 'jadi', 'buzzer', 'dmn']",loker jadi buzzer dmn
 @rakyatbiasa837 buzzer teriak buzzer cak kocak😂,@jalilfaza,2,Netral,buzzer teriak buzzer cak kocak,buzzer teriak buzzer cak kocak,"['buzzer', 'teriak', 'buzzer', 'cak', 'kocak']","['buzzer', 'teriak', 'buzzer', 'cak', 'kocak']",buzzer teriak buzzer cak kocak
​ @rakyatbiasa837 coba tanya anis kan di Ketua buzzer nya,@dimasbaskarayudha9742,0,Netral,coba tanya anis kan di Ketua buzzer nya,coba tanya anis kan di ketua buzzer nya,"['coba', 'tanya', 'anis', 'kan', 'di', 'ketua', 'buzzer', 'nya']","['coba', 'tanya', 'anis', 'kan', 'ketua', 'buzzer', 'nya']",coba tanya anis kan ketua buzzer nya
Tetep aja porsinya beda kan,@LeiteFrandale,0,Netral,Tetep aja porsinya beda kan,tetep aja porsinya beda kan,"['tetep', 'aja', 'porsinya', 'beda', 'kan']","['tetep', 'aja', 'porsinya', 'beda', 'kan']",tetep aja porsi beda kan
Agen VOC di Indonesia,@RiyandaTaswarTaswar,1,Netral,Agen VOC di Indonesia,agen voc di indonesia,"['agen', 'voc', 'di', 'indonesia']","['agen', 'voc', 'indonesia']",agen voc indonesia
Tiba-tiba nongol dr dulu nga tau dia ada😂 komplit dgn outfit nya yg ala2😂😂,@YuniYuni-t5s8m,0,Netral,Tibatiba nongol dr dulu nga tau dia ada komplit dgn outfit nya yg ala,tibatiba nongol dr dulu nga tau dia ada komplit dgn outfit nya yg ala,"['tibatiba', 'nongol', 'dr', 'dulu', 'nga', 'tau', 'dia', 'ada', 'komplit', 'dgn', 'outfit', 'nya', 'yg', 'ala']","['tibatiba', 'nongol', 'dr', 'dulu', 'nga', 'tau', 'dia', 'ada', 'komplit', 'dgn', 'outfit', 'nya', 'yg', 'ala']",tibatiba nongol dr dulu nga tau dia ada komplit dgn outfit nya yg ala
Abis dapet buff ungu kali .😂,@rheydinata1009,0,Netral,Abis dapet buff ungu kali,abis dapet buff ungu kali,"['abis', 'dapet', 'buff', 'ungu', 'kali']","['abis', 'dapet', 'buff', 'ungu', 'kali']",abis dapet buff ungu kali
😅jenius bro benix sekali baca langsung 😅 tahu,@BusanaHijabJilbabCantik,0,Netral,jenius bro benix sekali baca langsung tahu,jenius bro benix sekali baca langsung tahu,"['jenius', 'bro', 'benix', 'sekali', 'baca', 'langsung', 'tahu']","['jenius', 'bro', 'benix', 'sekali', 'baca', 'langsung', 'tahu']",jenius bro benix sekali baca langsung tahu
Suka suka lu. Uda gede masih aja nanya beginian,@maRvelus01,0,Netral,Suka suka lu Uda gede masih aja nanya beginian,suka suka lu uda gede masih aja nanya beginian,"['suka', 'suka', 'lu', 'uda', 'gede', 'masih', 'aja', 'nanya', 'beginian']","['suka', 'suka', 'lu', 'uda', 'gede', 'masih', 'aja', 'nanya', 'beginian']",suka suka lu uda gede masih aja nanya begini
"yg namanya ""main"" dari jaman simbah saya itu nama halus dari judi. spekulasi = judi. 

Apa lagi spekulasi harga 10 menit kedepan, 1-2 hari kedepan, 1 minggu kedepan.

Ga ada orang namem padi panennya 10 menit, 1-2 hari, 1 minggu.",@roe_goodknight,0,Netral,yg namanya main dari jaman simbah saya itu nama halus dari judi spekulasi judi Apa lagi spekulasi harga menit kedepan hari kedepan minggu kedepan Ga ada orang namem padi panennya menit hari minggu,yg namanya main dari jaman simbah saya itu nama halus dari judi spekulasi judi apa lagi spekulasi harga menit kedepan hari kedepan minggu kedepan ga ada orang namem padi panennya menit hari minggu,"['yg', 'namanya', 'main', 'dari', 'jaman', 'simbah', 'saya', 'itu', 'nama', 'halus', 'dari', 'judi', 'spekulasi', 'judi', 'apa', 'lagi', 'spekulasi', 'harga', 'menit', 'kedepan', 'hari', 'kedepan', 'minggu', 'kedepan', 'ga', 'ada', 'orang', 'namem', 'padi', 'panennya', 'menit', 'hari', 'minggu']","['yg', 'namanya', 'main', 'jaman', 'simbah', 'nama', 'halus', 'judi', 'spekulasi', 'judi', 'apa', 'lagi', 'spekulasi', 'harga', 'menit', 'kedepan', 'hari', 'kedepan', 'minggu', 'kedepan', 'ga', 'ada', 'orang', 'namem', 'padi', 'panennya', 'menit', 'hari', 'minggu']",yg nama main jaman simbah nama halus judi spekulasi judi apa lagi spekulasi harga menit depan hari depan minggu depan ga ada orang namem padi panen menit hari minggu
Judi,@Bennix,0,Netral,Judi,judi,['judi'],['judi'],judi
"​ @Bennix master gema Astronacci main itu bang saya kelahiran 98
Dan dia juga buka edukasi Trading Forex Gold XAU tapi dari sisi pemerintah Indonesia tidak melarang trading forex gold


Kalo Saham ada perusahaan si A dan si B udah pasti ada barang jasa yg beroperasi dan berproduksi dan ada Kode PT perusahaan apa ada tempat fisik lapangan juga kalo dicari jadi Saham bagus buat investasi tapi Dana harus besar pas masuk dan paham Analisis Fundamental dan teknikal juga 

Terimakasih Bang Benik",@bimasaktisy,0,Positif,master gema Astronacci main itu bang saya kelahiran Dan dia juga buka edukasi Trading Forex Gold XAU tapi dari sisi pemerintah Indonesia tidak melarang trading forex gold Kalo Saham ada perusahaan si A dan si B udah pasti ada barang jasa yg beroperasi dan berproduksi dan ada Kode PT perusahaan apa ada tempat fisik lapangan juga kalo dicari jadi Saham bagus buat investasi tapi Dana harus besar pas masuk dan paham Analisis Fundamental dan teknikal juga Terimakasih Bang Benik,master gema astronacci main itu bang saya kelahiran dan dia juga buka edukasi trading forex gold xau tapi dari sisi pemerintah indonesia tidak melarang trading forex gold kalo saham ada perusahaan si a dan si b udah pasti ada barang jasa yg beroperasi dan berproduksi dan ada kode pt perusahaan apa ada tempat fisik lapangan juga kalo dicari jadi saham bagus buat investasi tapi dana harus besar pas masuk dan paham analisis fundamental dan teknikal juga terimakasih bang benik,"['master', 'gema', 'astronacci', 'main', 'itu', 'bang', 'saya', 'kelahiran', 'dan', 'dia', 'juga', 'buka', 'edukasi', 'trading', 'forex', 'gold', 'xau', 'tapi', 'dari', 'sisi', 'pemerintah', 'indonesia', 'tidak', 'melarang', 'trading', 'forex', 'gold', 'kalo', 'saham', 'ada', 'perusahaan', 'si', 'a', 'dan', 'si', 'b', 'udah', 'pasti', 'ada', 'barang', 'jasa', 'yg', 'beroperasi', 'dan', 'berproduksi', 'dan', 'ada', 'kode', 'pt', 'perusahaan', 'apa', 'ada', 'tempat', 'fisik', 'lapangan', 'juga', 'kalo', 'dicari', 'jadi', 'saham', 'bagus', 'buat', 'investasi', 'tapi', 'dana', 'harus', 'besar', 'pas', 'masuk', 'dan', 'paham', 'analisis', 'fundamental', 'dan', 'teknikal', 'juga', 'terimakasih', 'bang', 'benik']","['master', 'gema', 'astronacci', 'main', 'bang', 'kelahiran', 'dia', 'buka', 'edukasi', 'trading', 'forex', 'gold', 'xau', 'tapi', 'sisi', 'pemerintah', 'indonesia', 'tidak', 'melarang', 'trading', 'forex', 'gold', 'kalo', 'saham', 'ada', 'perusahaan', 'si', 'a', 'si', 'b', 'udah', 'pasti', 'ada', 'barang', 'jasa', 'yg', 'beroperasi', 'berproduksi', 'ada', 'kode', 'pt', 'perusahaan', 'apa', 'ada', 'tempat', 'fisik', 'lapangan', 'kalo', 'dicari', 'jadi', 'saham', 'bagus', 'buat', 'investasi', 'tapi', 'dana', 'harus', 'besar', 'pas', 'masuk', 'paham', 'analisis', 'fundamental', 'teknikal', 'terimakasih', 'bang', 'benik']",master gema astronacci main bang lahir dia buka edukasi trading forex gold xau tapi sisi perintah indonesia tidak larang trading forex gold kalo saham ada usaha si a si b udah pasti ada barang jasa yg operasi produksi ada kode pt usaha apa ada tempat fisik lapang kalo cari jadi saham bagus buat investasi tapi dana harus besar pas masuk paham analisis fundamental teknikal terimakasih bang benik
"Sisi positive nya, banyak saham bagus jatuh harganya. Kesempatan emas",@maRvelus01,0,Positif,Sisi positive nya banyak saham bagus jatuh harganya Kesempatan emas,sisi positive nya banyak saham bagus jatuh harganya kesempatan emas,"['sisi', 'positive', 'nya', 'banyak', 'saham', 'bagus', 'jatuh', 'harganya', 'kesempatan', 'emas']","['sisi', 'positive', 'nya', 'banyak', 'saham', 'bagus', 'jatuh', 'harganya', 'kesempatan', 'emas']",sisi positive nya banyak saham bagus jatuh harga sempat emas
"Byd baru buka pabrik
Hal biasa",@Sepatupriakeren,1,Netral,Byd baru buka pabrik Hal biasa,byd baru buka pabrik hal biasa,"['byd', 'baru', 'buka', 'pabrik', 'hal', 'biasa']","['byd', 'baru', 'buka', 'pabrik', 'hal', 'biasa']",byd baru buka pabrik hal biasa
Bisa dialihin sih buat pabrik alutsista,@danzai_kunn91,0,Netral,Bisa dialihin sih buat pabrik alutsista,bisa dialihin sih buat pabrik alutsista,"['bisa', 'dialihin', 'sih', 'buat', 'pabrik', 'alutsista']","['bisa', 'dialihin', 'sih', 'buat', 'pabrik', 'alutsista']",bisa dialihin sih buat pabrik alutsista
​ @danzai_kunn91 buat panzer tpi yg di psen negara cuma 4 biji,@ardisantoso6017,0,Netral,buat panzer tpi yg di psen negara cuma biji,buat panzer tpi yg di psen negara cuma biji,"['buat', 'panzer', 'tpi', 'yg', 'di', 'psen', 'negara', 'cuma', 'biji']","['buat', 'panzer', 'tpi', 'yg', 'psen', 'negara', 'cuma', 'biji']",buat panzer tpi yg psen negara cuma biji
"Buruh bakal banyak yg hilang, tapi president buruhnya sendiri aja bukan buruh statusnya 😂",@maRvelus01,0,Netral,Buruh bakal banyak yg hilang tapi president buruhnya sendiri aja bukan buruh statusnya,buruh bakal banyak yg hilang tapi president buruhnya sendiri aja bukan buruh statusnya,"['buruh', 'bakal', 'banyak', 'yg', 'hilang', 'tapi', 'president', 'buruhnya', 'sendiri', 'aja', 'bukan', 'buruh', 'statusnya']","['buruh', 'bakal', 'banyak', 'yg', 'hilang', 'tapi', 'president', 'buruhnya', 'sendiri', 'aja', 'bukan', 'buruh', 'statusnya']",buruh bakal banyak yg hilang tapi president buruh sendiri aja bukan buruh status
Lah kocak saham vietnam aja di frontier market,@andiarnandi1567,0,Netral,Lah kocak saham vietnam aja di frontier market,lah kocak saham vietnam aja di frontier market,"['lah', 'kocak', 'saham', 'vietnam', 'aja', 'di', 'frontier', 'market']","['lah', 'kocak', 'saham', 'vietnam', 'aja', 'frontier', 'market']",lah kocak saham vietnam aja frontier market
"Akibat KALAH PILPRES, DENGKI 😂",@NgoaMumtaz,13,Netral,Akibat KALAH PILPRES DENGKI,akibat kalah pilpres dengki,"['akibat', 'kalah', 'pilpres', 'dengki']","['akibat', 'kalah', 'pilpres', 'dengki']",akibat kalah pilpres dengki
​ @NgoaMumtaz nah ini dia bro memang benar akibat hidup pake kebencian jadi bego negara aja dikorbanin  mereka tahan buat berita hoax biar negara yg di pimpin pemerintah sekarang terlihat Keos target mereka orang orang yg kurang paham cara pakai medsos .orang yg mudah ke tipu hoax pasti langsung emosi tanpa cek situs resminya 😅,@RobyPrimantara-s2n,1,Netral,nah ini dia bro memang benar akibat hidup pake kebencian jadi bego negara aja dikorbanin mereka tahan buat berita hoax biar negara yg di pimpin pemerintah sekarang terlihat Keos target mereka orang orang yg kurang paham cara pakai medsos orang yg mudah ke tipu hoax pasti langsung emosi tanpa cek situs resminya,nah ini dia bro memang benar akibat hidup pake kebencian jadi bego negara aja dikorbanin mereka tahan buat berita hoax biar negara yg di pimpin pemerintah sekarang terlihat keos target mereka orang orang yg kurang paham cara pakai medsos orang yg mudah ke tipu hoax pasti langsung emosi tanpa cek situs resminya,"['nah', 'ini', 'dia', 'bro', 'memang', 'benar', 'akibat', 'hidup', 'pake', 'kebencian', 'jadi', 'bego', 'negara', 'aja', 'dikorbanin', 'mereka', 'tahan', 'buat', 'berita', 'hoax', 'biar', 'negara', 'yg', 'di', 'pimpin', 'pemerintah', 'sekarang', 'terlihat', 'keos', 'target', 'mereka', 'orang', 'orang', 'yg', 'kurang', 'paham', 'cara', 'pakai', 'medsos', 'orang', 'yg', 'mudah', 'ke', 'tipu', 'hoax', 'pasti', 'langsung', 'emosi', 'tanpa', 'cek', 'situs', 'resminya']","['nah', 'dia', 'bro', 'memang', 'benar', 'akibat', 'hidup', 'pake', 'kebencian', 'jadi', 'bego', 'negara', 'aja', 'dikorbanin', 'mereka', 'tahan', 'buat', 'berita', 'hoax', 'biar', 'negara', 'yg', 'pimpin', 'pemerintah', 'sekarang', 'terlihat', 'keos', 'target', 'mereka', 'orang', 'orang', 'yg', 'kurang', 'paham', 'cara', 'pakai', 'medsos', 'orang', 'yg', 'mudah', 'tipu', 'hoax', 'pasti', 'langsung', 'emosi', 'tanpa', 'cek', 'situs', 'resminya']",nah dia bro memang benar akibat hidup pake benci jadi bego negara aja dikorbanin mereka tahan buat berita hoax biar negara yg pimpin perintah sekarang lihat keos target mereka orang orang yg kurang paham cara pakai medsos orang yg mudah tipu hoax pasti langsung emosi tanpa cek situs resmi
Sepemikiran,@rmviralchanel2883,3,Netral,Sepemikiran,sepemikiran,['sepemikiran'],['sepemikiran'],pikir
"Biarkan saja, 😊 ekonomi Indonesia itu terlalu berlimpah untuk di tinggalkan investor, santai saja, perkuat ekonomi Indonesia di dalam negri,",@INTROVERT-INTJ-w4g,0,Netral,Biarkan saja ekonomi Indonesia itu terlalu berlimpah untuk di tinggalkan investor santai saja perkuat ekonomi Indonesia di dalam negri,biarkan saja ekonomi indonesia itu terlalu berlimpah untuk di tinggalkan investor santai saja perkuat ekonomi indonesia di dalam negri,"['biarkan', 'saja', 'ekonomi', 'indonesia', 'itu', 'terlalu', 'berlimpah', 'untuk', 'di', 'tinggalkan', 'investor', 'santai', 'saja', 'perkuat', 'ekonomi', 'indonesia', 'di', 'dalam', 'negri']","['biarkan', 'saja', 'ekonomi', 'indonesia', 'terlalu', 'berlimpah', 'tinggalkan', 'investor', 'santai', 'saja', 'perkuat', 'ekonomi', 'indonesia', 'dalam', 'negri']",biar saja ekonomi indonesia terlalu limpah tinggal investor santai saja kuat ekonomi indonesia dalam negri
"Bursa Indonesia 55% itu ritel, bursa bisa buat money laundry (ya.. mau gimana lagi), semoga oligarki yg mau tobat balik lagi ke Indonesia. Sebentar lagi menuju Indonesia Emas, kembalilah ke Ibu Pertiwi, enakan di Indonesia nanti. Itung-itung penebusan dosa dan memutihkan kembali harta2mu. Berbagilah kalau udah Tajir Keblinger, Indonesia Maju Bersatu.",@WyrexMan,0,Netral,Bursa Indonesia itu ritel bursa bisa buat money laundry ya mau gimana lagi semoga oligarki yg mau tobat balik lagi ke Indonesia Sebentar lagi menuju Indonesia Emas kembalilah ke Ibu Pertiwi enakan di Indonesia nanti Itungitung penebusan dosa dan memutihkan kembali hartamu Berbagilah kalau udah Tajir Keblinger Indonesia Maju Bersatu,bursa indonesia itu ritel bursa bisa buat money laundry ya mau gimana lagi semoga oligarki yg mau tobat balik lagi ke indonesia sebentar lagi menuju indonesia emas kembalilah ke ibu pertiwi enakan di indonesia nanti itungitung penebusan dosa dan memutihkan kembali hartamu berbagilah kalau udah tajir keblinger indonesia maju bersatu,"['bursa', 'indonesia', 'itu', 'ritel', 'bursa', 'bisa', 'buat', 'money', 'laundry', 'ya', 'mau', 'gimana', 'lagi', 'semoga', 'oligarki', 'yg', 'mau', 'tobat', 'balik', 'lagi', 'ke', 'indonesia', 'sebentar', 'lagi', 'menuju', 'indonesia', 'emas', 'kembalilah', 'ke', 'ibu', 'pertiwi', 'enakan', 'di', 'indonesia', 'nanti', 'itungitung', 'penebusan', 'dosa', 'dan', 'memutihkan', 'kembali', 'hartamu', 'berbagilah', 'kalau', 'udah', 'tajir', 'keblinger', 'indonesia', 'maju', 'bersatu']","['bursa', 'indonesia', 'ritel', 'bursa', 'bisa', 'buat', 'money', 'laundry', 'ya', 'mau', 'gimana', 'lagi', 'semoga', 'oligarki', 'yg', 'mau', 'tobat', 'balik', 'lagi', 'indonesia', 'sebentar', 'lagi', 'menuju', 'indonesia', 'emas', 'kembalilah', 'ibu', 'pertiwi', 'enakan', 'indonesia', 'nanti', 'itungitung', 'penebusan', 'dosa', 'memutihkan', 'kembali', 'hartamu', 'berbagilah', 'kalau', 'udah', 'tajir', 'keblinger', 'indonesia', 'maju', 'bersatu']",bursa indonesia ritel bursa bisa buat money laundry ya mau gimana lagi moga oligarki yg mau tobat balik lagi indonesia sebentar lagi tuju indonesia emas kembali ibu pertiwi enak indonesia nanti itungitung tebus dosa mutih kembali harta bagi kalau udah tajir keblinger indonesia maju satu
"Ya pengkhianatnya di istana semua 😂. Lu kira dadan botak itu siapa kalo bukan lingkaran ring 1 juga 😂. Coba bongkar semua siapa pemainnya bareng di Dadan botak. Asing sebenernya cuma nunggu momen saat trigernya muncul. Saat ngomong ""Saham itu Judi"", ""Di desa tidak pakai dolar"", ""purbaya masih senyum ekonomi aman"" momen epic nya ya pas dadan Botak ketangkep + motor listrik nya itu. Berapa duit yg dihamburkan buat kaos kaki, sepatu, dan motor listrik. 😂 Kan memperkuat dugaan warga Konoha sendiri terkait korupsi embege 😂",@anjimukti7268,5,Negatif,Ya pengkhianatnya di istana semua Lu kira dadan botak itu siapa kalo bukan lingkaran ring juga Coba bongkar semua siapa pemainnya bareng di Dadan botak Asing sebenernya cuma nunggu momen saat trigernya muncul Saat ngomong Saham itu Judi Di desa tidak pakai dolar purbaya masih senyum ekonomi aman momen epic nya ya pas dadan Botak ketangkep motor listrik nya itu Berapa duit yg dihamburkan buat kaos kaki sepatu dan motor listrik Kan memperkuat dugaan warga Konoha sendiri terkait korupsi embege,ya pengkhianatnya di istana semua lu kira dadan botak itu siapa kalo bukan lingkaran ring juga coba bongkar semua siapa pemainnya bareng di dadan botak asing sebenernya cuma nunggu momen saat trigernya muncul saat ngomong saham itu judi di desa tidak pakai dolar purbaya masih senyum ekonomi aman momen epic nya ya pas dadan botak ketangkep motor listrik nya itu berapa duit yg dihamburkan buat kaos kaki sepatu dan motor listrik kan memperkuat dugaan warga konoha sendiri terkait korupsi embege,"['ya', 'pengkhianatnya', 'di', 'istana', 'semua', 'lu', 'kira', 'dadan', 'botak', 'itu', 'siapa', 'kalo', 'bukan', 'lingkaran', 'ring', 'juga', 'coba', 'bongkar', 'semua', 'siapa', 'pemainnya', 'bareng', 'di', 'dadan', 'botak', 'asing', 'sebenernya', 'cuma', 'nunggu', 'momen', 'saat', 'trigernya', 'muncul', 'saat', 'ngomong', 'saham', 'itu', 'judi', 'di', 'desa', 'tidak', 'pakai', 'dolar', 'purbaya', 'masih', 'senyum', 'ekonomi', 'aman', 'momen', 'epic', 'nya', 'ya', 'pas', 'dadan', 'botak', 'ketangkep', 'motor', 'listrik', 'nya', 'itu', 'berapa', 'duit', 'yg', 'dihamburkan', 'buat', 'kaos', 'kaki', 'sepatu', 'dan', 'motor', 'listrik', 'kan', 'memperkuat', 'dugaan', 'warga', 'konoha', 'sendiri', 'terkait', 'korupsi', 'embege']","['ya', 'pengkhianatnya', 'istana', 'semua', 'lu', 'kira', 'dadan', 'botak', 'siapa', 'kalo', 'bukan', 'lingkaran', 'ring', 'coba', 'bongkar', 'semua', 'siapa', 'pemainnya', 'bareng', 'dadan', 'botak', 'asing', 'sebenernya', 'cuma', 'nunggu', 'momen', 'saat', 'trigernya', 'muncul', 'saat', 'ngomong', 'saham', 'judi', 'desa', 'tidak', 'pakai', 'dolar', 'purbaya', 'masih', 'senyum', 'ekonomi', 'aman', 'momen', 'epic', 'nya', 'ya', 'pas', 'dadan', 'botak', 'ketangkep', 'motor', 'listrik', 'nya', 'berapa', 'duit', 'yg', 'dihamburkan', 'buat', 'kaos', 'kaki', 'sepatu', 'motor', 'listrik', 'kan', 'memperkuat', 'dugaan', 'warga', 'konoha', 'sendiri', 'terkait', 'korupsi', 'embege']",ya khianat istana semua lu kira dad botak siapa kalo bukan lingkar ring coba bongkar semua siapa main bareng dad botak asing sebenernya cuma nunggu momen saat trigernya muncul saat ngomong saham judi desa tidak pakai dolar purbaya masih senyum ekonomi aman momen epic nya ya pas dad botak ketangkep motor listrik nya berapa duit yg hambur buat kaos kaki sepatu motor listrik kan kuat duga warga konoha sendiri kait korupsi embege
"​ @anjimukti7268 siapa yg bilang penghianat negara cuman ada di satu sisi?? dia bilang ""ada di mana2"" jelas paling banyak ya yang punya kepentingan lagi2 ya di lingkaran pemerintah, pengusaha yg di rugikan juga banyak, tapi ga usah menutup mata kalo banyak rakyat sendiri yg ngedoain negara nya sendiri ancur. Itu di sebut apa?? Penghianat negara kan?",@chikachuu7756,14,Netral,siapa yg bilang penghianat negara cuman ada di satu sisi dia bilang ada di mana jelas paling banyak ya yang punya kepentingan lagi ya di lingkaran pemerintah pengusaha yg di rugikan juga banyak tapi ga usah menutup mata kalo banyak rakyat sendiri yg ngedoain negara nya sendiri ancur Itu di sebut apa Penghianat negara kan,siapa yg bilang penghianat negara cuman ada di satu sisi dia bilang ada di mana jelas paling banyak ya yang punya kepentingan lagi ya di lingkaran pemerintah pengusaha yg di rugikan juga banyak tapi ga usah menutup mata kalo banyak rakyat sendiri yg ngedoain negara nya sendiri ancur itu di sebut apa penghianat negara kan,"['siapa', 'yg', 'bilang', 'penghianat', 'negara', 'cuman', 'ada', 'di', 'satu', 'sisi', 'dia', 'bilang', 'ada', 'di', 'mana', 'jelas', 'paling', 'banyak', 'ya', 'yang', 'punya', 'kepentingan', 'lagi', 'ya', 'di', 'lingkaran', 'pemerintah', 'pengusaha', 'yg', 'di', 'rugikan', 'juga', 'banyak', 'tapi', 'ga', 'usah', 'menutup', 'mata', 'kalo', 'banyak', 'rakyat', 'sendiri', 'yg', 'ngedoain', 'negara', 'nya', 'sendiri', 'ancur', 'itu', 'di', 'sebut', 'apa', 'penghianat', 'negara', 'kan']","['siapa', 'yg', 'bilang', 'penghianat', 'negara', 'cuman', 'ada', 'satu', 'sisi', 'dia', 'bilang', 'ada', 'mana', 'jelas', 'paling', 'banyak', 'ya', 'punya', 'kepentingan', 'lagi', 'ya', 'lingkaran', 'pemerintah', 'pengusaha', 'yg', 'rugikan', 'banyak', 'tapi', 'ga', 'usah', 'menutup', 'mata', 'kalo', 'banyak', 'rakyat', 'sendiri', 'yg', 'ngedoain', 'negara', 'nya', 'sendiri', 'ancur', 'sebut', 'apa', 'penghianat', 'negara', 'kan']",siapa yg bilang penghianat negara cuman ada satu sisi dia bilang ada mana jelas paling banyak ya punya penting lagi ya lingkar perintah usaha yg rugi banyak tapi ga usah tutup mata kalo banyak rakyat sendiri yg ngedoain negara nya sendiri ancur sebut apa penghianat negara kan
​ @anjimukti7268 nonron benix kok gak cerdas2 bang .,@muhahani5837,0,Netral,nonron benix kok gak cerdas bang,nonron benix kok gak cerdas bang,"['nonron', 'benix', 'kok', 'gak', 'cerdas', 'bang']","['nonron', 'benix', 'kok', 'gak', 'cerdas', 'bang']",nonron benix kok gak cerdas bang
❤,@marlianberlian582,0,Netral,,,[],[],
gasss serokkkk,@lingkaranhening9481,1,Netral,gasss serokkkk,gasss serokkkk,"['gasss', 'serokkkk']","['gasss', 'serokkkk']",gasss serokkkk
"dari zaman VOC, yang namanya org asing itu ga suka org pribumi NKRI ini maju.",@alcarhm2023,0,Netral,dari zaman VOC yang namanya org asing itu ga suka org pribumi NKRI ini maju,dari zaman voc yang namanya org asing itu ga suka org pribumi nkri ini maju,"['dari', 'zaman', 'voc', 'yang', 'namanya', 'org', 'asing', 'itu', 'ga', 'suka', 'org', 'pribumi', 'nkri', 'ini', 'maju']","['zaman', 'voc', 'namanya', 'org', 'asing', 'ga', 'suka', 'org', 'pribumi', 'nkri', 'maju']",zaman voc nama org asing ga suka org pribumi nkri maju
Efek jogo nya kalh,@ekoeko9363,0,Netral,Efek jogo nya kalh,efek jogo nya kalh,"['efek', 'jogo', 'nya', 'kalh']","['efek', 'jogo', 'nya', 'kalh']",efek jogo nya kalh
bener bangettt om ben,@contact28,0,Netral,bener bangettt om ben,bener bangettt om ben,"['bener', 'bangettt', 'om', 'ben']","['bener', 'bangettt', 'om', 'ben']",bener bangettt om ben
"Bahas ni bang!! Kenapa TURMENIKISTAN serahkan sumur Migasnya bernilai Milyaran Dollar AS ke MALAYSIA??😮https://youtu.be/Jp8d4HzCI4w?si=4KWBVaals8wBV1Uk😮
😮😮😮😮",@MIRACLICIOUS,6,Netral,Bahas ni bang Kenapa TURMENIKISTAN serahkan sumur Migasnya bernilai Milyaran Dollar AS ke MALAYSIA,bahas ni bang kenapa turmenikistan serahkan sumur migasnya bernilai milyaran dollar as ke malaysia,"['bahas', 'ni', 'bang', 'kenapa', 'turmenikistan', 'serahkan', 'sumur', 'migasnya', 'bernilai', 'milyaran', 'dollar', 'as', 'ke', 'malaysia']","['bahas', 'ni', 'bang', 'kenapa', 'turmenikistan', 'serahkan', 'sumur', 'migasnya', 'bernilai', 'milyaran', 'dollar', 'as', 'malaysia']",bahas ni bang kenapa turmenikistan serah sumur migasnya nila milyaran dollar as malaysia
"Termul2 pada cari BODREX, krn roy CS dibebaskan, krn kasus nya gak bisa p21. Mulyono gak ada ijazah.",@langitgakpunyatiang,2,Netral,Termul pada cari BODREX krn roy CS dibebaskan krn kasus nya gak bisa p Mulyono gak ada ijazah,termul pada cari bodrex krn roy cs dibebaskan krn kasus nya gak bisa p mulyono gak ada ijazah,"['termul', 'pada', 'cari', 'bodrex', 'krn', 'roy', 'cs', 'dibebaskan', 'krn', 'kasus', 'nya', 'gak', 'bisa', 'p', 'mulyono', 'gak', 'ada', 'ijazah']","['termul', 'cari', 'bodrex', 'krn', 'roy', 'cs', 'dibebaskan', 'krn', 'kasus', 'nya', 'gak', 'bisa', 'p', 'mulyono', 'gak', 'ada', 'ijazah']",termul cari bodrex krn roy cs bebas krn kasus nya gak bisa p mulyono gak ada ijazah
⏳ Real Time ⌛,@limanliem,0,Netral,Real Time,real time,"['real', 'time']","['real', 'time']",real time
Cegah Hoax bang Benix gw,@keluargabhgia5069,0,Netral,Cegah Hoax bang Benix gw,cegah hoax bang benix gw,"['cegah', 'hoax', 'bang', 'benix', 'gw']","['cegah', 'hoax', 'bang', 'benix', 'gw']",cegah hoax bang benix gw
"Memang kupret asing tidak senang negara ini maju,,,
Semangat om ben kupas tuntas mencerdaskan bangsa melalui konten edukatif tentang ekonomi regional🎉❤",@hya8745,120,Positif,Memang kupret asing tidak senang negara ini maju Semangat om ben kupas tuntas mencerdaskan bangsa melalui konten edukatif tentang ekonomi regional,memang kupret asing tidak senang negara ini maju semangat om ben kupas tuntas mencerdaskan bangsa melalui konten edukatif tentang ekonomi regional,"['memang', 'kupret', 'asing', 'tidak', 'senang', 'negara', 'ini', 'maju', 'semangat', 'om', 'ben', 'kupas', 'tuntas', 'mencerdaskan', 'bangsa', 'melalui', 'konten', 'edukatif', 'tentang', 'ekonomi', 'regional']","['memang', 'kupret', 'asing', 'tidak', 'senang', 'negara', 'maju', 'semangat', 'om', 'ben', 'kupas', 'tuntas', 'mencerdaskan', 'bangsa', 'melalui', 'konten', 'edukatif', 'tentang', 'ekonomi', 'regional']",memang kupret asing tidak senang negara maju semangat om ben kupas tuntas cerdas bangsa lalu konten edukatif tentang ekonomi regional
Cilegon Banten hadir bang Benix,@keluargabhgia5069,8,Netral,Cilegon Banten hadir bang Benix,cilegon banten hadir bang benix,"['cilegon', 'banten', 'hadir', 'bang', 'benix']","['cilegon', 'banten', 'hadir', 'bang', 'benix']",cilegon banten hadir bang benix
Msci ini kenapa nyerang indo mulu? Fix ada agenda nya ini,@frhnalfrzi1182,1,Netral,Msci ini kenapa nyerang indo mulu Fix ada agenda nya ini,msci ini kenapa nyerang indo mulu fix ada agenda nya ini,"['msci', 'ini', 'kenapa', 'nyerang', 'indo', 'mulu', 'fix', 'ada', 'agenda', 'nya', 'ini']","['msci', 'kenapa', 'nyerang', 'indo', 'mulu', 'fix', 'ada', 'agenda', 'nya']",msci kenapa nyerang indo mulu fix ada agenda nya
"Maju terus pantang mundur!
Merdeka!💪",@setyowido2615,12,Netral,Maju terus pantang mundur Merdeka,maju terus pantang mundur merdeka,"['maju', 'terus', 'pantang', 'mundur', 'merdeka']","['maju', 'terus', 'pantang', 'mundur', 'merdeka']",maju terus pantang mundur merdeka
Malang nyimak,@Irwancanary,0,Netral,Malang nyimak,malang nyimak,"['malang', 'nyimak']","['malang', 'nyimak']",malang nyimak
Absen pertama om ben dr bogor 🎉,@hya8745,1,Netral,Absen pertama om ben dr bogor,absen pertama om ben dr bogor,"['absen', 'pertama', 'om', 'ben', 'dr', 'bogor']","['absen', 'pertama', 'om', 'ben', 'dr', 'bogor']",absen pertama om ben dr bogor
Karena Petronas perusahaan raksasa dunia.,@mohdazli3516,3,Netral,Karena Petronas perusahaan raksasa dunia,karena petronas perusahaan raksasa dunia,"['karena', 'petronas', 'perusahaan', 'raksasa', 'dunia']","['petronas', 'perusahaan', 'raksasa', 'dunia']",petronas usaha raksasa dunia
​ @mohdazli3516 minyak milik sabah kembalikan ke rakyat sabah🥴 dokong free sabah✌,@RiyandaTaswarTaswar,0,Netral,minyak milik sabah kembalikan ke rakyat sabah dokong free sabah,minyak milik sabah kembalikan ke rakyat sabah dokong free sabah,"['minyak', 'milik', 'sabah', 'kembalikan', 'ke', 'rakyat', 'sabah', 'dokong', 'free', 'sabah']","['minyak', 'milik', 'sabah', 'kembalikan', 'rakyat', 'sabah', 'dokong', 'free', 'sabah']",minyak milik sabah kembali rakyat sabah dokong free sabah
Up,@leon-1je,1,Netral,Up,up,['up'],['up'],up
up,@bendailylife,0,Netral,up,up,['up'],['up'],up
Apa sih buzer tolo. Gk nyambung blok,@EbotZ-Al,0,Netral,Apa sih buzer tolo Gk nyambung blok,apa sih buzer tolo gk nyambung blok,"['apa', 'sih', 'buzer', 'tolo', 'gk', 'nyambung', 'blok']","['apa', 'sih', 'buzer', 'tolo', 'gk', 'nyambung', 'blok']",apa sih buzer tolo gk nyambung blok
Yg lebih parah tu plat g askanezy kok ngakunya plat j😂😂😂😂😂jauh amat pembodohan masiv dg modal ngaku2 parahnya semua budak2nya slalu melawan negara .,@samiadi2163,0,Netral,Yg lebih parah tu plat g askanezy kok ngakunya plat jjauh amat pembodohan masiv dg modal ngaku parahnya semua budaknya slalu melawan negara,yg lebih parah tu plat g askanezy kok ngakunya plat jjauh amat pembodohan masiv dg modal ngaku parahnya semua budaknya slalu melawan negara,"['yg', 'lebih', 'parah', 'tu', 'plat', 'g', 'askanezy', 'kok', 'ngakunya', 'plat', 'jjauh', 'amat', 'pembodohan', 'masiv', 'dg', 'modal', 'ngaku', 'parahnya', 'semua', 'budaknya', 'slalu', 'melawan', 'negara']","['yg', 'lebih', 'parah', 'tu', 'plat', 'g', 'askanezy', 'kok', 'ngakunya', 'plat', 'jjauh', 'amat', 'pembodohan', 'masiv', 'dg', 'modal', 'ngaku', 'parahnya', 'semua', 'budaknya', 'slalu', 'melawan', 'negara']",yg lebih parah tu plat g askanezy kok ngakunya plat jjauh amat bodoh masiv dg modal ngaku parah semua budak slalu lawan negara
Bikin kacau.. kecuali abud Yaman jadi presiden,@Ramos-sofian,0,Netral,Bikin kacau kecuali abud Yaman jadi presiden,bikin kacau kecuali abud yaman jadi presiden,"['bikin', 'kacau', 'kecuali', 'abud', 'yaman', 'jadi', 'presiden']","['bikin', 'kacau', 'kecuali', 'abud', 'yaman', 'jadi', 'presiden']",bikin kacau kecuali abud yaman jadi presiden
​ @Ramos-sofian tambah hancur berkeping2 sejarah sdh membuktikan suka nempel doang budak2nya suruh kerja buat setoran😂😂😂😂😂😂,@samiadi2163,2,Netral,sofian tambah hancur berkeping sejarah sdh membuktikan suka nempel doang budaknya suruh kerja buat setoran,sofian tambah hancur berkeping sejarah sdh membuktikan suka nempel doang budaknya suruh kerja buat setoran,"['sofian', 'tambah', 'hancur', 'berkeping', 'sejarah', 'sdh', 'membuktikan', 'suka', 'nempel', 'doang', 'budaknya', 'suruh', 'kerja', 'buat', 'setoran']","['sofian', 'tambah', 'hancur', 'berkeping', 'sejarah', 'sdh', 'membuktikan', 'suka', 'nempel', 'doang', 'budaknya', 'suruh', 'kerja', 'buat', 'setoran']",sofian tambah hancur keping sejarah sdh bukti suka nempel doang budak suruh kerja buat setor
Kalo Indonesia maju malah jadi ga bisa di kuasain..Indonesia itu bakalan di lepas kalo dah ga ada gunanya lagi 😌,@meryankorrin5182,0,Netral,Kalo Indonesia maju malah jadi ga bisa di kuasainIndonesia itu bakalan di lepas kalo dah ga ada gunanya lagi,kalo indonesia maju malah jadi ga bisa di kuasainindonesia itu bakalan di lepas kalo dah ga ada gunanya lagi,"['kalo', 'indonesia', 'maju', 'malah', 'jadi', 'ga', 'bisa', 'di', 'kuasainindonesia', 'itu', 'bakalan', 'di', 'lepas', 'kalo', 'dah', 'ga', 'ada', 'gunanya', 'lagi']","['kalo', 'indonesia', 'maju', 'malah', 'jadi', 'ga', 'bisa', 'kuasainindonesia', 'bakalan', 'lepas', 'kalo', 'dah', 'ga', 'ada', 'gunanya', 'lagi']",kalo indonesia maju malah jadi ga bisa kuasainindonesia bakal lepas kalo dah ga ada guna lagi
"Susah y jelasin ke IQ cuma 78. Ya jelas kok, itu Suharto juga kan sama konsepnya, disetel agar turun. Yg gk paham y gitu😂😂😂.

Skrg gini, deh.. yg BEM UI dpt mobil😂. Yg ketemu Gibran dibayar😂
Yg film pesta beb itu jg dpt dana asing 😂. Pdhl jelas2 kejadian yg di papua itu udh sejak jaman Jokowi. Kenapa pelurunya disimpen, trus sengaja ditembak semua ke Prabowo?

Ya sesimpel Prabowo keluar naskah😂

Penertiban perusahaan sawit, ekspor SDA satu pintu, pembentuknya SWF atau whale fund negara no 10 terbesar di dunia. Beli saham gojek agar dpt nurunin komisi aplikator supaya ojol lebih untung.

ini semua keluar naskaaah😂. 

Yg gak paham malah tereak ""asiiiing jgn keluar""

Sekalian aja teriak ""jajah kami donk""😂😂😂",@DesaPangkalBeras,0,Netral,Susah y jelasin ke IQ cuma Ya jelas kok itu Suharto juga kan sama konsepnya disetel agar turun Yg gk paham y gitu Skrg gini deh yg BEM UI dpt mobil Yg ketemu Gibran dibayar Yg film pesta beb itu jg dpt dana asing Pdhl jelas kejadian yg di papua itu udh sejak jaman Jokowi Kenapa pelurunya disimpen trus sengaja ditembak semua ke Prabowo Ya sesimpel Prabowo keluar naskah Penertiban perusahaan sawit ekspor SDA satu pintu pembentuknya SWF atau whale fund negara no terbesar di dunia Beli saham gojek agar dpt nurunin komisi aplikator supaya ojol lebih untung ini semua keluar naskaaah Yg gak paham malah tereak asiiiing jgn keluar Sekalian aja teriak jajah kami donk,susah y jelasin ke iq cuma ya jelas kok itu suharto juga kan sama konsepnya disetel agar turun yg gk paham y gitu skrg gini deh yg bem ui dpt mobil yg ketemu gibran dibayar yg film pesta beb itu jg dpt dana asing pdhl jelas kejadian yg di papua itu udh sejak jaman jokowi kenapa pelurunya disimpen trus sengaja ditembak semua ke prabowo ya sesimpel prabowo keluar naskah penertiban perusahaan sawit ekspor sda satu pintu pembentuknya swf atau whale fund negara no terbesar di dunia beli saham gojek agar dpt nurunin komisi aplikator supaya ojol lebih untung ini semua keluar naskaaah yg gak paham malah tereak asiiiing jgn keluar sekalian aja teriak jajah kami donk,"['susah', 'y', 'jelasin', 'ke', 'iq', 'cuma', 'ya', 'jelas', 'kok', 'itu', 'suharto', 'juga', 'kan', 'sama', 'konsepnya', 'disetel', 'agar', 'turun', 'yg', 'gk', 'paham', 'y', 'gitu', 'skrg', 'gini', 'deh', 'yg', 'bem', 'ui', 'dpt', 'mobil', 'yg', 'ketemu', 'gibran', 'dibayar', 'yg', 'film', 'pesta', 'beb', 'itu', 'jg', 'dpt', 'dana', 'asing', 'pdhl', 'jelas', 'kejadian', 'yg', 'di', 'papua', 'itu', 'udh', 'sejak', 'jaman', 'jokowi', 'kenapa', 'pelurunya', 'disimpen', 'trus', 'sengaja', 'ditembak', 'semua', 'ke', 'prabowo', 'ya', 'sesimpel', 'prabowo', 'keluar', 'naskah', 'penertiban', 'perusahaan', 'sawit', 'ekspor', 'sda', 'satu', 'pintu', 'pembentuknya', 'swf', 'atau', 'whale', 'fund', 'negara', 'no', 'terbesar', 'di', 'dunia', 'beli', 'saham', 'gojek', 'agar', 'dpt', 'nurunin', 'komisi', 'aplikator', 'supaya', 'ojol', 'lebih', 'untung', 'ini', 'semua', 'keluar', 'naskaaah', 'yg', 'gak', 'paham', 'malah', 'tereak', 'asiiiing', 'jgn', 'keluar', 'sekalian', 'aja', 'teriak', 'jajah', 'kami', 'donk']","['susah', 'y', 'jelasin', 'iq', 'cuma', 'ya', 'jelas', 'kok', 'suharto', 'kan', 'sama', 'konsepnya', 'disetel', 'agar', 'turun', 'yg', 'gk', 'paham', 'y', 'gitu', 'skrg', 'gini', 'deh', 'yg', 'bem', 'ui', 'dpt', 'mobil', 'yg', 'ketemu', 'gibran', 'dibayar', 'yg', 'film', 'pesta', 'beb', 'jg', 'dpt', 'dana', 'asing', 'pdhl', 'jelas', 'kejadian', 'yg', 'papua', 'udh', 'sejak', 'jaman', 'jokowi', 'kenapa', 'pelurunya', 'disimpen', 'trus', 'sengaja', 'ditembak', 'semua', 'prabowo', 'ya', 'sesimpel', 'prabowo', 'keluar', 'naskah', 'penertiban', 'perusahaan', 'sawit', 'ekspor', 'sda', 'satu', 'pintu', 'pembentuknya', 'swf', 'whale', 'fund', 'negara', 'no', 'terbesar', 'dunia', 'beli', 'saham', 'gojek', 'agar', 'dpt', 'nurunin', 'komisi', 'aplikator', 'supaya', 'ojol', 'lebih', 'untung', 'semua', 'keluar', 'naskaaah', 'yg', 'gak', 'paham', 'malah', 'tereak', 'asiiiing', 'jgn', 'keluar', 'sekalian', 'aja', 'teriak', 'jajah', 'donk']",susah y jelasin iq cuma ya jelas kok suharto kan sama konsep setel agar turun yg gk paham y gitu skrg gin deh yg bem ui dpt mobil yg ketemu gibran bayar yg film pesta beb jg dpt dana asing pdhl jelas jadi yg papua udh sejak jaman jokowi kenapa peluru disimpen trus sengaja tembak semua prabowo ya simpel prabowo keluar naskah tertib usaha sawit ekspor sda satu pintu bentuk swf whale fund negara no besar dunia beli saham gojek agar dpt nurunin komisi aplikator supaya ojol lebih untung semua keluar naskaaah yg gak paham malah reak asiiiing jgn keluar sekali aja teriak jajah donk
maju apanya😂😂😂 dari merdeka sampai sekarang negara pada mundur terus😂😂😂,@FitriHakim-o1g,0,Netral,maju apanya dari merdeka sampai sekarang negara pada mundur terus,maju apanya dari merdeka sampai sekarang negara pada mundur terus,"['maju', 'apanya', 'dari', 'merdeka', 'sampai', 'sekarang', 'negara', 'pada', 'mundur', 'terus']","['maju', 'apanya', 'merdeka', 'sampai', 'sekarang', 'negara', 'mundur', 'terus']",maju apa merdeka sampai sekarang negara mundur terus
"Kok asing yg disalahin? Yg tidak mau negara ini maju ya pemerintah kita sendiri yg bikin birokrasi berbelit dan preman dan ormas dipelihara. Belum lagi semua lini, dari executive - legislative - yudicative isinya pada bermental korup semuanya.",@maRvelus01,6,Netral,Kok asing yg disalahin Yg tidak mau negara ini maju ya pemerintah kita sendiri yg bikin birokrasi berbelit dan preman dan ormas dipelihara Belum lagi semua lini dari executive legislative yudicative isinya pada bermental korup semuanya,kok asing yg disalahin yg tidak mau negara ini maju ya pemerintah kita sendiri yg bikin birokrasi berbelit dan preman dan ormas dipelihara belum lagi semua lini dari executive legislative yudicative isinya pada bermental korup semuanya,"['kok', 'asing', 'yg', 'disalahin', 'yg', 'tidak', 'mau', 'negara', 'ini', 'maju', 'ya', 'pemerintah', 'kita', 'sendiri', 'yg', 'bikin', 'birokrasi', 'berbelit', 'dan', 'preman', 'dan', 'ormas', 'dipelihara', 'belum', 'lagi', 'semua', 'lini', 'dari', 'executive', 'legislative', 'yudicative', 'isinya', 'pada', 'bermental', 'korup', 'semuanya']","['kok', 'asing', 'yg', 'disalahin', 'yg', 'tidak', 'mau', 'negara', 'maju', 'ya', 'pemerintah', 'sendiri', 'yg', 'bikin', 'birokrasi', 'berbelit', 'preman', 'ormas', 'dipelihara', 'belum', 'lagi', 'semua', 'lini', 'executive', 'legislative', 'yudicative', 'isinya', 'bermental', 'korup', 'semuanya']",kok asing yg disalahin yg tidak mau negara maju ya perintah sendiri yg bikin birokrasi belit preman ormas pelihara belum lagi semua lini executive legislative yudicative isi mental korup semua
"​ @maRvelus01 lihat topiknya dulu bro,memang data ilmiahnya menunjukkan asing  selalu mengganggu perekonomian indonesia yang di maksud asing benalu yang hidupnya menggerogoti negara kita",@maftukinhadilaksito1551,4,Netral,lihat topiknya dulu bromemang data ilmiahnya menunjukkan asing selalu mengganggu perekonomian indonesia yang di maksud asing benalu yang hidupnya menggerogoti negara kita,lihat topiknya dulu bromemang data ilmiahnya menunjukkan asing selalu mengganggu perekonomian indonesia yang di maksud asing benalu yang hidupnya menggerogoti negara kita,"['lihat', 'topiknya', 'dulu', 'bromemang', 'data', 'ilmiahnya', 'menunjukkan', 'asing', 'selalu', 'mengganggu', 'perekonomian', 'indonesia', 'yang', 'di', 'maksud', 'asing', 'benalu', 'yang', 'hidupnya', 'menggerogoti', 'negara', 'kita']","['lihat', 'topiknya', 'dulu', 'bromemang', 'data', 'ilmiahnya', 'menunjukkan', 'asing', 'selalu', 'mengganggu', 'perekonomian', 'indonesia', 'maksud', 'asing', 'benalu', 'hidupnya', 'menggerogoti', 'negara']",lihat topik dulu bromemang data ilmiah tunjuk asing selalu ganggu ekonomi indonesia maksud asing benalu hidup gerogot negara
​ @maRvelus01  ini sslah satu penjilat singapore dan george soros.😂,@Arismardean,0,Netral,ini sslah satu penjilat singapore dan george soros,ini sslah satu penjilat singapore dan george soros,"['ini', 'sslah', 'satu', 'penjilat', 'singapore', 'dan', 'george', 'soros']","['sslah', 'satu', 'penjilat', 'singapore', 'george', 'soros']",sslah satu jilat singapore george soros
Terbalik. Justru karena banyak saham konglo yang sebenernya jelek mau jebak dan memaksakan agar masuk ke MSCI. Mereka mau nipu MSCI agar bisa jual saham mereka diharga tinggi dan ternyata MSCI tidak sebodoh para  pahlawan bursa yang sukanya beli saham gorengan and yang berkolesterol tinggi,@maRvelus01,0,Negatif,Terbalik Justru karena banyak saham konglo yang sebenernya jelek mau jebak dan memaksakan agar masuk ke MSCI Mereka mau nipu MSCI agar bisa jual saham mereka diharga tinggi dan ternyata MSCI tidak sebodoh para pahlawan bursa yang sukanya beli saham gorengan and yang berkolesterol tinggi,terbalik justru karena banyak saham konglo yang sebenernya jelek mau jebak dan memaksakan agar masuk ke msci mereka mau nipu msci agar bisa jual saham mereka diharga tinggi dan ternyata msci tidak sebodoh para pahlawan bursa yang sukanya beli saham gorengan and yang berkolesterol tinggi,"['terbalik', 'justru', 'karena', 'banyak', 'saham', 'konglo', 'yang', 'sebenernya', 'jelek', 'mau', 'jebak', 'dan', 'memaksakan', 'agar', 'masuk', 'ke', 'msci', 'mereka', 'mau', 'nipu', 'msci', 'agar', 'bisa', 'jual', 'saham', 'mereka', 'diharga', 'tinggi', 'dan', 'ternyata', 'msci', 'tidak', 'sebodoh', 'para', 'pahlawan', 'bursa', 'yang', 'sukanya', 'beli', 'saham', 'gorengan', 'and', 'yang', 'berkolesterol', 'tinggi']","['terbalik', 'justru', 'banyak', 'saham', 'konglo', 'sebenernya', 'jelek', 'mau', 'jebak', 'memaksakan', 'agar', 'masuk', 'msci', 'mereka', 'mau', 'nipu', 'msci', 'agar', 'bisa', 'jual', 'saham', 'mereka', 'diharga', 'tinggi', 'ternyata', 'msci', 'tidak', 'sebodoh', 'para', 'pahlawan', 'bursa', 'sukanya', 'beli', 'saham', 'gorengan', 'and', 'berkolesterol', 'tinggi']",balik justru banyak saham konglo sebenernya jelek mau jebak paksa agar masuk msci mereka mau nipu msci agar bisa jual saham mereka harga tinggi nyata msci tidak bodoh para pahlawan bursa suka beli saham goreng and kolesterol tinggi
