Komentar,Username,Like
Ingat Bro..ubah cara pandang mu terhadap NKRI. Bahwa Dunia Butuh Indonesia ❤❤❤,@athilahkhaira979,0
Komparasi real dg negara2 yg relate sangat membantu pemahaman masyarakat awam👍,@JustEntpurposeo,0
"SELL SINGAPORE AJA BIAR,JGN LIBURAN KE SINGAPORE BNYK UANG KORUPTOR DISANA",@AldyPurnomo-z2y,0
InsyaAllah Indonesia sangat baik bsik saja... Yakinlah Alloh SWT tdk tidur dalam serangan² media influenser g bertanggung jawab... Bravo NKRI... JANCURKAN MSCI,@edyhariprasetyo2905,0
"prediksi om ben di secret level terkait review msci ditunda beneran terjadi 

ga masuk akal padahal penilaian kita termasuk yang bagus di EM",@isinyarandom8287,0
"Itu aseng lagi bagi2x rejeki, tungguin aja ampe bottom ntar serok lage. Karena market indo ngga bisa short selling ini justru ngasih cuan",@philiphobbies,0
Tutup mbg&kmp hancurkan singapura,@bayenxzireq,0
"Kluarnya investor Singapura gak rugi banyak, bahkan akan untung banyak Indonesia tidak sampai krisis kolep di tinggal Singapura malah investor negara besar berdatangan Rusia cina Jerman bahkan Amerika Serikat tunduk keberanian kebijakan Indonesia menuju kemajuan Indonesia kedepannya akan menjadi pemain inti Indonesia menang banyaknya sumber daya alam dengan di olah sendiri Indonesia tingal menciptakan industri Alustista modern dan energi terbarukan di tambah banyaknya pertanian modern kemakmuran menyeluruh rakyat Indonesia akan terwujud Indonesia selamat tidak ada ketimpangan yang aktif banyak uang yang malas masih bisa dapat makan dari negara populasi rakyat Indonesia selamat",@budibudengg-28,0
enakan pake kemeja bang,@muhammadhamzah7762,0
Anjing² jos soros mana like nya 😂,@ahmadcasab84,0
"banyak netizen bocah ngak ngerti cuman ikutan aja jelekin diri sendiri, inferiority complex parah, ya anggap itu 50%, sisanya buzzer soros atau pengkhianat bangsa.",@krisnandihs.8839,0
Ini hrus dibacah sma yg demo” mlu kerjaannya,@allucky3182,0
Saya setuju Dengan Benix pemikiran nya seperti prof Gema Astronaci ❤ berdasarkan data dan fakta... tp ya masih banyak rakyat dungu otak nasi bungkus lauk tahu bacem suka minum cendol,@leozimets1665,0
"aplikasi singapura perlu dikeluarkan dari indonesia seperti GRAB,SHOPIE,LAZADA",@SaukyIbra,0
Kasi paham ben para antek2 asing,@Revolussioner,0
"Mumpung harga saham lagi anjlok gegara orang² bodoh yg gampang di takut²i orang soros dan antek Singapura, mendingan kita yg waras saatnya beli...mumpung lagih murah😊",@pahreppy,0
Kominfo ga ada fungsi nya. Masa makin kesini makin banyak berita dan konten hoax. Gila kaya ga ada filter nya,@sailormoon3943,0
Monggo cabut. Biar prusahaan indo milik orang indo 🥳 harga turun itu saatnya kulakan 🤑,@denis.setiawn,0
Siapa si msci itu😅,@salfa.petualang,0
Klo gua jadi presidennya....dah gua coret dari wni tu monyet2 yg berfikir 0,@harunmustofa5208,0
Go coin Sama marketchap  mirip bulan??,@erique_charles,0
"wkwkwkw... selalu seru dengar ulasan Om Bennix... (spill donk kaos polo nya beli dimana, keren tuh.. hehehe , ada yang endorse..?) hihihi",@Fung-w8t,0
besok.saham meroket amin,@ferdywijaya3847,1
Suarakan terus kebenaran..bung bennix..terlalu banyak yg tolol di Indonesia.,@despiliang4995,0
👍🙏🇮🇩,@jajangsaepudin-23,0
"Banyak warga Indonesia yg dibayar sm George Soros makanya komennya pada negatif ke negara sendiri. 😂🤣
Maklum lah SDM rendah makanya gampang dibayar yg penting perut kenyang. 🤮😏",@jojo.1896,0
"Cara dapat uang saat ini: tebak2an saham yg akan naik dan turun ditambah frame seolah2 analisa dan fundamental. Kalau tebakan benar maka akan ngmg ""tuh kan saya udh ngmg"", kalau tebakan salah ""itu karena soros, elit global bla bla"". Sayangnya, ada aja orang orang berlagak pintar mempercayainya tanpa mengkritisi",@rakyatbiasa837,0
"Sejak gw ngikutin chanel ini gw jdi semakin yakin klo emiten yg harga sahamnya naik dua kali,  tiga kali lipat di bursa itu hanya mainan.,",@mizukiakira2996,0
"GA MUNGKIN  Morgan Stanley salah  lapor. Data yang mereka kumpulin adalah profesional, terkutip dari real player & real investor. 

HARUSNYA Indonesia baiki diri sendiri secara jujur.",@mahdiismail8853,0
#SELL_SINGAPUR beli Genset dan Baterai A3 Buat Remot Ac Non Karbon...,@joni29927,0
ihsg juli akan 🚀🚀🚀🚀🚀,@solichanahmad,0
Tidak Usah Indonesia kerjasama apapun dengan Singapura tidak ada manfaatnya.,@igedematra7338,0
GUE HIMBAU KE SELURUH BANGSA INDONESIA 278 JUTA RAKYAT INDONESIA UNTUK RAME2 KENCINGIN PULAU SINGAPORE BIAR TENGGELAM....,@saifullahalamsyah7765,1
"Stuju  pak benix.. Mari kita sama memberitakan indonesia yang positif sya tidak bisa berkuntribusi kenegara karna kterbatasan pengetahuan tapi sedikitnya saya tiap bulan megirim ringgit ke kampung walau tidak seberapa tapi setidaknya ada devisa negara yg saya buat utk memajukan negara indonesiaku dengan bekerja di luar negri, daripada orang2 yang asyik menyalahkan pemerintah apalagi sampai trima uang dari orang yg mau merusak negara, salam orang lombok dari serawak malaysia",@MahmudZaeniah,1
Kumpulan orang2 tolol....yang mengatakan Indonesia bangkrut....cuci otak sama asing.....,@bangsonni,0
Asing itu oligarki yang simpan duit diluar ntar juga balik lagi,@adnantambun8907,0
"TEMPO,KOMPAS,TRIBUN...BBC.....",@YutupePro,0
Good news 🎉🎉,@aanandiyanto2023,0
G ada emerging market g ada frontier ihsg baek ke develpoment market,@GearShiftNation7,0
10+2 = 13,@MuhamadAkil-fx3gc,0
Pasti meroket !!!!! 🚀🚀🚀🚀🚀🎉🎉🎉💥💥💥🔥🔥🔥,@rensylorens2349,0
"Berita paling aktual dari majalah pak tani indonesia tambah terang karena brangkat ke sawah dan ladang pagi dan siang apalagi musim kemarau, kwkw...yang pasti petani makin makmur",@bujangumbaranchannel1729,0
Kita harus bersatu untuk Indonesia lebih baik.jangan mau di adu domba oleh bangsa asing.,@ilyas7765,0
Krn dibayar,@aguspurnomo8937,0
"Iblis menyesatkan lwt Brita bohong,panik,bingung,takut,,ditangkap antek iblis,LSM,media dana asing",@HamkaZaki-z6y,0
"Pasar modal tidak bergerak karena narasi viral, tapi karena data dan kepercayaan jangka panjang. Jika isu MSCI bisa memicu kepanikan dan outflow besar, maka yang perlu dievaluasi bukan hanya kabarnya benar atau hoax, tapi juga seberapa rapuh kepercayaan investor terhadap pasar kita.🇮🇩",@febriannur796,0
"Kalo kata benix bagus ya bagus,, klo nggak ya nggak,, data bicara",@aliarman7232,0
23 Juni to the moon❤🎉,@GrosirKarakter,0
"Kayaknya bg bennix lagi sibuk,ga upload video baru.",@Go_bidku,0
"Lebih bagus dari Korsel, tapi downgrade karena GK ada fitur b inggris 😂",@Muhie99,0
Indonesia gk butuh singapura,@BASSFISM,0
"Bang ben, asli masalah kepemilikan saham indonesia itu sangat dipertanyakan. udh pernah investigasi soal ini dan banyak perusahaan yg kepemilikan ga transparan. jadinya harga sahamnya juga mereka yang atur.",@Rynaldi_Rizwan,0
"Om ben tolong dengan sangat angkat durian varietas mantuala batuhayam 🙏 varietas ini baru di temukan 5 tahun belakangan, sekarang baru viral di kalangan petani durian. Sumpah saya tidak ada maksud nyari keuntungan sama sekali, saya tidak jual bibitnya, saya juga belum punya pohonnya. Murni tulus demi kebaikan dunia pertanian indonesia. Sumpah om ben, durian ini unik dan amat sangat potensial sekali menjadi komoditas andalan indonesia kelak, bahkan saya yakin akan mengalahkan montong. Karna 2 hal, rasa istimewa, ramah pemula, bau yang tidak seperti durian sehingga orang yang tidak doyan durian insyaAllah doyan mantuala batuhayam. Orang eropa dan amerika yang mayoritas gak doyan durian bakal doyan varietas ini !. Selain itu om ben, mantuala batuhayam punya daya simpan yang gila. Difrozen berbulan bulan rasanya tidak berubah. Ini yang bikin saya yakin durian ini amat sangat potensial jadi maskot pertanian indonesia. Tolong om ben 🙏 boleh dipelajari dulu apa itu mantuala batuhayam karna ini varietas baru, persilangan dari kalimantan selatan. Dicicipi dulu juga boleh. Syukur syukur kalau om ben mau buka kebun durian mantuala batuhayam atau sekedar investasi",@Baramada_channel,0
penyebar hoaaks itu manusia2 goblok,@wayanadiantara6035,0
Correct,@GrandSire-p4w,0
"Mau dijelasin bagaimanapun. Meski IHSG & Rupiah terus menguat, meski harga pertamax diturunkan, andaikan MBG dihapus. Mereka para oposan liberalism tetap tdk akan percaya, karena pada dasarnya otak & hati mereka sdh diliputi rasa benci ke pemerintah.",@imiam-c1h,0
"Go to hell with MSCI 
Mereka hanya mencari rente buat aturan investor asing masuk ke bursa efek",@basukiUtomo,1
bang... bahas ttg pungutan2x pajak dan retribusi yg memberatkan pelaku usaha dunk... terutama retribusi daerah... bagi investor,@taufanirza5203,0
"Seandainya negara Indonesia bangkrut dan bubar, maka tidak akan bubar rakyatnya.
😂😂😂😂😂😂😂😂😂",@asehdihan2461,0
"Waw. 
Soros ?",@rh2576,0
coba kantor berita tempe ditutup aja jgn kasih ijin media busuk sperti itu trus menjelekkan negara Indonesia,@wayanadiantara6035,0
Media dapat kucuran dana asing,@dermawantasitepu4560,0
"Om ben update videonny sesuai timeline, analisis lu cukup decisive tp klo ketinggalan isue 1 atau 2 hari kemudian video bru muncul its too bad",@andiwarna9930,0
Tolong media indo harus ada perhatian dr pemerintah yang tegas biar gak sembarang dalam memberitakan sesuatu,@Wongjowoasli-zv7kr,0
Indonesia pada dasarnya literasinya buruk atau memang sebodoh itu ya,@JohnLeton82,0
Kenapa ya kalo bukan partai Redbull yang megang kendali sering banyak demo dan kerusuhan .,@WeednimNemo,0
TEMPE BACEM LAGI BIKIN ULAH!! JANGAN MAU KITA DIADU DOMBA LAGI GAES,@Gungkurosaki,0
Mampus,@muhammadsadan4842,0
"Malah enakan bursa indo nampak antrian bid offernya, saham as dan negara lain ga nampak bid offernya, kayak beli kucing dalam kaleng😂😂😂",@studiofasolasido9222,0
"Salam sehat, salam cuan, bye bye *Musik Outro",@letgenmahendra7873,0
"Yg penting presiden omon2 jangan pidato lagi,karena pidatonya ngaco dan blunder melulu",@ahmadmubarok1832,0
MSCI IS TERORIST,@Atm_-br2rl,0
@Bennix tolong share url dari tabel MSCI tadi❤,@TheArif99,0
"Hari ini saya merayakan portofolio ETF saham senilai 130 ribu dolar. Saya memulai perjalanan ini dengan 16 ribu dolar, saya senang akhirnya banyak orang yang tertarik dengan ETF saham. Saat ini saya memiliki portofolio senilai 130 ribu dolar dan saya bersedia membeli lebih banyak saham, saya akan berinvestasi di saham-saham lainnya.",@JamesBill-q1h,7
"MCSI TERLALU TAKUT DENGAN INDO MAKANYA MAU DI TURUNUN,kocag emang",@YosuaSatriaEkatama,0
Menurutku sih pemerintah wajib babat semua media cap tai.,@AhoAho-m4z8b,0
"org2 kbnykan jdi agen asing, tmbah lgi mlas baca & nelan mntah2 btita hoax",@kandarraja,0
"Selama hilirisasi tetap dijalankan, ekspor 1 pintu direalisasikan, Indonesia bakalan terus diteken sama jaing-jaing peliharaan George Soros",@ChaiyoRadioID,0
Chanel bang Ben ibarat hujan di tengah kemarau... dengan nonton chanel ini hati yang resah karena kabar²  di luar sana kembali tenang...,@nadineolid818,0
Cabut izin nya tuh tempo sampah.pengkhianat bangsa,@Pendukungtimnas79,0
"Indonesia kacau, indonesia bubar, Indonesia gelap tapi ada masyarakat yg penghasilannya 100juta perbulan apakah akan kacau akan bubar akan gelap oh tidak cuma otak kalian saja yg kena narasi busuk",@yhmrhmdn1710,0
Bagaimana Anda berhasil mencapai tingkat pertumbuhan tersebut? Saya telah melakukan segala yang saya bisa untuk meningkatkan investasi saya. Saya ingin pensiun dalam beberapa tahun lagi dan membutuhkan diversifikasi yang lebih baik.,@RoyR.Barbosa,0
BERING TSANG MENTORSHIP,@JamesBill-q1h,0
Cukup telusuri nama-nama tersebut. Anda akan menemukan detail yang diperlukan untuk berkorespondensi dan membuat janji temu.,@JamesBill-q1h,0
"GOOGLE only....,",@JamesBill-q1h,0
Terima kasih telah membagikan ini di sini. Banyak pemula seperti saya yang merasa putus asa setiap hari. Untungnya kita memiliki orang-orang baik di sini yang ingin orang lain sukses seperti mereka.,@RayLooker-m4t,0
"Saya menghargai informasinya, saya baru saja mencari namanya di Google dan memeriksa kredensialnya, dia tampaknya berpendidikan tinggi. Saya menghubunginya karena saya membutuhkan seseorang yang benar-benar memahami dasar-dasarnya.",@RoyR.Barbosa,0
"Saya sangat berterima kasih kepada BERING TSANG MENTORSHIP karena telah menjadi mentor yang luar biasa. Kebijaksanaan, kejelasan, dan pola pikirnya yang unik telah mengubah cara saya belajar dan berkembang. Saya bersyukur atas dukungan terus-menerus dan pengetahuan yang terus ia bagikan.",@RichardL.Wilcox,0
Terima kasih atas informasinya. Saya harus melakukan pencarian online singkat dengan nama lengkap dan menemukan halaman webnya.,@ReginaldA.Slowik,0
Internet dipenuhi dengan begitu banyak informasi bermanfaat tentang MENTORSHIP BERING TSANG.,@user-sc5ng5wm5j,0
"Dari NY. Saya mulai berinvestasi seminggu yang lalu. Saya mulai dengan $1.000, sekarang saya sudah lebih dari $5.955. Ini awal yang bagus di pasar saham. Terima kasih atas informasinya. Damai, kekuatan, dan cinta.",@user-sc5ng5wm5j,0
"Bering tidak hanya sekadar melihat tren di permukaan... ia mengeksplorasi analisis teknikal, fundamental, dan sentimen, menawarkan perspektif komprehensif tentang pasar.",@user-de1dv7xf4u,0
"Berinvestasi tanpa panduan yang tepat dapat menyebabkan kesalahan dan kerugian. Saya telah belajar ini dari pengalaman saya sendiri. Jika Anda baru mengenal investasi atau tidak punya banyak waktu, sebaiknya mintalah nasihat dari seorang ahli.",@MichaelD.Castillo,0
Potensi imbal hasil tinggi yang sama ada baik dalam situasi bullish maupun bearish; yang penting adalah bagaimana informasi dan teknik digunakan. Jangan mengabaikan nasihat profesional.,@DeniseJ.Wilson-t1t,0
Ini betul,@Bennix,0
"Saya ga skolah, tinggi,dan saya hanya ibu rumah tangga biasa biar saya,ga bodoh nangkep berita2 sekarang yg banyak hoax ,mangkanya saya selalu pantengin yutub bang bennix biar ga ke ter propokasi sama beria2 sekarang yg ga jelas mana yg bener dan salah",@mounime_official,0
"Intinya semua punya kepentingan.
Anda punya pentingan, asing punya kepentingan, pemerintah punya kepentingan memperkaya diri dengan mengorbankan kalangan bawah, konglo pun punya kepentingan.
Saya mengatakan sistemnya sudah tdk bisa di perbaiki.
Kalangan bawah mau coba keluar dari sistem langsung di hantam oleh pemerintah dan oligarki.
Kalangan bawah di paksa bekerja untuk orang lain, kalau gak bekerja untuk kalangan atas maka pemerintah korup mendapatkan suap.",@RasminRoger-qq3jf,0
"Media informasi Indonesia sekarang isinya kebanyakan cuman bikin panik, nebar kebencian sama hoax 😮‍💨",@RayPunkLord,0
"Ya krn rakyat kita kurang Gizi tapi ngotot pingin pendidikan tinggi (padahal otaknya gak nyampai krn IQ 78 atau lagi laper gak bisa makan), akhirnya mudah diadu domba, mangkanya Belanda bercokol di Nusantara bisa lama banget, mudah diiming2i janji2 manis shg mereka pun dibuat seolah2 jadi Tuhan no 2 setelah Tuhan Yang Maha Esa yg bisa mengabulkan semua angan2 mereka jika kelak menjadi Presiden ......... namun kenyataan menjadi berbeda, akhirnya mereka pun murka dan mecari Tuhan2 yang baru untuk menggantikan Presidennya ............

mungkinkah yg bisa diatasnya bursa efek Indonesia adalah bursa efek Malaysia?",@reryprabayana4865,0
Neolib memang anjing benar🤣,@bedjotenan-s4c,0
Neolib memang anjing,@bedjotenan-s4c,0
Dibayar partai p61,@Arifmu4444,0
NKRI Berjaya,@rantohutabarat6013,0
.,@samsoe168,0
"Aneh, sudah sejelas ini videonya, masih aja gagal paham. Lihat komentarnya kok malah menghujat MSCI. Padahal pembuat berita palsu itu tempo dan CNA.",@DarkKnight-de7np,0
Channel PENJILAT!! MENIPU RAKYAT Indonesia! Hoax!,@BerronKarl,0
Tambah ilmu terus gua dari lu om. Thanks a million!,@JulvianAnggawie-eq2rh,0
BIARPUN RAJA NERAKA DATANG MEMBUAT ULAH DI INDONESIA PASTI AKAN KERINGAT DINGIN LARI TUNGGANG LANGGANG DI HAJAR RAKYAT INDONESIA,@ENKAERI-m6s,0
Usir ja media sampah yg ada di indonesia,@tonyecelen7250,0
George soro'ss puppy dog .. 😃,@LevyPrasetya,0
Mereka emang pgn lndonesia ancur,@opdisdsign5622,0
"Saya dengerin bennix saja, berita2 kemarin memang saya skip....takut dengerin",@nurulsusanti915,0
Orang Konoha mudah ketipu,@CHYEKIJR,0
Singapore pengen  di kemplang pake bakiyak!,@LEMBAYUNGSENJA-n5c,0
Nyebar hoaks buat ngambil barang murah,@youneedtoknow1321,0
Buang saja dolarnya anjing anjing neolib tak ada gunanya juga,@bedjotenan-s4c,0
Ayo para hecker Indonesia hancurkan MSCI...n media Singapura.,@AgungBoim,0
MSCI   Kampretozzzzz   !!!,@hanggoroboedirahardjo,0
Prof lattu,@IruRusadi,0
"Wow Malaysia 🇲🇾 keren sekali gak minus sama sekali, hebat² 😅 , kalian bisa lihat di menit 15:01 😁",@JunaidiApp-w1d,0
"Kalo terlalu transparan juga nanti asing tau kartu trup nya usaha kita tau dapur kita... 
Transparan yng ada batas nya... 
Pasar modal asing luar juga ga 100% transparant..... 
Kalo cewe baju transparant mantep itu
Hahaha",@KasidiKasidi-n6t,0
"Yang butuh di perbaiki itu SDM kita. 
di sentil sedikit udah kelimpungan, bikin huru hara. 
Kurang uang belanja pun salah pemerintah!!!😂
Contoh kemarin minyak kita langka dan mahal padahal pak Amran sudah menyatakan tidak ada kelangkaan barang tsb.
kalau kita berpikir jernih pasti ada oknum yg bermain di situ😅
Padahal itu cuma pemain kelas cere loh
Apalagi ini saham,uang gede.
tahulah siapa yg main di dalamnya 😅",@milat-yala,0
Hidup NKRI ❤❤ hidup pak Presiden Prabowo ❤❤❤,@Faizk07,0
Tangkap smua anjing anjing nya joss kamprett.,@LerryRumakat,0
"Buzzers penghianat bangsa di Indonesia emang PARAH, JIJIK, PELACURNYA sorros dan MAFIA",@suyantobtn,0
Jangan mau kt di adu domba oleh bangsat2 asing aseng yg ingin Indonesia hancur. krna mreka tau Indonesia adalah lahan surga yg bs di ambil keuntungan utk negara mreka yg sampah.mreka ga mau Indonesia jd negara kuat krna akan mnyulitkan mreka bangsat2 itu utk mengeruk kekayaan alam serta uang dari Indonesia. mmg sengaja Indonesia di buat miskin dan bodoh spy gampang di perbudak. INGAT KITA BANGSA INDONESIA JANGAN JADI ORG TOLOL YG GAMPANG DI PECAH BELAH DAN DI BENTURKAN SPY SESAMA KITA BERANTAM. KITA PERTAHANKAN KEKAYAAN ALAM KITA SPY TDK DI CURI LG.,@lakimantap3584,0
Thx ilmu dan infonya Bro,@user-zb7jm3rq9k,0
Emg Brengsek MSCI kemarin juga permasalaain Bahasa Segala La emg harus pake bahasa apaan bahasa hewan,@firmanhadiwicaksono3397,0
"BIARKAN BURSA INDONESIA BUBAR NKRI TETAP BERDIRI DAN BERDAULAT.... NKRI HARUS MANDIRI DAN BERDIRI SENDIRI, TAK PEDULI MSCI...",@harytripamungkas1571,0
"Jangan sampai kepancing, Indonesia mau dihancurkan dengan cara melemahkan rupiah dan menggoyang saham, cobak di dalam negri semua lepas dollar pasti rupiah akan kuat, kita harus saling bahu membahu ditengah isu² negatif yang marak beredar dimedia yang bisa diakses siapa saja, cobak kayak singapur media yang nggak mutu di cat untuk menepis isu² negatif",@muslihanhadi940,0
Makan Gaji Buta pemegang OTORITAS BEI,@MyPrastCorp,0
"Saking banyaknya hoax dr media soros, tempe busuk bilang Purbaya mau di copot prabowo🤣🤣 Parah bgt.. Pdhl Purbaya aja lagi sibuk ngurus Panda bond ke china.. Emang anjing bgt antek soros",@funfact1789,0
"JUSTRU RAKYAT KITA SENDIRI YANG MENURUNKAN LAYAR POSITIF PARA INVESTOR ASING,MIRIS",@NBDek-w,0
"Nggak ada sejarahnya negara kaya ( sumber daya alam besar) dan populasi yg besar akan bangkrut. Yang ada saat ini perubahan mendasar ekonomi jadi pemilik pasar dunia dengan menjadi pemain inti perdagangan dunia adalah hal yg akan merubah secara otomatis human resources di Indonesia semakin pintar dan semakin kuat. Sekali lagi jangan tunjukkanbkamar kamar ekonomi kita, kita tunjukkan ke mereka, maksudnya adalah jangan kita kasih mereka memiliki kamarvkamar itu kemudian hari. Nkri harga mati. Percayalah Indonesia terbukti dari masalah ekonomi apapun tetap kuat. Sekarang ideologi Pancasila itu harus tegak Berdiri jangan digerogoti. Stop demo dan gunakan pedang pemerintah, siapapun perusak bangsa. Hukum dan tentara, polisi perlu digunakan.  Nkri harga mati",@binsarhasibuan1054,0
Chanel bung Benix dan prof Gema yg slalu mencerdaskan dan tdk menyesatkan masyarakat,@Abah_KR,0
16:22 oligarki di Indonesia hobby nya ngadalin investor India,@WowiekSantara-gr9ws,0
"Mahasiswa U.I. U.G.M nangis nonton Chanel ini.

Karna pak Benix menjelekan negara yang selama ini memberi mereka ""uang jajan"" 👉🇸🇬",@Robot685-w7l,0
Nah gini seharusnya cara mahasiswa mencari data suapaya tidak salah jgn berdasarkan film pesta bab.. 😂😂,@faozilakbarchanel2443,0
GOTO & DADA TERSENYUM DI SINDIR LU OM WKWKWKWK,@thebost5951,0
Kalau narasi lawan msci ya mungkin boleh lah.. tapi tunggu review Moody's Nanti soalnya itu bukan saham lagi tapi review tentang kemampuan bayar Dan kondisi fiskal negara kita,@abubakr535,0
"Di rusia segala sesuatu yg berbau soros dilarang masuk,,, ayo indonesia tinggal tiru,,, TEGAS !",@CekoCaki,0
Gilak bahas iran lebanaon bang,@Ikhwanhbr02,0
terus kenapa market indonesia masih di freze sama msci ?,@tordiagus,0
Saat ny JD orang ky baru,@milenix83,0
"Media Singapura bener2 sudah menabuh Genderang Perang.., Padahal mereka sdh lama menikmati Hasil penjajahan mereka dari Indonesia karena Pejabat IQ 45 jaman dulu..! 😮😮😮",@tiotopsatug1318,0
"OM BEN, BAHAS E-IPO RANS😮 ENTERTAINMENT",@Irvan-lw3mo,0
"Om bennix, bikin review IPO saham nya Raffi Ahmad dong om Ben. Apakah IPO yang menarik menurut om Ben?",@KUR0T0D21,0
"Ternak soros,,ternak singakura,,ternak malaydesh,,terdiri  dari: mahasewa,,gerombolan kalah pilpres,,pengamat dan propesor,,media,,Lsm,aktivis,akademisi antek asing,, mereka semua inilah penghianat yg menghancurkan bangsa.. 😎😎",@ziarziaribt2996,0
Indondesh negara miskin lagi apes 😂😂😂,@Mraril94Cutemen,0
SELL SINGAPUR BANGKRUTKAN SINGAPURA SUDAH KETERLALUAN MEREKA!!!,@posihusnudhon3325,0
"Masih heran tdk habis pikir dgn gen Z yg malah menginginkan dan mendoakan Indonesia gelap & bangkrut, padahal dia lahir, tumbuh, belajar di negara yg selama ini menaunginya dgn aman. Kebencian itu sungguh bs menutup akal, logika dan hati. Hanya Tuhan yg bs negur mereka spy bs lbh tahu diri & bersyukur.",@nnuzwar,0
Buzzer prabodoh,@MitraSolusiindonesia,0
"Baguslu bang pembahasannya objektif TAPI semua hanya satu variabel saja padahal kan nggak salah satu penyebab perlemahan kepercayaan investor kembali lagi kepada kepercayaan warga negaranya pada sistem yang ada,kita bisa digoreng media ya karna ada celah disitu.
Trus untuk melihat sisi positif indo jangan terlalu di utamakan karna untuk pengaruhnya ke ekonomi bukan cuma penilaian pada bursa saham tapi juga kondisi sosial masyarakatnya.
Sekian dari saya untuk permirsa boleh menonton seperti in cenel apapun itu tapi jangan lupa dengan akal pikir kritis karena taqlid buta(percaya percaya aja)pada satu jenis penjelasan atau pemahaman dapat menjerumuskan kita ke lubang perpecahan",@ARGUSEROR,0
Bang gw takutnya agen soros bayar yuutub buat banned akun elu 🤦,@alkertvku7777,0
"msci itu perpanjangan tangan dari pemodal gede di luar negeri, karena saat jatuhan saham akibat review msci saham2 yg bagus akan jatuh dan sangat murah karena hasil review, saat jatuh ini pemodal akan masuk beli saham bintang 5 dgn harga kaki 5, jd gak perlu kita gubris pengumunan msci ini ( sampah ) kalau kita angap perusahaan yg bagus dan masih cuan ya beli saja",@harryantocps5078,0
"Coba kita lihat pimpinan BEI yg baru apakah cuma omong besar mau membawa BEI setara bursa negara2 maju di dunia, atau malah ikut menghancurkan perekonomian Indonesia dengan menerima suap dari emiten yg bermasalah",@BintangSamudra15,0
"kita bermain di game sistem keuangan yang mereka ciptakan. kita cuma pemain atau pion aja...

sebagai pemain ya cuma bisa ikut rulenya, mau di bagusin di jelekin ya terserah yang punya game.",@ernasinatun,0
"Indonesia adalah Satu Negara Besar yg punya Hasil sumber DAYA 3:05 ALAM 3:20  Yang LUAR BIASA' ,KALAU NEGARA' INI DIKELOLA OLEH ORANG YANG BENAR YANG ANTI KORUPSI,NEGARA INDONESIA AKAN MENJADI NEGARA BESAR,NEGARA SUPER POWER ...TETAP SEMANGAT PERCAYA DIRI GAK USAH TAKUT DENGAN MSCI ...KITA INDONESIA NEGARA NESAR BERKELIMPAHAN DENGAN SUMBER DAYA ALAM .....",@soehendro3303,0
Kok media besar buat hoax gak di tangkap,@rrhaircare_,0
ROMANIA akan gantiin indonesia om ben di Emerging market :_KAGET:,@Shortsfunnystory-r9d,0
Biasaaaaa oposisi panik kalo ekonomi Indonesia bagus.. 2029 prabowo tiada lawan.,@YudoYudo-j5x,0
"Saran saya nonton AKELA ATAU ASTRONACCI AJA.
LU NONTON BENNIK MALAH JADI SESSAT PIKIR.
KARENA BENIX BUZZER. ISINYA HOAK",@Brainxen,0
Burkina faso masuk ga pengganti endonesa 🤣,@faro_me,0
"MSCI tahu kok dr dl kepemilikan saham di Indonesia,jd ini hanya cari cari alasan aja kok .
Lucunya baru komplen masalah laporan keuangan pakai bahasa Indonesia,lah kan dr dl banyak yg gini .
Tapi 1 hal, karena yang di komplen hanya ini,ini kan sedang dlm perbaikan dan gampang di perbaiki",@hoangshianchi,0
"Benar indonesia kurang transparan , saham gorengan , KKN di mana mana apalagi saham pemerintahan , sama kriminalisasi pengusaha di anggap kk. Contoh kasus antam sama pengusaha asal indonesia . Gimana beli harga discount di tuduh KKN dengan tuduhan kerjasama , orang usaha di persulit ,  intinya penguasa itu penuh KKN",@finalchoice8668,0
Kalah ama china sama patung liberty om 😂,@FAKTA_PIKIRAN,0
Soros diomongin kl gonggong soal mending tarik aja dolar sebanyak mungkin tarik anjing soros tapi masih di kandang....hemmm....,@TessiStroberi,0
Masalahnya lu juga enggak bisa ngatur pasar di luar.....enggak bisa kendaliin MSCI....iya belum tapi tanda tanda...😢😢😢😂😂😂😂,@TessiStroberi,0
"21:51 kenapa media menjatuhkan terus? 
Karena mereka mencari viewer dari situ lah mereka dapat cuan nya 😮
Contoh saja influenz konten kreator kalau mereka menjelekkan menjatuhkan pemerintahan dan menjelekkan Indonesia pasti view nya tinggi di tambah iq viewer nya IQ gorila 🦍🦍",@haidirfajri6623,0
kalo kata2 MSCI menentukan kiamatnya sebuah negara.. kasian Paman Sam ga dianggep..,@Supralog_GTM,0
Top3 dibawah jepang? Dan China?,@INyomanMulatiyasa,0
"media meraka kan di dorong sama oligarki wajar lah satu komando , monyet emang tu anjing anjing",@fortunecookies99,0
Indonesia baik2 z,@RascelNurharvanti,0
"Media ecek2 Indonesia kebanyakan nyebar berita negatif, cuma bennix yg sesuai dengan fakta, dari pandangan investasi,,, media mainstream Indonesia kebanyakan hoax",@MudaRejosariofficial,0
"#IMF #MSCI #Tempo #StraitsTime #Soros and the gank go to the hell
Gua ga butuh validasi Luh....
#BubarkanUI
#BubarkanUGM
#SellSingapore
#MiskinkanSingapura
#SyiahBukanIslam
#TangkapPaketC",@vedriant5013,0
Masalah nya media indonesia sudah dibayar oleh asing semua  media asing khusus dibayar memang untuk menghacurkan negara yg mau maju,@bambangkosasih8498,0
Prof gema juga,@haidirfajri6623,0
Buktinya mereka tidak mau membahas LGBT di lingkungan kampus influence dan konten kreator tidak membahas juga,@haidirfajri6623,0
Saat nya serik guys... 😅,@liungsiwang1295,0
"OJK, BEI lakukan tugas kalian dengan benar, jgn kalian malah jadi benalu bagi kemajuan bursa RI....",@CongorNaga-y8s,0
Kembalikan KODE BROKER saat jam trading !!!,@titozh1296,0
Influencer cendol itu kalau kurang followers ya nyerang pemerintah + bikin hoax😅.,@Singgih_Chan16,0
"#SETUJUINDONESIALEBIHKUAT
RAKYAT YANG CERDAS SADAR MENDUKUNG PROGRAM PRESIDEN PRABOWO UNTUK KEMANDIRIAN DAN KEDAULATAN INDONESIA TERCINTA ♥️♥️♥️♥️♥️♥️♥️♥️♥️",@hsnchannel8005,0
jelas bennix independen. video ini buktinya wkwkwk mantap,@miracle3897,0
"Terimakasih bang ben, jadi nambah wawasan.....",@nkf_4636,0
Sell singapura blok goblok jangan beli produk produk diya ajing,@antonardiansyah457,0
"POLA SERANGAN EKONOMI SAAT INI SANGAT MIRIP DENGAN 1998 saat SUHARTO mencoba dekat dengan RUSIA. Kalian pada melek gak sih para pengkhianat negara??? LONDO IRENG

kalian yg demo bangga kalian jadi PENGKHIANT BANGSA?? musuh indonesia banyak, OLIGARKI jaman jokodog sedang bermain dari singapura, amerika, malaysia dll tidak suka INDONESIA MAJU .. ekspor 1 pintu hanya 1 gerbang menuju kemerdekaan sesungguhnya. KENAPA OLIGARKI & NEGARA LAIN pada panik??? berarti memang ada yg salah selama ini.

(1) Soal IHSG, kalian yang belum pada tau soal #SELLSINGAPORE #SELLINDONESIA?? tonton yang banyak videonya. 
(2) Soal Rupiah, anggota BRICS lain kek India juga lagi dikerjain secara ekonomi sama Amrik. bedanya org India pinter, chill & persatuan kuat. 
(3) Soal orang pada benci pemerintah, kalian udah tau duit Soros Yahudi udah banyak masuk ke Kampus, Media, Influencer & buzzer perorangan untuk diarahkan pada benci negara & pemerintah??  belum OLIGARKI jokodog yg pelihara buzzer.
(4) Soal MBG. China, Jepang bahkan Amrik punya MBG versi mereka. Ok kita belum sempurna. sabar. tuh yang korup juga pada ditangkap.

Gw lebih baik jadi buzzer negara tanpa dibayar, daripada jadi buzzer PENGKHIANAT BANGSA demi sesuap makanan. Negara udah di track yang benar mau kelola SDA sendiri makanya pada ngamuk sama PRABOWO. tak ada negara yang mau indonesia maju apalagi Singapura, Malaysia, Amrik dll . MEREKA GAK PENGEN INDONESIA MAJU.

pelaku korupsi juga ditangkap tanpa pandang itu kawan politik, demo juga silahkan, diskusi kampus dibiarkan. kalau jaman JOKODOG apa bisa??  MIKIRR",@wezelahardian455,0
Orang bule mental nya ga akan berubah mereka mental penjajah mereka mau kita bodoh terus dan takut kepada mereka..Jangan percaya ocehan mereka..,@jacksparrow-fb1gc,0
"#SELL SINGAPURA...!  DASAR BUDAK OLIGARKI ..GEORGE  SOROS  ..IMF ..PENGKHIANAT BANGSA ..PORF .BAYARAN..DOSEN BAYARAN..MEDIA BAYARAN..MAHASEWA BAYARAN..DAN JANGAN LUPA JUGA  NEGARA  MUNAFIK..MALAYSIA.,SINGAPURA,.AUSTRALIA,.MEREKA TERUS MEMPROVOKASI  MEDIA DALAM NEGERI DAN JUGA INFLUINCER UNTUK MEMECAH BELAH BANGSA DAN NEGARA INDONESIA..JAYALAH NEGERIKU...❤❤",@anwarjayaabadi5679,0
Gia yakin ini ulah singapura sih emang harus nyerang indo,@NamaBaru-j8o,0
saya ketawa dengar TEMPO bacem...😂😂  Ema g tempe kecutt,@billymanna4245,0
Om ben. Hitungan yg bener asing cabut 850T ya??,@ummuyahya1253,0
Semoga #IndonesiaMandiri,@herryaprillio9210,0
Msci ingin indonesia bangkrut dan banyak terjadi demo dan pengrusakan..hoax itu sebagai celah untuk membangkrutkan Indonesia lewat banyaknya demo yg di provokasi dan di biayai asing.,@NonoSupriatno-s1o,0
"Tpi kenapa ya narasi ekonomi indo tuh sama media2 dibikinnya pesimis mulu. 

Ekonomi kan dipengaruhi juga sama psikologi massa. Apakah mereka sengaja?",@_RickySetiawan,0
Tetap semangat bang❤❤❤❤❤,@gitorocklis,0
intinya merdeka dari IMPOR ENERGI. target itu dulu yang harus di capai,@Pejuangrejekireceh321,0
Negara asia ke 2 singapur ya?,@aisyahidamanz1031,0
Indonesia cuma kalah sama china dan Malaysia,@ahmadhuri2374,0
"negara sendiri mau  maju malah gak mau, aneh media tmpe bacem tuh",@AbuSufyan-u6y,0
"Top 3
1. China
2. Malaysia
3. Indonesia.",@sugengriyono2739,0
Lebih utama direct investment daripada bursa saham.,@pran20000,0
"Karena yang nyebarkan hoax  itu sakit jiwa kebanyakan makan uang fee,pungli dan uang korup",@BilmerSianipar,0
menuju korsel dan india gelap!,@bersinarterang1170,0
"Yang korupsi besar kepala mbg
Yang naikin pajak mentri nya sendiri
Yang mark-up pembangunan kdmp tim mereka sendiri
Yang mark-up motor listrik mereka sendiri
Yang bikin inflasi tim mereka sendiri
Ketika ada crash yg disalahin soros😂",@musthofahilmi4779,1
"buy the rumour, sell the news",@bersinarterang1170,0
Indonesia Jaya Jaya Jaya Aamiin Aamiin Aamiin YRA,@anjaastriamareto3107,1
Pertanyaan nya MSCI ini netral apa ngga sebenarnya,@serokdanterusserok,0
"terima kasih bang bennix sudah bantu menjelaskan kepada orang-orang yang senang melihat dan sering tebar fear soal IHSG turun ke frontier market, tiap kali MSCI mau umumkan informasi terkait IHSG pasti muncul lg narasi soal frontier market dari influenser-influenser yang gak punya otak itu",@mentaristudioanime,0
Sell Singapura,@ahmadrifai3386,0
Korea chaebolnya terlalu ikut campur perusahaannya lewat hantu cara yang ngga terlalu di sukai investor asing,@Decnalab92,0
"Perusahaan rampok capcay kaki lima (kakinya roda bekarat semua) menn. Karyawan seitung jari, kantor sewa kios. Lolos ipo.",@YufaAlphaSolution,0
"saya cuma mau bilang, antek antek ngisiiiiinnnngggg,",@tubagussujana2835,0
Ngakakk sepanjang nonton ini 😂 suka bet vibes maki”nya 😅,@ibnuhusaintraveler9678,0
Ternyata MSCI lembaga pesanan!,@suryantoa.n1003,0
Kak benix...aku sekarang ke Singapur jiji bangt berapa taun kekayaan indonesia di makan trus Ama anjing2 Singapur,@RezvanDhefin,1
Singapur gak bisa ngemis lagi kemarin duduk manis dapet cuan dari indonesia...sekarang Singapur sel kan..,@RezvanDhefin,0
"Demo2 yg mempengaruhi pra mahasiswa ,emang elit2 politik yg haus kekuasaan,yg pengenya Indonesia jdi negara berkembang terus",@UsenSen-x7x6o,0
Lanjutkan ja program 1 pintu ekspor danantara...pasti singapura ekonominya ambruk....,@KandarKandar-m9q,0
"Dulu pas Napoleon lawan Inggris, tuan besar berbohong dengan bilang ""Inggris kalah perang"" akhirnya saham2 Inggris nyungsep dan langsung diserok semua sama tuan besar. Begitu publik tau kabar itu hoax, saham2 Inggris langsung naik semua, tuan besar cuan besar.

Saya melihat kejadian serupa di Indonesia ini, tuan besar bikin berita2 gk enak biar investor kabur yang bikin IHSG ngungsep. Terus pas sudah ngungsep tuan besar langsung serok semuanya. Begitu publik tau berita2 itu ternyata hoax atau kurang benar, IHSG bakal naik. Tuan besar cuan besar, lagi.",@Johuri,0
"Mantap kang. kasih paham itu  anjing"" jonsoros. NKRI HARGA MATI💪👍",@riyanfadil76,0
"josjizzz,mantab",@aduhanip5611,0
"Insvestor kabur ya kabur saja yang penting ptogram pemerintah berjalan
Suatu saat mereka akan datang karena semua yang dibutuhkan mereka ada di negara kita",@lumbaapalulun781,4
Mereka ingin harga diskon para aseeng ingin serook di dasar... bosen gw denger berita2 negatif . Semangat terus indonesia ku,@ardhithenextkains,0
"Ooo maksudnya ada satu aspek dari penilaian yang nilainya itu jelek, tp secara keseluruhan sebenernya indo masih bagus. Tapi media fokus ke aspek jeleknya itu yang diberitakan dan menarik kesimpulan sendiri",@muasisulbais8088,0
"orang pinter,, main saham S&P 500 , Kospi, Hang Seng, Nikkei.. goodbye IHSG",@henny767,0
"Ya memang Indonesia gelap, sering mati lampu 😂 PLN",@RajaQing,0
Sayang gak semua org indonesia mau mendengarkan berita dr beberapa sumber,@OmTri,0
Pokokny Indonesia HARUS MISKINKAN SINGAPURA,@VirginPetCare,0
"Dari zaman VOC smp now mana pernah investor lari Dari Indo, guoblokkkkkk.....Indo terlalu Manis Pea, Otak Sarden!!! Bikin Review Koplak ....",@benhotrek,0
"Ko sekarang banyak yang gencar gencarin Indonesia ya? Dari mulai blomberg yang bilang prabowo menjabat di Indonesia ga ada Impact, makin yakin Indonesia di pandang remeh sama org luar",@Rireng1140,1
"Karena indonesia tidak bisa diatur asing dan soroa.
Indonesia nutup kran kran mafia. Hilirisasi, stop beberapa komoditas import, stop export murah.
Semua kalang kabut karena strategis indonesia yg gak bisa diatur.",@genshambudiharjo4088,0
15:23 terimakasih ilmunya om,@Anna-lg1bj,0
Semoga Tuhan Allah SWT menjaga Indonesia dan seluruh tumpah darah Indonesia. Dan menyadarkan anjing anjing soros ke jalan benar.,@Sukaryo-q9f,0
paling mantab kalo sudah ada kata2 mutiara: anjing-anjing joj soros...,@awanmegamendung8338,0
Sebenarnya tidak ada yang ngamuk2 di Indonesia ini rakyat pada bodo amat tapi yang brisik itu para perampok di Indonesia yang tidak senang karena mereka di ambang kehancuran,@EdoIrawan-m3y,2
Bodoamat lahhh sekarang  😂😂😂 gw masuk kuartal 1 aja lahh,@endrodimas669,0
"harus nya menhan pegang keamanan media indonesia.
bukan bikin komdigimon ngelawak sepanjang taon seperti saat ini.
sampe detik ini , komen2 iklan judol masih banyak di yutub.
harus nya bikin devisi khusus buat berantas para buzzer , media2 yg bikin hoax dan judol. (perang gak harus maen fisik boss)",@penonton4260,0
"Skarang kacah semu. 
Media kacau
Mahasiswa nya juga kacau

Hah genz bikin resah",@BarokahIlahi-n7q,1
Bagus ni Chanel banix dia memberikan informasi yg mencerdaskan masarakat.......memang negara kita tidak mau jadi maju...,@InFinix-v2v4o,1
"Alhamdulillah,,",@wahidinsolihin5468,0
"Orang Indonesia sendiri yang korup, jadi mafia dan menjelekkan bangsanya sendiri, di tambah keterlibatan negara luar, komplit dah, makanya tugas pemerintahan sekarang lebih berat karena mau bersihin tapi di lawan habis-habisan",@HidupSehat-LahirdanBathin,1
Rakyat kita udah zaman canggih pun masih banyak yang goblok lagi mau diadu domba Woi rakyat Indonesia sekarang bukan zaman dulu sadar sikit kalian bukan zaman dulu yang gak boleh cari informasi sekarang udah zaman canggih Jadi buka mata Jangan goblok lagi mau diadu domba asing,@Jumadi-p7z,1
Jadi serok lagi aman ya om Ben 😅,@UCUPKU234,0
"tidak salah kalau mereka mendown grade rating bursa efek karena memang mereka harus berbenah,sebuah  bursa yang di akses para investor besar tidak punya transparansi yang baik. 
memang pengelola bursanya para mafia dan badjingan.😅",@Enzo_design,0
"Asing udah ga perlu ngobok2 Indonesia. Mereka cukup taruh 2 orang di ring 1 kekuasaan Prabowo buat update info, trus membiarkan Indonesia setiap hari menembak kaki ibu pertiwi.",@dying_taxpayer,0
"""Bennix kurang pengalaman!"" kata Bu Gema Goeyardi.",@felixsulwyn4997,1
"Kasih paham bang Bennix.. netizen sok tau tentang dunia saham..netizen yg sok tau, sok pinter, merasa paling paham dunia saham biar malu ilmunya masih cetek tapi sok2an komen..😅",@hendraefendi4169,0
"Trus kalau penilaian indonesia bagus, kenapa asing outflow 90T?

MSCI, media, siapapun boleh ngomong, tapi pergerakan uang gak pernah bohong.",@saidalmusayyyab,0
"Indonesia tetap pada emerging market krn probabilitinya lebih baik sekalipun dg pasar modal korsel, lihat daftar 18 cheking pointnya",@martinocarascalao9413,0
Brita seperti ini memberi idukasi positip GK ngawur kyak media lain lain isinya pasimis dgn negara sendiri pdhal pmerintah sudah berusaha yg terbaik,@NabilakhKh,0
Info penting nih.... Utk counter para pengkhianat bangsa,@rainbow_super,1
sell singapura,@gunadigunadi9476,0
"Maju terus Indonesiaku... Aku cinta Indonesia... ♥♥
Terima kasih infonya Om Bennix..",@irfanbudimanbarus7380,2
"Sbg rakyat yg hidup di daerah,kondisi ekonomi saat ini masih lancar2 aja walaupun hrg Pertamax naik,tiap hari krj masih dpt income lmyn ,dagang jg masih ok2 aja.",@SugengRiyadi-m5t,0
Kenapa tidak dari awal sudah bahas ini ya? Apa karena nggak boleh? Berita msci kan udah lumayan lama...,@Syam-d2o,0
"Mantap ini , sy suka ulasannya Krn obyektif",@haruniskandar8542,1
Buzzer2 Antek2 Koruptor Penghianat Bangsa dan Antek2 Asing masih banyak berkeliaran di Indonesia. Bongkar terus bang Bennix..,@parkwondo666,0
"Kocak lu.. 😂
Lu yang gak berpengalaman, Bu Gema Goeryadi yang lu maksud siapa..?
Setahu gua Bapak Gema Goeryadi, salah satu content creator finansial.",@apputuasiburian,0
"Karena institusi lebih memilih main aman dan mengikuti MSCI aja ya emang fungsinya itu. Pasar tuh memang gampang di arahin rumor ga guna. Contohnya aja kaya share rockstar yang jatuh lumayan dalam gara² ai ngebuat simulasi game yang mereka anggap itu dapat menjatuhkan industri game, tapi akhirnya itu cuma hoax aja",@seanrafabagass,0
Semoga Amerika Serikat dan Israel segera dihancurkan oleh Tuhan aamiin,@BujangRantau-t2x,0
"Emg bangke media media penghianat bangsa ini ,f*CK  . peliharaan Joss coros bangke harus di musnahkan om ben",@noerfofficial6875,0
"Masalah nya om coba lihat yg di masyarakat bawah , apakah anda ambil data ini? , oleh sebab itu gorengan sangat mudah berefek",@liemkusumohadilukman5445,0
"Saatnya pemain lokal serok, saat asing kabur",@IswandaId,1
"Negara Indonesia itu pemerintah ny perampok maling 2koroptor smua 
Lambat laun Indonesia pasti bubar tinggal menunggu waktu saja 😁😁😁",@Kusnadi-z6i8y,0
Geli denger anjing² peliharaan jos soros.. pengamat cap kaki 5..,@diyantara5036,0
"Something wrong with media indonesia, hrs diatur sama pemerintah biar gak memberitakan hal2 yg hoax dan gak bener, minimal ada sanksi buat persh nya",@sakas9653,0
"Investor juga manusia,punya rasa punya hati,jangan samakan dengan,,,pisau belati",@singgihFD-i3q,0
Masa sih gak ada pasal² pidana untuk menuntut pertanggungjawaban media yang menyebar berita bohong seperti itu??? Selemah itukah hukum kita???,@bitethebullet2,0
Loker jasi buzzer dong. Pls,@rakyatbiasa837,1
Om.. Ditunggu live nyaa... 😂,@KhafitriLestari,0
Terlalu besar negara ini ke frontier market,@sf2gaming763,0
"Premanisme begal, korupsi, nepotisme dan kolusi bang 😢😢😢 belum lagi banyak politik identitas agama yang bikin tidak kondusif",@ejs7861,0
"Memurut saya berhentilah menyalah kan  Singapur, si soros. Klo bukan karena org di pemerintahan berkhianat kepada bangsa bisa apa mereka. Coba hukum mati koruptor n miskinkan , cabut izin perusahaan yg merugikan negara. Jangan wajah jelek cermin di belah.",@me-n-mychannel,0
"SALAH INFORMASI bukan hanya terjadi disektor pasar modal tapi SELURUH SEKTOR bahkan Undang Undang Dasar juga NGIBUL.
Sejauh ini yang Ane LIHAT situs situs PLAT MERAH menghalangi DATA ASLI dimasukin dan mempromosikan PEMALSUAN DATA ke pihak swasta. 
Jika DATA ASLI dimasukin ke JARINGAN akan BENTROK dengan DATA PALSU yang dimasukin sejak tahun 1940. 
Indonesia BERDIRI tanggal 17 Agustus 1945 tapi ROEPIAH lebih awal 5 tahun.",@ridhoabud9216,0
0:44,@syifaaathirah937,0
Bangsa sendri buat hal malah salahin negara lain😂kalau macam ni la sampai ke mati xmaju2😂bangsa mu mudah percaya dan suka nyajong sujud org2 atas dan kaya😂,@faizalislam5935,0
"Jujur mau tanya, bisa gak sih perintah bubarkan media tempo ato cabut izinnya",@Miari_Kalteng,0
SIKAT PENGKHIANAT2  BANGSA INI.... MEREKALAH PERUSUH DINEGARA INI,@herusi3210,0
"Eh bennix buat malu orang Batak kau, enteng banget kau bilang rupiah melemah itu bagus menuju negara maju eh marga apa kau bujang",@jokercard4989,0
"TRIMAKASIH ATAS PENCERAHANNYA BENNI.... 
MANTAP DATA DAN ULASAN LHO... 
SUCCES FOR YOU...",@herusi3210,0
Sampai dijelasin kayak anak bayi begini om wkwkwkwk,@nathan9760,0
"Ada dana ratusan milyaar cair yuan dan sing dollar 25juta
.udh masuk indonesia..siap invest saham indonesia. Sisa untung 500milyar tunai blm dipakai..400m udh invest. Rugi 12 roll royce phantom since januari",@agungutama2613,0
Boikot singapure,@makhfudifudi7956,0
yang komentar indonesia gelap Konoha hancur fix iq gorilla,@Tejoo-v4e,0
"Mungkin kebanyakan orang pinter di negara ini kurang rasa nasionalis/cinta tanah air sehingga mudah di adu domba, cuci otak, disuap dan sejenisnya yg bikin negara sulit untuk maju",@BagoesDahono,1
"Aplikasi sarang MONYET banyak sekali akun orang THOLOL yang tiba tiba menjadi media dadakan ......
Narasi di buat pakai chat gpt,gambar di buat pakai chat gpt juga......
Target mereka fyp supaya cepat di Monet.....( Menurut isi otak mereka)

#jangkauanluas #salaminteraksi",@manganturutok,0
Belakangan banyak Hoax banyak demo2 aneh…,@pramandhawidyeswara9131,0
Makanya paling mls baca komen2 netijen bodoh gk faham gk ngerti tapi bacot doang. Bikin gaduh,@mylive9460,0
"Lu suka bikin HOAX tentang kebenaran yang bagus negara luar negara tetangga negara2 maju..Giliran tentang negara Indonesia yang hancur,terpuruk,gak bisa apa2 lu gak ngomong lu kata semuanya bagus2 aja yg terbaik aja..otak lu otak kosong",@KepalaRoti88,0
"Harus sadar ,yang suka hoaks

Keterbukaan itu untuk kebaikan ekonomi kita


Trima kasih 👍🏻
God Blees 🙏🏻",@lidyamramra3917,0
"Bang bahas mati lampu bergilir dong,kek nya seru🙏",@lea_umbrella88,0
semoga yg namanya jors Soros CPT hilang dari muka bumi... aamiin,@supriantomanto4449,0
"SIMPLE CARA NYA ... WAJIBKAN SEMUA EMITEN BERDIVIDEN MINIMAL 10% .... DENGAN SENDIRI NYA BERSIH TUH BURSA DARI SAHAM SAHAM GORENGAN ... EMITEN GORENGAN AKAN TIDAK BISA BERTAHAN DI BURSA KARENA SESUNGGUH NYA KEUANGAN MEREKA TIDAK ADA UNTUK MEMBAYAR DIVIDEN ..... TUJUAN NYA MEMANG CARI MODAL GRATISAN   

TANPA PERLU DIBERSIH KAN .... TANPA PERLU DIATUR ..... SYARAT NYA CUMA SATU .... WAJIBKAN DIVIDEN MINIMAL 10% ..... AUTO BEST OF THE BEST EMITEN EMITEN DI IHSG ...... KARENA EMITEN EMITEN YANG ENGGAK BISA PENUHI SYARAT NYA AUTO TERDEPAK DARI IHSG",@ARDI1980YANTO,0
bro besok 23 Juni Indo masuk frontier market yeahhhh baby... IHSG back to 4000,@andrewstephen6493,0
#sellsingapore,@aceprustandi8700,0
"Gilak... menambah wawasan berpikir.
Tengyu banget pak Bennix",@issai_Betmut,0
02:34 😂,@kupiahburuk4012,0
"Ben,...Bahas juga pelamahan nilai mata uang kita di seluaruh asiavtenggara kita yg paling banyak penurunan mata uang kita
Itu yg paling berasa buat kalangan menengah kebawah",@ruslanlisa1880,0
Budaya Orang2 Indonesia Sukah Ceding alias tidak Jujur Susah Mendapatkan Information yg Valid itu Masalanya 😂,@johnlonda5415,0
Udah gak sabar ngelihat banyak pengangguran di Indonesia,@AniYatisukaesihOppoA3sopi,0
Mantap bng mendidik sekali😊,@Rudi-tg1vs,0
"Bang Ben dulu punya saran buat pemerintah gini gw inget: dasar IMF tuh jahat, nyuruh naikin suku bunga, pdhl itu akan mempersulit, malah bikin ancur, justru harusnya suku bunga turun, hutang d permudah. Tp bang, suku bunga malah naik, gmn pendapatnya bang? Ilmu gratisnya tolong bang",@argiasrimustika6867,0
smoga mas bennix bisa jadi direktur bursa efek,@AdizKurnia,0
SEMOGA BPK BENIX SEHAT SELALU  UNTUK BERI PENCERAHAN SAMA RAKYAT DI BAWAH SEPERTI KAMI INI OKAY PAK BENIX .GORONTALO,@TariBaster,0
Yg aku heran kalau negara besar semua kaya2... cuma india dengan indodesia je yg miskin😂😂😂 pelik aku😂😂😂,@edieneo477,0
Ayo...lawan berita hoax yg di sebarkan oleh scammer oleh singapore....!!!,@junaediwahid5837,6
"ihsg 💪
Ihsg 💪💪
IHSG 💪💪💪
🇮🇩       🇮🇩      🇮🇩",@dedeutomo8274,0
"""netizen netizen yang ga punya OTAK"" 😂😂😂😂😂
mantap bang Ben",@AgusSusanto-dk7jc,0
Bang. Sekarang saya ngefans sama anda 😁😁 👍👍👍👍👍,@poetradjepank5429,0
"Emang singapur yg mau hancurin ekonomi negri ini.. 😡😡😡
Ayolah rakyat NKRI kita bersatu hancurkan senua bentuk ekonomi singapur dengan kemampuan kita.. Kita balas semua perbuatan mereka.. Klo perlu hancurkan semua data mereka..😡😡😡
Kita buktikan klo rakyat indonesia bukan orang yg mudah di intimidasi..👍
❤🇮🇩🇮🇩🇮🇩❤",@DedyGhaza,0
"Om benix bicara mengunakan Data dan membandingkan juga dengan data dan fakta bukan karena nitizen bodoh, yg tolol cuma omdo aja",@alsafirabizarjurdhanabizar2249,0
Sudah beberapa kali Tenpo bikin hoax. Saya sudah block media2 seperti itu karena bagaimana mempercayai media yng sering bohong,@Wabha-Ma1dha,0
Menurut ane banyak penghianat bangsa.soalny media2 itu biki yg benci pemerintah tambah benci. Untung ane mantau benix  terus. Dan cari impormasi dari tempat lain.,@aderasmani4739,0
Lawan MSCI bongkar niat buruknya,@Wabha-Ma1dha,0
"Apa cuma gw yang selalu nya nungguin om bannix upload video terbarunya.
🙏",@AntonPriyadi-z9u,0
"Sebagai Rakyat Malaysia, Seru kali liat kalian Indonesia/Singapore Saling Serang Berita SELL/BUY:face-blue-smiling::face-blue-smiling::face-blue-smiling::face-blue-smiling::face-blue-smiling:",@Trexy1808,0
Untungnya kita ada konten bermanfaat dari om benix karena banyak rakyat kita ketipu propaganda bohong antek antek asing Singapura dan Amerika itulah kita harus cros cek dulu jangan termakan hasutan dari anjing Singapura babi,@alsafirabizarjurdhanabizar2249,0
Sudah terbiasa di takutin,@use_doii89,0
Kadang narasi benik menghasut kadang tegak lurus.,@SlametNurhabifin,0
Kyaknya udah di fase kalau ngga nonton video terbaru Bennix bisa sakau,@ahmadnurrokhim7016,0
#janganpercayamsci,@kopihitam099,0
#mscihoax,@kopihitam099,0
"2024 investor asing udh net sell 29 triliun
2025 net sell 40 triliun
Baru setengah jalan 2026 udah net sell 65 triliun

Bennix bennix, ngomong aja lu gede! Kalau mau market bagus, ini salh satu channel2 yg harus di tutup, di black list!!

SMDR apa kabar SMDR?!?!?!?! 😂😂😂😂😂😂😂😂😂😂😂😂",@fandinasution8997,0
"Udah jelas, negara serumpun itulah yang menjadi penyebar gosipnya Malaysia+Singapura dan Australia, penyokong dari negara maju yang menyebarkan gosip SELL INDONESIA. Mana mau mereka meelihat Indonesia maju?Gara-gara adanya DSI, mereka ketakutan, terutama Singapura, dan giliran pemerintah bilang akan menghentikan ekspor listrik ke Singapura pada tahun 2026 dan akan mengkaji ulang pelaksanaannya untuk kepentingan nasional. Ehhh, PM Singapura langsung panik ke Jakarta dan konpers akan menghormati keputusan pemerintahan untuk tetap bekerja sama dengan berinvestasi modal untuk membangun proyek Green Energy di KEK Batam. Intinya, mereka adalah kumpulan negara tetangga yang takut sama eksistensi Danantara, khususnya DSI. Jadi yang dilawan sama Pemerintah itu levelnya negara++ (oligarki/mafia nakal dalam negeri yang simpen duitnya di Singapura+Malaysia) ya sejatinya rakyat yang cinta NKRI harus bersatu melawan antek-antek asing+pengkhianat bangsa ini dong dengan BUY INDONESIA😼❤‍🔥🔥Giliran mereka krisis beras, pupuk, listrik makanya terpaksa ngemis ke Indonesia.",@RinoaHeartily1741717y,0
"Lawan bang Joss, bnyk orang koplak😂",@slametbudi1593,0
Kata guaah bang benix pemerintah nya yang ngga langsung gercap conto kelarifasi langsung beli biar pengusaha langsung tau jangan nungguin firal dulu baru felarifasi😅,@muhamadbudi2120,0
"Buy Indonesia,,",@azwarabdillah133,0
Ora wedi doso,@haniyuli8356,0
"😅sedikit faham,tp bnyk yg ga faham,taulah😢penting besok kerja ada proyek renov dapur tetangga,moga2 ekonomi Indonesia normal,harga bhn bangunan ga mahal,gw  ttp dpt kerjaan😅😅😅😅",@KembangGula-l6b,0
"Singapura gak tau kalo netizen kita paling solid di dunia kalo soal bela negara, sampe ada aja yang salah sasaran 😅.

 bahkan diakui Microsoft sebagai netizen paling gak ramah, bahkan bisa buat akun Ig Microsoft menutup kolom komentarnya gegara di hujat habis-habisan 🤣",@Zainul_semproll,2
"bilakah Singapore gelap?
bilakah mbak Dan kuli Indo keluar Dari malaysia.apak kah Indo jadi kuli sampai mati",@zulhasriamin5507,0
"Mulai lah dari sekarang, cintai lah produk produk indonesia..",@OyGee-h2m,0
"Tempe itu direbus GK enak,,,digoreng byk minyak.jagung diindonesia mudah tumbuh,,,cuma direbus...uuusss....ditambah sedikit garam..rasanya kayak disurga,,,kurang apa coba kt indonesia???hanya saja kt sering diadu dgn narasi agama supaya indonesia tetap goblok.",@KesyaOppo-p5p,0
"Saya sering baca artikel² tentang ekonomi makro Indonesia dari berbagai media² terkenal di dunia -- tapi tolol karena hobi memberitakannya secara tidak profesional dengan NARASI NEGATIF, TIDAK FAIR, bertendensi FITNAH dan MENGGIRING OPINI NEGATIF PUBLIK -- seperti CNA (SGN), The Star (MAL), JakartaGlobeID, Tempo, dsb.. Narasi artikel²nya SAMPAH SEMUA, sama persis dengan narasi² berita business & finance dari Media² ekonomi kapitalis barat (khususnya AS & Inggris/UK) seperti Bloomberg, The Market, BBC Business, dan masih banyak lainnya.. 
Media abal² sampah semua dari para jurnalis dan editor berita yang tidak profesional, tidak mengusung netralitas informasi, dan tidak objektif dalam pemberitaan. Tercium menyengat dari setiap artikel² nya tendensi besar pendiskreditan dan framing negatif terhadap Indonesia, yang modus dan tujuannya jelas, yakni penghancuran ekonomi Indonesia, menguapkan investasi global, hingga ujung²nya bisa mengeruk keuntungan mega financial pribadi dan kelompok² mereka. Narasi yang dibangun selalu menyudutkan Indonesia di berbagai sektor. Bahkan kutil Indonesia pun dibahas oleh para stalker itu.. xD. 
Media² tsb. memanfaatkan ketenaran global mereka, maka sangat mudah mempengaruhi publik global. Mereka jelas² membuka kedok jurnalisme palsu mereka sebagai corong para kapitalis mafia ekonomi global yang terlibat dengan transaksi keuangan dan perdagangan dengan Indonesia, yang panik dan marah karena kebijakan penertiban ekonomi makro pemerintah Indonesia saat ini. They are all proven 👎🏼💩👎🏼

[EDIT] Terima Kasih Om Bennix dan Teman² Yang Nasionalis semua atas atensinya dan supportnya kepada bangsa dan negara kita yang sedang mendapat ujian besar karena diobok² banyak pihak asing dan para pengkhianat bangsa kita sendiri 🙏🏼 [/EDIT]",@johnwisewords,97
"Tentu saja yang jadi pengganti adalah tetangga baru, karena mereka sudah lama bercita-cita mengalahkan Singapura bahkan Dubai.
Ups....
😂",@KolambuTech,0
Makasih Om Ben dah kasih berita dan data yg kongkrit yg orang bodoh macam saya bisa paham mana media Bajingan mana media pengadu domba.,@IvanSetiawan-z1h,0
😂😂😂😂😂😂asing di prcaya kuat trus indoku❤❤❤😂😂😂😂,@BeexCunay,0
hahahaha demo ada dimana2.kamu bukan org bijak tapi bodoh😊😊😊😊.bila beras Malaysia habis?.Dari 6bulan hingga ke bertahun2,@zulhasriamin5507,0
"Smua karna ekonomi titik.coba kita bayangin,,,dokter diindonesia aja mengatakan protein termudah buat asupan gizi' tempe,,,tempe terbuat dr kacang kedelai yg kita impor dr Amerika,padahal protein terbaik itu kita dpt dr daging sapi,kambing daging babi dan ikan.stop makan tempe",@KesyaOppo-p5p,0
😂😂😂😂😂😂😂😂,@DodyCivil07,0
Saya hatersnya no 1 nya tempoo,@haidirfajri6623,5
"Memang pengamat ekonomi banyak yang toooloool, bukan nya membantu mecahkan masalah tapi nambah masalah",@muslihanhadi940,4
Media2 pemecah belah bangsa bayang2nya Barack Obama & Ursula von der Leyen,@wahyubrianala2994,2
"makasih lae bennix , terus suarakan ... rekan2 bennix mari kita bagikan ke kolega kita berita ini..",@Useryoutube-w7b,2
"semenjak pilpres gw sadar ada yg keliru dgn media yg tadinya fair tiba tiba berkubu kubu, dan benix memperkuat dugaan gw dgn definisi anjing anjing soros, dan polanya memang sama semua dari segi narasi dan visualisasi.",@MasJoeRider,1
Jangan mau kt di adu domba oleh bangsat2 asing aseng yg ingin Indonesia hancur. krna mreka tau Indonesia adalah lahan surga yg bs di ambil keuntungan utk negara mreka yg sampah.mreka ga mau Indonesia jd negara kuat krna akan mnyulitkan mreka bangsat2 itu utk mengeruk kekayaan alam serta uang dari Indonesia. mmg sengaja Indonesia di buat miskin dan bodoh spy gampang di perbudak. INGAT KITA BANGSA INDONESIA JANGAN JADI ORG TOLOL YG GAMPANG DI PECAH BELAH DAN DI BENTURKAN SPY SESAMA KITA BERANTAM. KITA PERTAHANKAN KEKAYAAN ALAM KITA SPY TDK DI CURI LG.,@lakimantap3584,1
"Video cenderung menyalahkan ""hoaks"" sebagai penyebab utama investor kabur. Faktanya, berdasarkan data pasar 2026, capital outflow besar-besaran dipicu oleh kombinasi sentimen global (ketegangan geopolitik, kenaikan harga minyak), depresiasi Rupiah yang menembus Rp17.900/USD, serta kekhawatiran rebalancing indeks secara umum, bukan semata-mata karena rumor MSCI.",@siaguslapar,2
@siaguslapar Prinsipnya sederhana.. kalau terlalu cepat turun atau naik berarti ada intervensi.. nah coba dinalar lagi..,@manskin5434,1
​@siaguslaparkan pelemahan rupiah setingan semata bang,@heiitsme182,0
Apalagi bennix gak masuk akal sampH semua,@annmousnet903,0
"BANG BENIX...COCOKNYA JADI GUBERNUR BI...
ATAU...ASISTEN MENTRI KEUAN̈GAN",@UjangNurhanudin,0
Krjanya buzzer apa?? Jualan jelas ama jilat..jilat terussss,@sazali2960,0
"MSCI itu terpercaya, dia bukan perusaan abal"" kyk program tol lol merah putih, atau makanan babi gratis, kok MSCI down gred negara Kita? Toh Banyak kok negara lain... Nah.. jawaban simple bet, ketika negara Di Asia lain stabil duitnya, kenapa rupiah sendiri yg ambruk?? 😂😂😂.. nah.. lagian Di konoha, para koruptor Di sembah.. makanya.. bahaya ni konoha, maka ASING kabur.. kebijakan sering berubah, Arah tuju juga ga jelas😂😂😂",@sazali2960,0
harus dibasmi itu Bekicot2 ekonomi di indonesia... Pemerintahan Prabowo harus kasih Garam itu para Bekicot...,@moltressatu700,0
"bang Bennix mungkin negara kita ini sdng di embargo atau dijegal ekonomi ya secara halus ya😢,,,KY nya ngebet bgt kita biar bubar hancur 😢😢😢Bang Bennix lanjutkan searing literasi ekonominya biar banyak yg melek informasi ekonomi nya😢 Bissmillah SEMANGAT Indonesia qu,,,Salim Salim Salim na ya Allah ya Rabb ya Karim ya Rahman ya Rahim,,,🙏🏻",@R.A_Berkah,0
Kalau mereka bilang kt SDM  rendah. Belum tau aja,@WatiWati-h9b,0
Kapan live om,@muhammadafifhaikal8962,0
"Perang ekonomi global, Indonesia pasar konsumer dan produsen yg sexy di dunia.....calm down brooww.....dunia butuh Indonesia that its....Mereka maunya beli MURAH Indonesia.....🤣🤣🤣🤣🤣Harga diri Bangsa Indonesia lahh....",@lestarirumahmakan9445,0
Rating korupsi maksudnya..,@tubagusramadhan182,0
"Memang bener semenjak pembratasan korupsi....semakin kesini byk musuh....dan musuh itu ya itu rombongan oligarki.....
Makanya semua  buat para kalangannya pemerintah....lebi waspada karena di belakang masih byk orang yg akan menjerumuskan pemerintah...Bakan dia berani membayar untuk melawan.....jdi setiap aparat TNI polisi Bakan pemerintah serta rakyat....mari bersatu supaya negri kita jgn ada orang oarang yg jahil kekayaan alam....yg memperkaya orang oarng penghianat...mari bersatu membantu negara.",@cat_three99,0
Sedih Indonesia kalah sama Malaysia soal reating msci,@fundamentalnumberone,0
"#BennixGoblok
INILAH ADMIN GOBLOK WARGA INDONESIA YANG SERING BIKIN KONTEN BERITA HOAX SERTA FITNAH TERHADAP MALAYSIA SELAMA INI!! MALAH WARGA PINTER INDONESIA SUDAH UNSUB KANAL MILIK ADMIN GOBLOK WARGA INDONESIA INI KERNA ADMIN GOBLOK WARGA INDONESIA INI CUMA CARI CUAN AJA!! BUKAN MENGAJAR WARGA GOBLOK INDONESIA INI PINTER SAHAM!! GOBLOK NGAK JADI WARGA NEGARA INDONESIA INI?",@MohdYatim-i8z,1
Msci itu badan rating palsu dan tidak kompeten dan banyak mafia makanya jgn percaya lagi sama MSCI lagi tapi buktikan sendiri jika Klian berinvestasi,@arkan_2_1,1
Kalau indonesia baik-baik saja kenapa harus takut di downgrade? Katanya bangsa besar yang ga takut kekuatan asing? Kenapa khawatir pihak asing  memberi penilaian negatif. Ekonomi kan kuat ga tergantung asing. Kenapa ngeluarin surat utang dari danantara katanya model temasek. Setahu saya temasek bukan berhutang tapi investasi dari kelebihan dana yg dimiliki negara. Kalo ekonomi kuat ngapain cari utang sampai ke cina?,@solmokompo,0
"Edukasi mengenai informasi wajib diajarkan di sekolah. Metode ini bakal berguna juga membuat masyarakat lebih awas. Satu juga yg pasti akan nyambung dengan edukasi itu, efeknya jadi lebih bertanggung jawab thdp apa yg di omongin, dan ini salah satu pilar penting buat pemimpin2 masa depan.",@LeiteFrandale,0
Tempe bacem media penyokong LGBT 😮,@dodipriyanto-e7i,0
katanya dulu donald Trump juga main curang dimana perusahaan yg dia bikin bangkrut bersama investor. sementara keuangan pribadinya meningkat pesat   bahkan berkali kali pola yang sama dia pakai untuk kekayaan pribadinya.,@budiberseri5685,0
Di Asia bursa efek indonesia cuma kalah sm 2 negara...1 cina..yg ke 2 mungkin singapura yg bentar lagi hancur,@dwiduwok1496,0
Setujuu... Mereka antek antek Singapur yg jilat jempol kaki.. nya sampe kinclong dsr penghianat😬,@Bebegigg,0
harus diakui malaysia nomor 2 setelah China. okelah.. semoga regulator kita bisa memperbaiki lebih bagus lagi kedepannya,@ndutzyyman3319,0
😅😅,@BUMNnr,0
"Berita2 itu dibuat utk mendukung para pendemo
Jadi berita itu dijadikan dasar informasinya ..utk para pendemo teriak2 ..dan ternyata HOAX .. ??",@ednarsa-d8t,0
TRIMAKASIH BÀNG BEN PENCERAHÀNNYA....BIÀR RAKYAT INDONESIA PINTAR2 JANGAN MÀU DIBODOHIN SINGÀPURA TERUS......TERNYATA...SINGAPURA...AMERIKA...ISRAEL ITU PAKET KOMPLIT...UNTUK MENGHANCURKAN EKONOMI INDONESIA...LEWAT DOLLARNYA...KAPITALISME ITU BISANYA MENGADU DOMPA POLITIK2 DIINDONESIA BIAR INDONESIA RUSUH...BIAR INDONESIA KACAU.....RAKYATNYA BISA DISOGOK SUPAYA DEMO...MEDIA2NYA DIBAYAR SUPAYA BIKIN PROPAGANDA...BIAR EKONOMINYA LEMAH....KITA BARU SADAR....TERNYATA KAPITALISME SINGAPURA SENGAJA MENYEDOT SUMBER DAYA ALAM INDONESIA....IBARAT SINGAPURA ITU LINTAH DARAT...DARAH KITA DISEDOT HABIS2AN...DAN BENAR2 MEREKA ITU BENALU....DITAMBAH LAGI DISINI BÀNYAK PENGHIANÀT NEGARA MEREKA KERJÀ SAMÀ DENGÀN OLIGARKI SINGÀPURA.....DAN RÀKYAT INDONESIÀ  MULAI HARI INI SADAR ...YG SELAMA INI DIIII. BBBBOOOODDDOOOHHHIIIINNN SINGAPURA...,@UjangNurhanudin,0
"Rudal Aja kantor MSCI kan punya Rafale..... Kasih paham yang tegas,ini loh negara besar klo ngamuk 😂",@Hadiprayitno.7,0
"Intinya kalo kalian percaya Tempo, fix kalian aneh😂😂",@dhermawan3586,0
ikan hiu makan permen karet msci!!!!!!........ tolong terangin dong bang bennix,@sst9789,0
"Indonesia sedang dlm msa transisi reformasi ekonomi wajar bila tengkulak kaget,,tinggal adu kuat-kuatan aja,tapi yakinlah bila kita sukses melewati masa transisi ini yakin Indonesia akan lebih cepat berkembang",@fajrimuhani2710,0
Anjing peliharaan lhon pororo,@anditonianditoni6323,0
Indonesia gelap gelita..,@redmiredmi4801,0
"Coba bahas propaganda LGBTQ yang marak akhir akhir ini sesuai prediksi bennix, coba buat vidio khusus menjelaskan ada apa sebetul nya.",@udanggorengtepung123,0
Truskan ben aku suka,@SigitAisah,0
"karena kontem kreator sekarang jualannya trafik, jadi konten yang rame itu saat ini yang nyinyir2, jangankan memuji pemerintah, bikin komentar netral aja gak bakalan laku. semua harus insecure berjamaah, kalau tidak insecure akan di cap buzzer pemerintah.😅",@jendralsarap1616,0
Fitnah dajjal akhr jaman udh pst..,@UcokBaba-n8p,0
Apa gak bisa di tuntut media luar yang memberitakan  hal buruk dan tidak benar,@JamilUdin-p1h,0
"Semoga Prabowo dan DPR nonton bennix, biar Dirut BEI bisa bekerja dg target presisi. Jangan diberi kuasa besar tapi tumpul eksekusinya. Keren si Bennix, gacor habis deh.",@techkings1034,0
"George Soros berak aja, indonesia guncang

😂😂😂",@jacklesmana2833,0
Kapan live om? 😅,@riokurniawan1875,0
Terimakasih bang Bennix compare dan ilmunya .Sangat mencerahkan dan membuat semakin pintar rakyat Indonesia,@nimatulhady6671,0
kesempatan buyback besar-besaran sebenarnya,@bedhenis,0
"Cerdas lo bang, all In konglo besok serok bawah...",@thoriqguruPJOK,0
Otak otak jos Soros,@KusnanKusnan-os7wm,0
dia mah postingannya negatif terus yang di post,@Raff789,0
Tempo Hadir😅😅😅😅,@Pathur-i7d,0
pemerintah harus buka mata bukan tutup mata jangan main di belakang.,@SelvioktaDanis,0
"Cuma ada 3 kemungkinan yg kira"" Orang tolol yg tinggal di negaranya sendiri tapi malah menggaungkan down grade saham di negaranya sendiri.
-ga main saham
-duitnya liau dibawa kabur emiten Abal""
-emang udah kerjaannya karena dibayar oleh kelompok",@RikipongCahya,0
mengapa  byk yg ikut menjelekan ?karena sudut pandang yg sempit.semoga jaya Indonesia,@clecs1861,0
ah...media singapura...masuk akal,@_unknown123.,0
Bukannya emang algoritma di internet itu lebih naikin berita2 buruk tentang pemerintah ya?(Atau mungkin in berita buruk in general),@irsyaadkenway,0
"Orang yang seneng berharap indonesia gelap, indonesia bubar itu orang goblok penghianat bangsa ahli neraka jahanam...",@Sayanganak-2605,0
Mereka di bayar trilyuner,@bintangbara9743,0
"Asia biggest: 
1. China..
2. Singapura 
3. Indonesia.. ❤❤",@djakawitaya2195,0
Wow makasih bang bennix ❤,@gioscani54fanggidae,0
"ORANG ORANG GOBLOG MUDAH DIPENGARUHI ISSUE SINGAPORE MENGENAI MSCI TERHADAP INDONESIA..

PARA GOBLOG DI INDONESIA BERBAUR DENGAN ANTEK ANTEK SINGAPORE  & ANTEK ANTEK GEORGE SOROS & IMF.

INDONESIA SAAT INI SEDANG MENUJU KEMANDIRIAN & ONE WAY ECPORT ATAS KOMODITI UNGGULAN YANG AKAN MENGUNCI SINGAPORE & KAPITALIS MIRING ( IMF & SOROS ) AGAR TIDAK SEMBARANG MENGACAU",@aguss.287,0
Waktunya serok,@renjorecap1995,0
Kemungkinan kedua dari Singapur atau Jepang,@ToniHC08,0
"19:09 Gila ya negeri jiran, jujur datanya bagus sih, ternyata mereka bisa dapet + semuanya no minus minus",@MikailNasution-g2w,0
#sellsingapura,@bryan-h9p2y,0
"Dapat kuliah gratis dr om bennix,rakyat awam jd smakin cerdas.Terima ksh ats ilmunya,suarakan terus tentang fakta dan data demi tegaknya NKRI yg makmur.sehat walafiat sllu",@ky_plenger,0
Yang ke 2 kalah dari MALAYSIA Wkwkwk,@jones1625,0
"PENGGANTINYA KHAZAKTAN
:text-green-game-over::cat-orange-whistling:",@dewatemplar,0
Akhirnya ada yg memberikan penerangan..  💡💡tq om,@F2PJFF,0
"Saat media Singapura menyebarkan hoax terkait rusaknya ekonomi Bangsa Indonesia, maka saatnya pemerintah Indonesia stop seluruh kerjasama ekonomi dengan Singapura.
Satu komando...
Merdeka... merdeka....🇮🇩🇮🇩",@dwisetiyawan9955,0
"1. China
2. Malaysia
3. Indonesia",@cerpen_animasi_ai,0
"Bsk kesempatan terakhir serok, tgl 24 stlh msci keluar n indo tetap emerging siap2 to the moon. 
Disclaimer on",@Kristianto-i7r,1
"Bubar karena habis oleh MBG dan kopdes.
Berisik bela pemerintah mulu",@JackThompson-j9w,0
"I ❤ Indonesia. 
Jangan dengarkan apa yg di katakan, tapi lihatlah kelakuan dan agenda yg ada di belakang nya.. 
👍👍👍😂",@djakawitaya2195,0
Memberi informasi yg benar sesuai data mantap👍👍👍 tidak seperti ketua BEM di sebelah bacot doang gede tanpa data,@iwansanif2536,0
2.,@djakawitaya2195,0
1,@djakawitaya2195,0
Banyak sekali influencer yang mungkin memang sengaja di bayar untuk membuat gaduh negara ini..,@GalangGilang-o1p,0
"GOO OPTIMIS IHSG OTW 10.000 
MENURUT DATA JUGA JUMLAH INVESTOR INDO TERUS BERTUMBUH..",@SambaraPB,0
bang rakyat gk konoha gk suka baca bang suka di dongengin😂😂😂,@Dinamika_Sport,0
"Hahahahaha ...mantap Mas Bennix 👍🙏
Omelin terus orang orang budek dan buta itu supaya ngerti..... Hahhaha",@DjokoPurnomo-j7v,0
bahas demo bang,@Samin-dn4wv,0
Kitasemuataubossengajaindodibikinpanik karenapenghasilansingapurmegabmegabjadi,@HariyadiPuerwanto,0
Sell singa rampok,@Mujianto-o6n,0
"yg bangkrut yg gelap yg nyungsep itu singapura dan malaydesh..indonesia di tangan pak prabowo berjaya sejahtera suasembada pangan dan energi,semua sda nya di hilirisasi..",@danielongko8286,0
"memang anjing orang itu bg, belum di kasih makan pur ayam,,,,",@easylife9550,0
Karena mereka tidak akan suka Indonesia lebih baik,@kukuhpriayadi3059,0
Secara langsung bagus untuk evaluasi bei .. Tapi secara tidak langsung mereka tdk akan membiarkan Indonesia mandiri,@dimawahyudiono4827,0
Selama orang orang baik berdoa untuk pemerintah dan Bangsa Indonesia dan pemerintah kerja keras suka menolng yang membutuhkan Tuhan tetap memberkati menyertai Bangsa Indonesia karena Tuhan tidak suka keributan,@murnimakesha8091,0
"Jujur saya pngn bngt konten gini lebih  banyak lg,,,biar seimbang sama konten"" yg  bisanya bikin gaduh Indonesia",@Jangkung79-h3z,0
"Setuju mas Bennix...
Jongos2 soros otaknya digadaikan..😂😂😂",@thohaalhuda,1
"Saya beli saham gak pedulikan itu asing , Aseng , asong, asung mau kabur / mau masuk",@masjack6772,0
Selagi orang orang baik berdoa untuk pemerintah dan Bangsa ini Tuhan tetap menyertai,@murnimakesha8091,1
"media2 dan para influencer dodol itu sengaja meyebarkan HOAX ... bersamaan dengan itu, dibuatlah demo2 brengsek dengan isu kampungan seperti menurunkan harga pertamax tapi lupa kalau itu BBM non subsidi ... bersamaan juga dengan berita buruk tentang market Indonesia di luar negeri yag bahkan dengan bregseknya singapur bikin tagline sell Indonesia ... orkestrasi yang jelas tujuannya kalau dihubungkan untuk menjatuhkan pemerintahan yang sah di NKRI untuk digantikan pemerintahan boneka bohir2 mereka ....",@asidharta,1
"Selama Masih Banyak Partai, Konoha Tak Bisa Maju dan Rakyat Akan Terus Diperbudak... Katanya Sih... 🤭",@MercuBuana-z9x9p,0
"Sejalan dengan tio mantan ketua BEM UGM dia bilang ""kalau Indonesia krisis seperti tahun 98 IMF tidak akan meminjamkan uang"" Kalau... tau darimana dia anlisa teknikal aja ga bisa, apa lagi analisa fundamental.. mata kuliah kalkulus aja belum tentu lulus.. sudah jelas sudah di briefing sebelumnya.. terstruktur masif ini seh.. kampret!!!",@manskin5434,1
"Selama Indonesia masih punya sda, selama petani kita belum bosan mengolah tanah, selama pedagang masih mau cari untung dan selama kepala keluarga tetap semangat menafkahi keluarga saya tidak percaya Indonesia bisa hancur..",@Payah-i2d,0
Lebih yakin Indonesia gelap sih,@navigasiin,0
lah bukannya pak bennix juga sempat singgung potensi indonesia ke frontier market?,@arsyad4492,0
"MSCI cm ingin bursa kita berbenah, tentang keterbukaan informasi. market kita terlalu besar kl di downgrade ke frontier market. optimis aja Q3-Q4 2026 IHSG rebound gaes.",@Studio-ji4dj,0
"Rupiah turun pasti karena ini sih om 😅😅😅

https://youtu.be/XKTBX9-pkRI",@Clipperindonesia1,0
"Mau bangkrut atau enggak kita tetap hidup di negara ini
Jadi mari kita jaga negara kita jangan sampai terpecah belah 
❤ Indonesia",@vogspeed,0
"Enggak apa-apa downgrade IHSG, yang penting saya bisa serok terus saham-saham bluechip yang membagikan dividen. Lagipula perusahaan yang saham bluechip bisnis sudah go internasional",@moch.arungsamudra,1
Peduli amat IHSG yg penting MBG & Kopdes harus terus jalan!!! Kalo perlu jangan 1T sehari tapi 10T per hari,@OkhiSafarudin,1
"Terlepas dari omongan Bennix itu buzzer pemerintah, saya org yg fokus dg apa yg Bennix omongin, dia ga selalu bela pemerintah, kalau kebijakannya mmg nyeleneh dia juga nge-g*bl*k""in. Justru dari Bennix sebenarnya kita belajar dari banyak sudut pandang, agar ketika kritik kebijakan kita bisa pakai cara yg cerdas.",@TheDodydydo,0
MSCI itu ormas preman internasional yang tidak punya hak intervensi pasar saham negara manapun kenapa Indonesia ketakutan pada MSCI preman,@BiroGani-g4k,1
Benix buzeer.. MBG dia dukung.. padahal itu kontrak politik... MBG terbukti ladang korupsi... Jangan percaya kata dia,@YoungLack-m8l,0
Jika ingin mendapatkan informasi tentang investasi yang factual dan perkembangan ekonomi menurut saya Bennix paling tepat. Informasinya valid dan prediksinya akurat.,@Kusumo2166,0
Orang yg berkeliaran cm bikin rusuh aja ternyata bnyak nitizen asing sengaja nkri rusuh 😮😮😮,@cholis.6770,0
"seneng kali si goblok ini sama investor asing, kapan mandirinya kita otakmu gitu ben2",@jibrilagung,0
Dasar penjilat zionis,@bryan-h9p2y,0
Kau penjilat zionis bangsat,@bryan-h9p2y,0
Kau tu penjilat zionis,@bryan-h9p2y,0
"Mantap bang Bennix lanjut.....,👍👍👍",@gamerl9484,0
Jongos jongos asing berseliweran di negeri ini...mereka menginginkan pemerintahan prabowo hancur...salah satu cara..memberitakan kabar bohong....yg berasal dari singapore....apalagi ada berita kalau perdana menteri italia menolak kedatangannya prabowo...wah..wah...gk boleh datang gk madalah..ke perancis disambut dgn meriah..ke belanda..ke rusia juga sama....yah mungkin karena export satu pintu yg dicanangkan pk prabowo.....katanya prabowo tidak pro rakyat......,@soebarto2025,0
Berantem sesama Indonesia tapi menjilat ke aseng 😅,@basdol,0
"Penyebaran hoax oleh media seperti Tempo, itu perlu diproses hukum.  Media tukang penyebar hoax, fitnah & pemecah belah bangsa.",@randypea.official,0
media sebar hoax biar mau nyerok doang pak wkwkw,@mfarissestiyodha2110,0
Hmm nampaknya media asing tempe bacem dan anjing2 peliharaan G soros ini butuh MBG juga biar IQ nya ga jongkok di 50 🤔. Ya minimal naik ke 80 sdh lumayan sepertinya 🤔,@putufandy9490,0
Memang banyak penghianat di Indonesia,@hilyatul_ainchanel9954,0
"Walaupun menurut bang bennix indonesia masih bagus, tapi barat menganggap indonesia membangkang dan harus di rusak bursa efek biar hancur negaranya 😅",@Asterisk-27,0
Yang gelap itu isi kepala org yang.... ??? Lanjut kan!!!!!!,@rawingshag9439,0
MSCI cma kritisi IDX kalo diperbaiki ya positiflah  IDX .... INGET IDX MASIH LEBIH TRANSPARAN DAN BEBAS dari negara asia lain .... cuma kita gampang kena sentiment negatif bukan  nurut sama data yg BAGUS dari MSCI .... INGAT INVESTOR EKONOMI.... GLOBAL MAUNYA LIBERAL TRANSPARAN itu maunya investor asing....,@catsrandomfunny,0
penghianat bangsa mana seneng dibeberkan fakta begini,@tuanmudo7324,0
Memang Anjing Antek AS di Indonesia ikut memprovokasi buat kerusuhan termasuk si Anjing Yaman Bangsat BusEdan,@charleswiggins83,0
Indonesia adalah surga dunia . apa aja ada d Indonesia . tanahnya subur . semakin kalian mau hancurkan Indonesia . semakin maju Indonesia .,@Agustriady-s2y,0
"Kebanyakan media di indo penghianat bangsa,demi cuan pribadi,",@AsmaniAs-y2u,0
"BERSAMA KITA KUAT
MAJU INDONESIAKU❤❤❤",@rafliunsan6620,2
Full pengkhianat bangsa d indo,@tarmidzidaud1934,0
Anjing soros itu...si Tempe ???🤔,@andida01,0
jilatt teruss 😂,@prewok2512,0
"Klo digambar ttg Bursa,,kyk nya diserang nih pak Purbaya 🤣🤣🤣🤣🤣
Pak Prabowo alias Gemoy pasti ketawa² nih di Pojokan akibat para kelakuan ologarki bodoh🤣🤣🤣",@davidsimarmata1076,0
"mental sangat berpengaruh terhadap perilaku orang untuk investasi, dan mental tersebut dikendalikan oleh media...",@DombaSesat,0
Indo kalah sama 2 negara ini CHINA & TIMOR LESTE,@MoazzamTVN,0
mulailah belanja di pasar tradisional agar mereka bisa mempertahankan hidup bukan jadi kaya,@yansanggara1943,0
Mahasewa antek Singapura,@Tiyung-r4r,0
Saatnya beli saham perusahaan BUMN yang banyak diskonnya,@PeternakDomba-ul9px,0
"Nah ini nih, om Bennix emang Buzzer Ibu Pertiwi",@Caesar_Maulana,0
"Buy, kapan lagi beli saham blue chip murah 😂",@donjoe2694,0
malaysia kah,@nizam_TA,0
Mantap ini infonya.. Sangat bermanfaat..,@bss1229,2
Indonesia mandiri 🎉dan Indonesia bangkit 🎉,@ihsansutanto1280,1
"Ini mah kemungkinan besar bakal di Tunda dulu 🤔🤔🤔🤔

Sambil nunggu arahan ""Bos"" nya 🙈🙈🙈🙈🙈🙈

Pantau aja terus Emiten Income USD Expenses IDR

Pasti Emiten Himbara cuekin dulu kan?",@hendrywijaya1017,0
Sikat terus bang...jos...kasih paham pantang mundur bang benix,@DonjuanJuan-q2f,0
Media2 yg menyebar hoax itu core bisnisnya memang membuat berita hoax. Mereka sudah terima bayaran dimuka utk memproduksi berita hoax,@inoekertapati9294,0
Mang dasar media media dajjal itu.,@adeindra658,0
"biar bisa serok murah, klo udah serok murah mereka bisa cuan dan bisa kendaliin market kita. so jangan mau kalah",@davidsusilo,0
Yg ke 2 kalah Bursa Indo sama Malaysia...!!! (Nyebeliiiinnn) 🤣🤣,@helmiawaiy9255,0
"Banyak influencer bajingan di luar sana yang demi bayarin nyebarin berita ngga benar dan jelek, perlu orang seperti bennix untuk menyeimbangkan keadaan",@ngadiminsim3244,0
Buy Indonesia!,@rifki_-wf5ie,0
"Alhamdulillah kalau fakta nya demikian. Semoga pemerintah BISA  mengkomunikasi kan nya dengan baik, asyik dan santun, agar mereka2 yg Gedeg tiap pemerintah bilang negara kita baik2 saja bisa sadar. Selain itu juga kita harus lebih fokus pada poin2 mines MSCI (berpikir invert) gimana caranya kita downgrade, biar segera cari solusi utk mengatasinya 
 🙏",@abiel9501,0
Efek dari koruptor merajelah di Konoha..,@castell1183,0
"Udah demo ber jilid jilid, setiap daerah dari mahasewa trus rupiah anjlok, IHSG naik dikit,mantap deh cobaan Prabowo,efek dari melawan oligarki dan mafia,semoga kuat deh Prabowo dan para menterinya",@paksuyud3902,1
Indo kalah juga dr bangladesh.uang mereka lagi tinggi dr rupiah😂😂,@daektrown,0
tx bro nt sdh ksh pencerahan,@dwiaripriyastono9415,1
Kok.asing ikut keluar ya,@ahmadarifafandi454,0
"Antek² pura²singa bergerilya, pastinya.. 😂😅",@hazhurhoanadza,0
"Redaktur tempe dan kompos suruh sering minum susu MBG biar pinter dan IQ nya upgrade, nggak jadi antek Soros dan mafia rente singapur🎉😂😅",@FitriaWinata,0
"Selamat malam semua,media2 kazastan yg di pikir kan hanya cuan dan cuan sj,nggak seperti media2 negara lain yg taat ke pd pemerintah,seharus nya media yg di kazastan harus nya negara yg menghendel,terus kan bang memberi kan informasi yg benar ke masyarakat nggak,biar masyarakat nggak dlm ketakutan,tetap semangat,optimis,slm sehat semua,slm cuan dan sukses selalu",@EraEra-qz2be,0
Siap2 cash agar nanti kita bisa bagger lagi pak,@edirawi7454,0
"Dulu si beninx bilang dolar naik terus baik, sekarang bilang MSCI down grade bagus juga. Ni orang keliatan buzzer nya gak liat dampak negatif nya",@abisuryap219,1
"Indeks pingin naik.. persulit lah media"" informasi tanpa datased valid.. dan permuda media yg mendidik

Terutama dari youtube",@MustofaSamsul,0
"bang benix tolong pin.

mahasisiiiisiiii tahun kemarin demo. projek 20rb megawatt Pak jokowi dengan dalil. salah satu program Geotermal di Gunung Slamet merusak alam.

padahal geotermal adalah sumber daya pembangkit listrik paling ramah lingkungan.
dan akhirnya projek Geotermal batal.

dan hari ini,, krisis energi.. mahasisisisisisii menyalahkan pemerintah.

sadar ga sih, mereka itu 2digit doang.
pantes jaman gw lulus grade IPK buat masuk PT KAI cuma 2,75 untuk PTN. skarang minimal 3,5 untuk PTN.

seburuk inikah IQ kita",@adityahendry,1
"Dulu Cina juga di perlakukan sama, lihat hari ini keadaan Cina :trophy-yellow-smiling:",@paperplastikguy8728,14
"Tonton podcast Astronacci ttg konspirasi pihak asing yg ingin mengacaukan Indonesia.
HATI-HATI dgn pihak asing (USA & SEKUTU ) yg ingin mengacaukan & mengadu domba Indonesia, TERUTAMA SINGAPURA, karna kebijakan 1 pintu bikin cuan Singapura hilang",@TanDody,0
"Hoax,nanti mereka balik kok",@edirawi7454,0
cuma bennix yang maki2 tapi bikin pinter wkwkwk.,@dwidesain5562,0
"Banyak peserta aksi demo tidak pernah bertanya mengenai isi rekening korlapnya. 😊
Mungkin dikira para korlap itu manusia suci semua.
FYI, sejak menjelang Reformasi 1998, aksi demo itu sudah jadi bisnis tersendiri. Tarifnya mulai dari puluhan juta hingga milyaran rupiah. 😊
Sungguh naif para mahasiswa yang gak paham itu.
Pernah tanya gak, kok tuntutan UU Perampasan Aset hilang dari aksi demo sekarang? 😊",@hakeemdj368,1
Itulah proxy ekonomi yang sesungguhnya dari embargo negara maju untuk menjatuhkan  ekonomi rantai pasok Indonesia,@E-ARTV,0
"Apa iya, katanya asing saja banyak data bps sudah tidak percaya akibat banyak beda data perhitungan asing",@NadiaHut,0
tarik napas dulu om..,@dijass431,0
AING PERCAYA MANG WOWO DKK....ASING2 GAK RELA KALAU INDONESIA MANDIRI...KARENA GAK ADA YG BISA D PERBUDAK LAGI OLEH MEREKA,@gastonchannel3818,1
"00:22.. klo bubar, udah pasti. Knp krn suka ngutuk negara orang, bahkan pro palelolistin triak2 genosid negara orang lain.. ingat sejarah palelolistin, negara gak ada, bahkan dikitab suci manapun tdk ada satu katapun palelolistin.. nazi bubar, romawi bubar, bentar lg perlahan2 konoha.  Kecuali, ada kecuali, cuman satu, minta maap.

Dan satu lg. Yg suka triak2 ini salahnya soros, itu settan nya😅😂😅😂..
Nama nya settan, pasti nunjuk org lain, elu settannya. Padahal settannya ada didlm.😮😮",@Nusantaraberjaya-t4o,0
"Cuman mau tanya , ada ga yg perna liat porto orang ini",@rahmathafizh5574,0
Nontonnya jgn setengah2 bi 😅,@anwarwahudin,0
Kalau mau seperti Cina perlu ubah sistem dari demokrasi ke otoriter dulu.,@mypetora,1
Telat 😂,@left4014,0
Ngmng pake pantat,@left4014,0
Join seminarnya ntar lu tagih portonya simple😂,@left4014,1
Memamng indonesia ini kurang tranparasn apa lgi maslaah pajak.,@agusapriliana6329,0
"Trimakasih om bennix, selalau mencerahkan.... Semangat dan maju terus om...",@Coba2x,1
"Bagaimana tanggapan lu bg, soal demo yang terjadi sekarang?",@Baskoro-d2h,0
prabowo ckp 1 periode,@setanhalus3436,0
Banyak sekali akun-akun dari singapura dan malaysia yang menyamar/menyaru seperti orang Indonesia dan senang sekali komentar negatif semua berita tentang Indonesia.,@IjazahAsli_KW3,0
NKRI ❤❤❤❤❤,@WidhyAdnyanaWidjaPutra,0
"@Benix .lawan indonesia maju. DPR  DAN MAPIA LUARNEGRI . 
😂😂",@opekun6963,0
Kita sbg org yg waras harus jeli dan benar mendapatkan informasi yg benar.. Karena indonesia skrg sedang diadu domba asing dan mafia utk ngancurin indonesia ditambab byknya penghianat bangsa yg terima duit mafia dan asing buat ngancurin pemerintah agar mereka tetap bisa ngeruk kekayaan indonesia.. Bennix adalah salah satu panduan bagi kita yg waras dan cinta dgn NKRI..benix punya jiwa nasionalis indonesia dan sangat cerdas....❤❤❤❤🎉🎉🎉 benixx sangat cinta indonesia,@SudiroLancar,0
"Selama Russia & Tiongkok masih berdiri kokoh, Insya Allah Indonesia aman2 saja",@alparslankhaan1071,1
Wartawan tempe bacem kok berita nya Indonesia kok gak ada bagusnya sama sekali ya.,@SuhaemiAja-d7b,0
Bennix crita emang lucu banget aku suka critanya fakta and nyata😂😂👍,@SulastriBoby,0
"si moncong merah bikin isu negatif supaya mahasiswa rusuh. coba kalian cari di google yg banyak terjun usaha di export itu kebanyakan partai mana sih. karna kebijakam satu pintu, merekalah yg kepanasan yg usahanya di bidang export. bagi mereka kebijakan satu pintu ini bahaya.",@nisalgiandarma8137,2
"Katanya ihsg ambruk tapi
Adro,Astra,antam tetep kokoh sahamnnya padahal aku udah mengintai sejak lama untuk masuk😭",@zetzetblackcatpirate9423,1
Ini baru berimbang baik dan buruk dikatakan apa adanya,@serenamonika92,0
Volume perputaran uang di bursa saham Indonesia berbeda dengan di negara-negara barat yang sektor keuangannya lebih besar daripada sektor riil. 😊,@hakeemdj368,0
"Gak suka indonesia majuu.
Biasaaa 😂😂😂😂",@rizkyriza9114,0
Indonesia salah satu negara yg tidak percaya pada lembaga msci,@yosotanaka269,0
"Benix yang fair lah....
Jangan hanya menyalahkan pihak lain.
Bukannya introspeksi diri kenapa market Indonesia crash.",@Robs-e2h,0
"Pajak mau naik, listrik naik, sensus rumah buat pajak naik, bilang aja gak becus kelola sumber kekayaan, utang tambah, pabrik pasa mau pindah ke luar, preman bejibun mulai dari kelas cere Sampenberseragam, , sembako naik, padahal minyak sawit kaya, gas kaya, batu bara tinggal keruk buat rakyat aja alasan pajak listrik naik najisss dah wowo tambah rusak",@adinda_khairunnis,0
Harusnya rakyat Indonesia lebih cerdas dengan lebih banyak menonton acara2 seperti channel bennix,@DaengAngkasa,0
Para pemain sepuh itu yang pegang sahamnya 😊,@hakeemdj368,0
"​ @hakeemdj368 iya kali ya, jual alphar beli sahamnya udah gk pusing mikirin pemasukan, devidennya gede😂",@zetzetblackcatpirate9423,0
Saya Suka Heran kenapa ya banyak Orang indonesia sendiri Yang Notabennya hidup dan makan  minum di tanah airnya sendiri  tapi Masih aja ada Yang kadang benci banget Sama Negaranya sendiri dan Sangat Pesimis Memghujat bahkan Seolah olah sangat mengharap Negaranya sendiri Bangkrut' Miris banget ya,@HOBYDOLAN828,0
Sangat membantu imformasinys muantap  bang benix👍,@SameTarenyok,4
"Ben bahas dong akun"" sosmed universitas kok banyak banget Indonesia bangkrut sama Prabowo harus di lengserkan 😂",@tsukasaX-2,1
"Bang benix pembahasan nya detail dan gampang di mengerti dan apa yang di sampaikan menggunakan data, bang saya request dong pembahasan soal akhir- akhir ini ada pemadaman listrik yg menurut MBG ( mas Bahlil ganteng ) tercinta, bahwa stok batu bara kita menipis, 
Yg perlu kita tahu, apakah stok cadangan batu bara pln yg menipis apakah selaras dengan produksi batu bara perusahaan swasta? Apa yg menyebabkan produksi menurun atau apa yang menyebabkan pln stok BB nya menipis? Apakah ini ada hubungan nya dengan ekspor 1 pintu, upaya penghianat bangsa melawan pemerintah?",@DuniaMainGame,0
"Harus Diperiksa Profesi PENUNJANG Bursa Yang seperti KANTOR AKUNTAN PUBLIK (KAP), PENILAI PUBLIK, KONSULTAN PAJAK dan KONSULTAN HUKUM.......

AGAR TRANSPARANSI DARI LEBIH BESAR LAGI....",@syahrizalmusa99,0
"enak banget ya voc reborn sontoloyo, mafia candu voc nhc, kapitalis anarki liberalis bego-begoin indonesia sak udele dewe, parah bener voc reborn betul-betul anti indonesia maju, anti indonesia merdeka",@sholihman,0
Semoga koruptor di hukum mati di negri tercinta ini,@saqqof2122,0
sell singapura,@wahyumarandikawahyu8575,0
KALAU MEMANG INVESTOR CABUT DARI INDON MAKA TERIMA FAKTA AJA LU.  SELL INDONESIA ITU MEMANG SEHARUSNYA KALAU PARA INVESTOR MAHU MENYELAMATKAN KANTONG SAKU MEREKA DARI SYSTEM BEGAL DAN PUNGLI PEMERINTAH INDON. LU MAHU JADI INVESTOR DLM NEGARA LU SILAKAN GAK ADA IMPAK KPD NEGARA LUAR.,@ambanganheightskenangahome,0
BENNIX konten paling mencerdaskan 😂,@SULZERS_1562,0
"1. China
2. Malaysia
3. Indonesia Om:trophy-yellow-smiling:",@NN-ly2in,0
Sehat selalu bg bennix,@gogo0760,5
Allahu Akbar Indonesian,@RizkyKikux,0
"https://youtube.com/shorts/FvlqZUdOQw8?si=jdehNME3b44OXMyh

Kalian harusnya nurutin tiyo anak UGM itu, katanya dulu 98 kita masih bisa utang IMF sekarang udah ga ada harapan utang ke IMF lagi 🤣",@1988ferry,0
Bangkitlah negeriku Indonesia,@KhoirulNgisom-nh5tw,1
"Masih aman aman aja .
Yang bilang indonesia gelap orang stanting .ngga kebagian MBG.",@undraywyt4115,0
Laa media2 k4mpr3t itu mau membentuk opini publik buat mengganggu pemerintah,@alfafamily6123,0
Media  yg kerjasama sama asing blokir aja berbahaya bagi ekonomi,@ujisusanto8599,1
Bro lihat chanel jiran isinya fitnah dan propaganda seperti biasanya MALAYDESH NGEGOSIP RUPIAH DI ANGKA 18.000 DAN IHSG JATUH KE DALAM BANYAK CHANEL DARI MALAYDESH YG GOBLOK TANPA DQLATA DAN ITU CHANEL TERPERCAYA BUKAN CHANEL ABAL2 ITU KOAR2 GILANYA MALAYDESH LAGI JATUH DI MAKRO EKONOMI TAPI BERGAYA NAIK TINGGI PROPAGANDA ..KACAU ITU NEGARA PADAHAL BETAS AJA MAKSA MINTA TTP SOMBONG TUH MALAYDESH,@WiwinerSirk-y7r,0
"saya sangat setuju klo Indonesia bubar,bubar kebodohan nya bubar kemiskinan nya bubar koruptor nya dan bubar penghianat penghianat bangsanya aamiin",@kunaenahenah2265,0
"Kalau perusahaan tetap bagus, = Turun Harga saham faktor luar ( Bukan nya lagi diskon besar saham nya BG )..",@hdmoviecinema6909,0
"SIAP SIAP IHSG AKAN TURUN KASTA KE KE FRONTIER MARKET DAN AKAN TERJUN KE 3000, RUPIAH JUGA AKAN TEMBUS KE 20 RIBU",@OXOOOOOO-o,0
Memang kalau anjing menggonggong bikin suasana panik dan kacau.....mantab bang Ben infonya....,@masagro-j3d,0
Gara2 asing IMF cari cari alasan untk merusak market melalui MSCI 😂,@fadalan369,0
Serangan dari dalam dan luar apakah Nusantara akan menang? Mana nyalimu..,@BangunDe5a,0
Media TEMPO akan adem ayem kalau presidenya Anis.,@manggala45,0
Singapur laa,@veesy8867,0
Mereka pengin beli saham2 Indonesia yg bagus dengan harga murah,@WahabHasbulloh-l2k,0
org indo taunya msci gemetar keringat dingin mendengar kata embege.,@geledek-y6c,0
"Apalagi ga pake data bang ben pakai data aja mereka yg para pesakitan tetep aja cari2 alasan, makanya indonesia susah maju kalo banyak manusia DUNGU kaya gitu manusia pesimistis
#SALAMAKALSEHAT",@Geo_id-t3f,0
antek2 asing mulai menyerang karena Indonesia mulai berani menuju kemandirian,@dedyprasetyo2020,5
Pura  pura saja pro asing sedot  dana asing yg buat aduk aduk negara ini ambil dananya tapi jangan mau jalani kemauan asing,@BilalAkbars,0
"Yg menyebarkan hoaks adalah media bayaran. Indonesia TDK akan terjadi apa2 bahkan semakin kuat, merdeka.........",@FhatToni,0
peliharaan siapa bang hehe asal jangan bikin kaget seperti kemaren ada wajah pak Jokowi aku kaget ketawa nya gak bisa hilang 😊 sekarang memang harus jeli baca berita,@romina6907,0
"kenapa yg pro di sini tidak se vocal mahasewa? kenapa orang2 yg percaya ma ekonomi Indonesia tidak bisa menyaingi kerasnya suara pengkhianat bangsa? rakyat fomo cenderung ikut kpd mereka yg paling keras suaranya. demokrasi kita udah kebablasan, fitnah di anggap kritik. tak ada perbedaan antara kritik, fitnah/tuduhan.",@JpCoen-n1i,0
Perlu direpotmasi mediia KLW dia hoax di pidana supaya TDK jadi penyebar berita bohong,@Ramli8877-n9y,0
"Kerana ramai youtuber indonesia menghujat Singapura. Padahal singapura itu memberi hutang terbesar ke Indonesia. Tambahan singapura itu pusat finansial dunia di mana para investor seluruh dunia ramai berada di situ. Makanya demi ego, teruskan menghujat❤❤😂😂😂",@worldtraveller0725,0
"Bukannya memang pemerintah gak ada transparasinya dari semua baik daerah atau pusat, data data aja banyak yang gak ada,buktinya laporan keuangan DANANTARA aja gak ada sampai sekarang 😢😢😢😢😢😢",@zyanway3311D,0
"Iya pak ben , akhir2 ini indonesia makin kedistraksi parah.. 
Bahas BoJ dong pak ben.. takaici kalah nih sama kazuo.. tapi yen malah melemah..",@aldoirawan3329,0
"Kalo menurut ku kita harus s'lalu positif dalam berpikir karna Allah tau mana yang terbaik untuk Negara 🇮🇩 tercinta ini kawan jadi gak usah kemakan berita Hoax dari media"" seperti tempo & kawan "" nya",@andiearvins4982,0
Arahnya kesitu ya 😏,@aiim0319,0
"Berarti udah benar cara, kebijakan, program & sistem yang Indonesia jalankan ☑ 💯

Makanya mereka panik, ketar ketir, mencret mencret, bengek bentar lagi stroke.",@aiim0319,0
Boleh juga tuh idenya.,@aiim0319,0
Oke mantap setuju 👍,@aiim0319,0
Bang B3NIX THAHAJA INDONESIA.!,@renvilsekawan,0
Banyak orang yg gak mencintai negaranya sendiri gimana mau maju,@Redmi-n1t2t,0
Kolaborasi antara tangan2 asing dan para penghianat bangsa om ben.. tangan2 para iblis itu sdh sngt dalam menginfiltrasi diberbagai institusi di neegeri ini dan semoga pak prabowo mampu menghadapi semua itu..,@kucinggarong-sg3ex,0
Kenapa benix benci sama antek2  jose soros Singapur dll. Dari dulu Singapur kan besar dari mengisap  darah Indonesia. Pura2 gak tahu ya.,@YudiIrawanto-k4l2i,2
"Singapur ini butuh Indonesia, tapi selalu menjahati negara Infonesia",@Mama_vio,20
"Prabowo yang berbuat, George Soros yang dihujat
Sebagai negara independen serangan kebijakan asing pasti akan selalu mempengaruhi kondisi Indonesia karena itu stop  terus menyalahkan serangan asing dan fokus pada solusi untuk keluar dari kondisi ini. Sudah tau diserang kita harus pintar mencari solusi, dan buat kebijakan yang mampu menaikkan ekonomi.
Setiap kebijakan pemerintah bukannya memperbaiki malah terus memperburuk ekonomi. Stop MBG dan KDMP buang2 duit hanya jadi ladang duit pejabat dan petinggi militer. Coba duitnya digunakan utk pengembangan produksi dalam negeri jadi bisa mengurangi impor bukankah itu lebih baik, misalnya pengembangan kedelai, sapi, bawang putih, kilang minyak, produk kimia, metal dan lain-lain. Perbaiki sistem perbankan dalam negeri habis itu paksa tarik duit pengusaha Indonesia di Singapura balik ke Indonesia. Bukan sibuk ngurusin MBG, apalagi sampe ngimpor motor listrik sama kaos kaki.. negara receh amat",@agungkurniawan122,1
"Penyepong asing singapura doyan banget ngatain indo bang ben, kampret bener itu org² yg hobinya nyepongin duit asing",@mahato02,0
"Tanks bang

Besok bisa serok, smoga aja besok merah 🤣",@tv_q8933,0
"Kita scam aja bikin berita MSCI tidak kredibel ,abal2, tukang hoax dan sebagainya...katanya netizen indo jago...om bennix komandoin aja,kalo perlu kita bikin hoax balasan...kita hancurkan MSCI...yoklah dah geram aku😂 #mscihoaxnewsmaker",@bolabola_46,0
tempe bacem pendukung lgbt emng suka bikin gaduh,@mephisto9260,0
"mirip sm Tempo kacung nya Megawatot sukontol pukera, jongos nya si anu, karena si ganjar kalah😂",@ShilviaNurfaizah,0
"Gak mungkin downgrade ke FM , Indonesia nilai kapitalisasi nya sangat besar dengan hasil alam yg juga melimpah , Soros dan anjing2 anteknya itu yg harus di delete",@edoy5381,0
"MSCI membuat laporan evaluasi bisa jadi pake AI tidak berdasrkan fakta, buktinya singapura yang menampung uang koruptor dan Under voicing para mafia tidak di nilai negatif.",@noldidehi54,0
Ente ngaco propokator,@haznify,0
TEMPE BACEM TERMASUK MEDIA MEDIA PELIHARAN SORROS GAK BANG ?? KASIH FAKTA NYA DONG BANG BENNIX . . . TP EMANG SI TEMPE BACEM SELALU MENEBARKAN PESIMIS . . .😢😢😢 MOHON BUAT VIDEO PENCERAHAN UNTUK WARGA ZIMBABE BANG BENNIX TENTANG SORROS LG . . .,@DenaJuwita-q3i,0
benak tak terima kenyataan,@aldyomar1762,0
Yang ganti indonesia Banglades 🇧🇩 atau Malaydes🇲🇾 😅,@poetraperdoel-fk1ip,0
Asing dan antek2 nya gera kalo indonesia mulay menuju ke arah yg baik 💪🏻🇲🇨💪🏻,@uTun.miZoOo-h3s,0
mantap ....bos BENNIX👍🏻👍🏻👍🏻.... lampung - Selatan MENYIMAK....SALAM NKRI❤❤❤.,@SuryantiSutrisno,5
#SellSingaPoor,@punakawan1212,0
"singapura itu bukan apa2 tanpa RI, negara kecil PARASIT",@redz3y,0
"Emg babi aja sih kelakuannya, suka yg busuk busuk",@funfact1789,0
Karma berlaku,@muslihanhadi940,0
"Kita akan habisi mereka kalau refinery minyak bumi kita sudah jadi dan berproduksi. 
Selain itu pabrik semikonduktor juga sedang di bangun.",@sriyanto7388,0
X anda hadiiirr,@indracrb359,1
Hm,@petisjrofficial4536,0
"Gaspol pak Prabowo dan pak Purbaya, pak Amran ganyang asing dan antek²nya, bravo duet double ""P"" dan ""A""!💪",@punakawan1212,2
Semoga Indonesia bisa menghadapi pengkhianat2 bangsa,@daswaryangpunya3958,10
NKRI harga mati,@pujiantoro9988,1
😂,@pujiantoro9988,0
Benix ini nampaknya silet bermata dua.,@rogaone4253,0
"Yang lebih lucu lagi itu kalau yang komentar itu sama sekali bukan Investor yang punya saham😂😂😂😂😂. Kadang kita lupa kalau yang komentar di medsos itu boleh jadi usianya masih dewasa tanggung 21 ke bawah.

Ke frontier market😂😂😂ya nggak lah.",@tamapurba82,1
Semakin mahasiswa nya koar koar 😅 masak demo kok gak ada tujuan tuntutan nya,@BusanaHijabJilbabCantik,1
No 2 itu Alaysia yah bang ben? 😅,@muhammad-rizal,0
Doa ku supaya market merah biar bisa nyicil terus harga diskon😊,@fatahhatta2687,0
"Saya ingat betul tahun 2022, kepemilikkan induvidual 1-2% dibuka dan kelihatan...Eh entah kenapa tahun 2023an, keterbukaan 1-2% ditutup ..Trs data transaksi sekuritas juga dituttup..Memang pantas negeri ini disebut negeri para Mafia...Blm lagi para owner busuk dengan leluasa melakukan IPO kembali..Dulu om Bennix membagikan clue para owner yg msk daftar hitam yg wajib dihindari...",@oppoajjawowo,80
Makasih bank Benix.... Sudah kasih informasi yang selalu valid,@PuryChanel25,11
Dirutnya ngk ada aurah positif 🤣,@toton-v8t,0
SAYA JENGKEL INGIN RASANYA MSCI ITU DITENGGELAMKAN,@jakakreative5243,6
nilainya bagus tapi kenapa bobot msci makin kecil di indo? dibanding india dll,@KokoPandaa,0
Anjing-Anjing Soros…. otaknya isinya Tempe Bacem… yang gak punya data.. fakta,@shemphakerrumbay,0
JANGAN SAMPAI MSCI DITANGGAGAPI DIA ITU HOAX,@jakakreative5243,0
Bei mmg tdak transparan.!!,@Ruwiw,0
"DARI DULU MSCI KALAU TIDAK MEMBERITAKAN HOAX TIDAK DAPAT DUIT MEMBAGONGKAN, SAMA DENGAN TEMPE ANTEK ASING",@jakakreative5243,10
"Dulu orang beli saham berdasarkan fundamental suatu perusahaan. sekarang orang beli saham, yang penting bandar goreng2 ritel BUY. pasar saham skrg sudah seperti pasar kripto, tanpa melihat fundamentalnya ditambah ex dirut BEI mengusulkan adanya short selling di bursa Indo. jadi memang ada unsur kesengajaan untuk menghancurkan ekonomi Indonesia",@LeonKennedy99-m3j,18
"1. Grup *a*rie (The ""Legendary"" Blacklist), 2. Saham-Saham Terafiliasi Kasus Jiwasraya & Asabri (Grup Heru Hidayat & Benny Tjokrosaputro), Grup Lippo apakah ini?",@sahdani14,16
"☺️ tenang saja, intinya buktikan saja kekuatan ekonomi Indonesia.., semua orang mudah bikin kata kata 😅, saya juga bisa kalau keritik negatif seperti mereka itu,",@INTROVERT-INTJ-w4g,3
"0,5% Emerging jatah Indonesia, India Korsel Taiwan China 20% an",@rendybengurion189,1
"""Bennix kurang pengalaman!"" kata Bu Gema Goeyardi.",@felixsulwyn4997,1
"Ya betul sekali, ini harusnya dijadikan momentum perbaikan bursa saham Indonesia! 🔥",@Bennix,22
"​ @Bennix 
Saham saham di luar negeri aj tertutup juga loh Ben. Gw pernah coba riset profiling kepemilikan tapi semuanya nutup pakai alasan asal asalan yang seolah dibuat logis. Wkwkwkwk

MSCI double standard nya kecium banget. Ke Indonesia pakai kaca pembesar tapi ke negara negara tersebut organisasi bego ini pake kacamata hitam. Bruakakakakak anjir

Mahasiswa kita yang rata rata generasi tahun 2005an ke bawah ini udah dikasi sekolah gratis di negeri pakai biaya pajak apakah pada jarang masuk kuliah, udah kena cuci otak, atau jarang mau berpikir kritis?

Lo berani bahas ga? 😂
Kalau selalu percaya asing ya terima nasib dijajah aja, emang aneh karakter bangsa kita nolak dijajah tapi percaya orang yang mau jajah.",@nihilita39,10
​ @Bennix apakah Indonesia butuh impor xi Jinping dan kim  jong un??,@satriapanca5107,6
"​ @Bennix bang, gimana caranya biar market mover jadi lebih terbuka dan legal seperti di amerika, bang, klo mbg bisa di korupsi bagaimana dengan danantara, bagaimana proses 1mdb dimalaysia bisa bangkrut dan dikorupsi?jangan"" investor asing juga lihat itu bang..bang sadar gk sih klo bangunan"" kita, tata kota kita sangat jauh dengan malaysia kalau dilihat dari citra satelit di google map..",@ditassaputra8020,1
Bukan msci nya tp media scamer nya,@robert2034,0
"Skrg musim scalping bang, klo ga ngikut bandar yaa jadi investor 😅",@hohojuventino9002,0
Nasib jadi ritel pok pok😂,@newbeegaming9334,0
Mana yg lebih bagus ? Gantian mati lampu atau gantian nyala lampu ? 😂😂😂,@san-tai2066,0
Baru kali ini analisa tehnikal tidak sejalan dengan fundamental.,@alabror6445,0
MSCI BANYAK ANJING-ANJINGNYA TAPI BIARKAN ANJING MENGGONG-GONG KAFILAH BERLALU,@jakakreative5243,0
"Bang Bennix, PM inggris mundur.",@FransIndroyono,0
yg bilanh konoha gelap itu biasa nya malaydesh😂,@ShilviaNurfaizah,0
"Gue jijik bang sama anj*ing2 media dan oligarki bangs*t yg bikin opini2 negatif bursa kita padahal ada datanya coba lihat ai masa sih jaman gini masih gobl*g ga tau kondisi market kita bang ben, bego masih mau dikadalin sama hoax2 bikinan anj*ng2 soros😂😂",@RafchalIskandar-c5d,0
Bentar lagi jd utusan khusus presiden... 😂😂,@atongdota7464,0
"Itu yang komen2 bukan semua WNI melainkan orang asing yang udah tinggal lama di Indonesia atau orang asing menerjemahkan bahasa mereka dengan bahasa Indonesia dan media2 yang didanai oleh asing, agar Indonesia TERPROVOKASI dan keos
Mereka mengkritik tapi ga tau batasan sampai telanjang",@mondypredator8771,1
"buzzer utj ancurin indonesia.
jayalah indonesia",@ShilviaNurfaizah,0
Asing suruh pergi aja lah. Kita yang penting lawan singapura. Ambil ribuan trilyun pertahun dari sana.,@katonbagaska8738,0
berarti saat ini All in……,@ahmadmuhammad-zt9xq,0
Maksh om edukasi nya ..jdi tdk terbawa narasi antek2 penyepong soros,@wahyuwibowo7469,24
Anjing2 koruptor braksi menjatuhkan indonesiA,@sakura-1032,0
Hanya Indonesia negara yg mau memakai pulau kecil di dekat negaranya  untuk tujuan dagang utama....,@sawitDail,0
Media cap kaki gajah di beli,@hermanherman8083,0
Penyebaran hoax mustinya kena konsekuensi hukum,@vania_aji9718,19
Makin kesini makin banyak retail lokal yang serok buangan asing. ❤,@majid.wildanun,1
"Jahat bener ya bikin fitnah , ciriin aja , lg lg singapura, orang indo banyak penghianat,",@NatoS-y4w,0
Anjing2 soros asal Malaydesh pun banyak yg menyiarksn tentang  MSCI mendowngrade indonesia...,@AfrizalAdnan-u4m,0
"Indonesia maju tak gentar, klo Indonesia bersatu apapun fitnahnya semuanya pasti nyungsep😂😂😂",@muhammadhidayat6355,1
😮,@muhammad-rizal,0
"Penyebar HOAX adalah netizen yang tidak waras dan sarat kepentingan, maka kitalah yang harus melawannya (netizen war)",@widiyantozaini752,1
"Sudah mau arah kesana, uu konten kreator tuh baru aktif kan. Bisa jadi alat buat tracking aliran dananya juga. Pancasila ke 4, kebijaksanaan termasuk tanggung jawab dalam berbicara dan menyampaikan informasi",@LeiteFrandale,0
"sekalipun di downgrade sebenarnya itu baik untuk investor ritel Indonesia, kenapa? 

1. lebih leluasa mencari saham dengan dividen dengan yield besar. 
2. lebih leluasa mencari saham growth dengan harga murah.
3. ada yang lain? 

ingat. hanya untuk investor ritel, bukan untuk trader cap kaki lima. 😁",@bagusnizam5088,1
"Indonesia tidak usah panik dan kuatir terhadap MSCI, 
MSCI adalah milik AS makanya selalu menebar teror ke Indonesia dalam hal perekonomian",@akhmadkholik147,2
"harga saham indonesia itu untuk kelas asia tenggara adalah yg premium, gegara isu msci jd turun wkkkwkkk but bakal otw premium lg 😂😂😂😂😮😮😅😅😅",@rilaxtime1769,0
Karna ... oligarki gak suka sama pak Purbaya ...gara gara gak mau pinjam duit ke IMF 😂😂😂😂😂,@PRIKARDO21,5
"Tidak akan, kalo di dowgrade brrti emg sialnya indo dalam agenda 😂",@arifmunandar6267,0
Bikin malu warga indonesia sendiri yg ketua negaranya omon omon tapi hanya tinggal janji omon di mulut sedangkan rakyatnya susah menderita.Bodoh amat sih pemerintah indonesia.Gak sperti Anuar Ibrahim yg sering berjumpa ketua negara lain buat rundingan perkuatkan ekonomi.,@JackoBrand,1
"Termasuk Pendemo kemarin, Teriak-teriak Mulu"" Indonesia Gelap""... Tapi emang bener sih pas mati lampu kemarin 😂",@bambangharibowo,1
"ya biar mereka dapet barang murah, ketika di dorong naik nanti, mreka cuan",@edo..11,1
Bennix the best investasi dan data,@TaniSembodo,1
dani dani,@정직한씨,0
Media TEMPEK jangan di percaya 😅,@wasyuanwasyuanto3172,0
"Mantap.
Menurut sy bursa saham merupakan salah satu instrument demokrasi mudah sekali org yg punya dana besar mempermain negara tujuan nya.
Maaf itu menurut sy.
Ke dua, coba dibahas tentang pasal 50A UU P2SK yg di sah kan 4 Juni 2026.
Katanya pencucian uang yg diresmikan oleh UU. 
Terima kasih sebelum nya bro Bennix.
Semakin sukses ya. 
Amin.
Apa benar bro Bennix?",@masnawisapar3145,0
Lha itu kan perang narasi.... perang hoax.... perang kekacauan....,@cpadmaa3padmanaba,0
"Bang Benix, Portofolionya Merah atau Hijau ya? 😊",@awilas-jj2je,0
Msci=occrp,@chozinudin5825,0
"sekurang2nya influencer itu,, membuka portofolionya yg minus, lu mana portofolio lu ben,,masa ijoooooooo",@yudhistirajo6899,0
"Bang mau tanya, si dadan babi, anjing, biadab ,tai itu termasuk antek soros bukan bang?",@gloryoigracelyn144,0
Hoax terjadi karena malas membaca laporan 77 halaman. Akahirnya yang memakan berita yang malam-malas itu,@maulcaem,0
bang bennix apakah IHSG bisa rebound?,@masterkombak7834,0
hiburan nonton om bennix merepet ngomel2,@keyaysatoh1271,0
🤣👍,@hakeemdj368,0
Penjilat yahudi,@bryan-h9p2y,0
Lo saja yg susah koar koar😂😂😂😂😂,@MawarBiru-q9i7q,1
"Bahaya sekali propaganda netizen,profesor,media tolol..demo bayaran...ingin indonesia gelap",@isharyadi4307,0
dimedsos banyak hoax buzer2 yg gak suka pemerintah....,@rhmt7314,9
Gmn ada keterbukaan? RUPS online aja dihalang halangi masuk,@neneklampir6664,0
IHSG mulai ngaca yuk...,@slametahmad5767,0
Keep cerahkan para umat ini bang... Banyak yg terhipnotis para anjing2 Soros nih..,@ranggareviella5999,0
Musuh Negara di Gerakan oleh Negara Singapura Malaysia Australia yang takut Indonesia berdaulat,@KaryaDarmus,29
"Semoga Bang Bennix ttp diluar kekuasaan. Biar tdk dituduh bajer.
Klo sdh msk kekuasaan pesan yg disampaikan jd gk sampe susah ditrm org awam.",@zigorpachulskov552,0
"BG benix, coba buat konten si Tiyo atau si bodoh yg malang",@AkunOppo-n8j,0
"Entah kenapa, Pak Ben cocok jadi Direktur Perdagangan & Pengaturan Anggota Bursa (BEI) ketimbang Walikota.",@ervyloam5603,1
BACOD SANGKUTER GOTO,@PamanStalin,0
4:30 Quotes of the Year !!!. #Bennix,@cipoygaming,0
Sukses selalu bg Bennik.....,@Rasca-w3c,7
Alhamdulillah prediksi para pengamat ekonomi independen menjadi kenyataan. Bennix sebagai buzzer rezim omon-omon semakin stres berat.,@SaijoRahmat,0
kita kalah sama malaysia & China,@JoTimothyZiv,0
"Kenapa? 
K A R E N A    D I B I A R K A N ! ! !",@adralia23,1
Udah boleh beli blum bwang?🐒,@johan109,0
JAYALAH INDONESIA 🇮🇩🔥,@akuberlian,52
Ini negara binatang nggak heranlah,@AndiLanting,0
Pokokny rumusny adalah smakin bnyk yg BERISIK artinya pemerintah sdg di jalan yg benar.,@dianardi6574,0
"NAH GITU BPK BENIX..HARUS DI JELASKAN SECARA DETAIL
PENCERAHAN NYA SANGAT BGS..JADI MEREKA MENGERTI
MANA YG BENAR DAN TIDAK",@DewandaSyahputra,1
Biasa. Barisan sakit hati bro.,@ThePalmbank,0
"Hampir semua media2 di negara kita kontra dg pemerintah,menurut ku channel ini dan channel nya prof Gema bagus,karena di samping mengkritik pemrintah,tapi juga memberi saran ke pemerintah,dan juga memberi idukasi ke masyarakat,nggak kayak yg lain hanya nyiyir dan menakuti rakyat sj",@EraEra-qz2be,0
si Refly harun 😂,@paperplastikguy8728,0
Krna sudah ada jadwalnya,@permen-gpp,0
Hukum di negeri ini yg bobrok kok nyalahin negara lain 😂😂,@ahmadmudawwam4659,2
"Negara lain fokus majukan negara, kita asyik nyalahin negara lain",@Abe_Die,1
"Lo yg bobrok otak nya..😡
Bukan nya ikut membela negara lo lgi di acak2, malah menyalahkan.. 
Dasar penghianat bangsa.. 😡😡😡",@DedyGhaza,0
Perusahaan2 jepang bakal kabur ke Vietnam.. PHK besar besaran bakal berlaku😂😂😂.. SELL INDONESIA..Inilah akibatnya sentiasa menyalahkan negara luar tp bangsa sendiri gagal mentadbir negara..solusinya cuma nyinyir tetangga.. Nye nye nye nyeee😂😂,@andrewtak8241,0
"Yup, Pernah dibahas sama Prof. Jiang Xueqin",@alparslankhaan1071,3
Biar pada jual mereka nampung,@MctyLylya,1
"Aku seneng gaya bang benix, selalu kampanye george soros...george soros.. antek soros..
Satu rangkaian dgn antek anjing2 peliharan soros...😂, jd bang benix meringankan beban negara untuk kontra intelegent lewat suara bang benix... lanjut terus bang semoga yg kuasa selalu melindunggi bang benix dan keluarga.",@slametahmad5767,0
"Goto gocap, asing gak bisa kabur 😂... Market apa dibatasin ke harga gocap...
Belom lagi fca yang kek juday itu 😂",@gagigugegogu,0
"Bang Benix buat lembaga retting dong, saya siap bantu risetnya.",@shirainfiryalqatrunnada1003,0
Pokokny rumusny adalah smakin bnyk yg BERISIK artinya pemerintah sdg di jalan yg benar.,@dianardi6574,0
"setahuku loh ya Indonesia itu yang paling transparan !! 😌
yang tidak transparan itu negara yang desh bedesh itu loh !! data-data pemain sepak bola aja di palsu !! apalagi data-data keuangan mereka !! baik-baik saja padahal bangkrut !! 😌",@brianrizky619,28
"Kalimat kuncinya
Mascl cari duit",@triyonogunan6703,0
Pokokny rumusny adalah smakin bnyk yg BERISIK artinya pemerintah sdg di jalan yg benar.,@dianardi6574,0
Ternyata Indonesia itu banyak rakyatnya George Soros... Kalau gitu jadikan George soros presiden RI & wakilnya Fufufafa... Tambah Indonesia kayak NERAKA JAHANAM.,@nanangturki4687,0
Demo mahasiswa yg bikin investor kabur kalian kah yg bikin Indonesia kacau,@faridafaisal2302,8
The best om benix,@reysandi4314,7
"""False flag"" dari singapura????",@HabibFahrullah,0
Nambah gemuk aja ben,@RiyadiYadi-li3gm,0
Buy Indonesia!!!,@dhiraqia20,2
Kesempatan masuk,@ferdiIbote,1
Tapi negara nya korea lebih Muju bang. Kenapa itu.,@KhanzaCell-q8k,0
"Betul kata bang Bennix kita jangan mudah dihancurkan sama media2 yg di luar sana 

Oleh karena itu saya sangat suka dengan channel seperti ini",@lndonesia-o2p,2
kita punya sgalanya tapi takut diembargo,@WAR_TAN777,0
Pokokny rumusny adalah smakin bnyk yg BERISIK artinya pemerintah sdg di jalan yg benar.,@dianardi6574,2
"BANYAKANYA PENJILAT DAN PENGHIANAT NEGARA.
JADI SENANG KALAU INDONESIA ANCUR",@antareja6367,0
"Bner, ganyang melayu, koar2 mau merdeka join malaydesh",@Nvernrmal,0
Indonesia PURA PURA TRANSPARAN kaya PINJOL 🤣😂🤣😂🤣.,@ridhoabud9216,0
"Karena saking terbukanya, strategi ekonomi indonesia jadi mudah dibaca antek antek asing.
Dan seharusnya jangan terlalu terbuka.
Perusahaan manapun begitu karena itu adalah rahasia demi kestabilan suatu perusahaan.",@TupankSweet,0
​ @TupankSweet ya gak masalah namanya juga keterbukaan !! gak seperti desh bedesh itu loh!!,@brianrizky619,0
"Karena JD antek mamarika, sama kaya Singapura, jepan, Australia, perpanjangan tangan dari barat(mamarika CS) untuk membendung pengaruh Komunis.. Makanya di jadiin negara maju biar kuat..
Klw negara kita cuma di jadiin sapi perah oleh barat",@didisyah54,0
👍,@Riskikurniawan-e3y,0
Yoii namanya juga nelen Pil Merah (Nerakanya Dajjal) harus berani mengambil resiko banyak yang berisik,@alparslankhaan1071,0
"Maaf bang, tempo itu media dari mana ya?",@primajada,0
Menyala bang benix🎉,@SarifHidayatullah-y4d,12
Penganut sekte waren bufet pasti suka kalo asing kabur,@fathurgodmanozzora8417,0
"Collab bareng prof gema dong, bahas geopolitik",@jonayfsd3909,0
Indonesia sudah di takdirkan akan menjadi negara besar dan disegani negara lain,@UdinDultulus,6
Karena Indonesia Rakyatnya Gampang di Adu Domba,@anggaeka1508,0
"Makanya mahasewa nggak produktif nggak usah bikin runyam kondisi..""ngejedog"" aja molor daripada bikin ulah..Nggak ada ssdikitpun kemaslahatan dalam demo TAI...",@xpdahh,0
Sayangnya Banyak      Orang Indo Jadi Budak Asing,@demasbansaleng2775,49
"Emg kupret aki² rivalny si bennix,koar² mlu ke podcast² tebar fear sama kaya professor penjilat si saksi ahli koruptor
Padahal mah berisik karna sama² kg dpet jatah kursi komut di BUMN sama ga dirangkul presiden dh cape² jdi timses nya😅",@IamDamRanDom,0
"kidnap all the Australian, Singaporean, and Malaysian paid mass organizations that disguise themselves in Indonesia",@blackwindows404,0
Semangats,@sahabatinvestor3622,0
"Bennix bahagia mendengan info ini
Turis Asing Pakai QRIS
https://www.youtube.com/shorts/CSjY8nUAEEI",@Nuurungji,0
tenang ... selama pemerintah masih di jalur berupaya untuk swasembada pangan dan energi ... mereka hanya ingin membeli aset2 penting dengan harga semurah mungkin.,@percetakansibas6030,1
Banyak saham gorengan om ... Investor pasti khawatir lah ... Segera ditertibkan para bandar besar penggoreng saham,@busanpadse,1
Indonesia menuju negara Maju...wujudkan,@salexa9912,51
BIN MUSTI NYUSUP KE BERBAGAI SEGMEN YG BERPOTENSI ANCAMAN TERHADAP INDONESIA,@Riosandria07,0
"Alhamdulillah, puji Tuhan, Indonesia punya om Bennix yg memberikan edukasi, tidak memihak, memberikan data yg berimbang, yg baik dibilang baik dan diapresiasi, yg jelek dibilang jelek dan memberikan alternatif untuk solusi.

Terima kasih om Bennix... SEMANGAT ya om Bennix dan tim, yg selalu memberikan informasi untuk rakyat Indonesia, yg berimbang, edukasi, dan mencerahkan... Saya khususnya, menjadikan channel om Bennix untuk mendapatkan informasi yg netral, edukatif, berimbang, apresiatif, solutif, mencerahkan 😍😍💖💖👍👍👍",@TriHarisusi,1
"Jangan dulu naik anjg ah, gw masih nyari poin2 yg pas, hadeuhhh, padahal gw ngarep turun dikit lagi biar enak nyeroknya. 

Bang minta bocoran dong kapan kira2 bakal naik lagi??? Ad yg gw incer tapi belum pas eung poinnya,",@MeiSusilawati-d6e,1
"Congormu nix bennix, msci selalu lu jadikan kambing hitam !!! jilat terus nix !!!! ngebet amat pingin dipakai rezim lu !!!",@pardisungkono,0
"mungkin karna mereka butuh mbg,makanya jdi towlol kyk gitu",@syarifhidayat387,0
Yoii barengan sama Russia & Tiongkok,@alparslankhaan1071,0
"Bahahaha...
Mimpi lu..
Selama masyarakat indo yang masih bisa di adu domba,,ga bakalan jadi negara maju.GA BAKALAN ..NEVER",@meryankorrin5182,0
"udah dari dulu banyak orang indo seneng jadi budak voc, jadi budak pesugihan mafia candu",@sholihman,1
​ @sholihman bukankah kita masih menggunakan mata uang VOC 😊,@junaidi4557,0
"​ @sholihman budak spiritual klan dobolowi,mudah di bodohin dongeng klan dobolowi",@sukadarsukadar3290,0
"semoga saja mereka ngk tambah banyak. 
 biar kita bisa fokus memperbaiki yg salah dan menjadi lebih maju. 
capek ngurusin misinformasi terus.",@sidiqsuharno5570,0
Kayak si Anjing Yaman Bangsat BusEdan yg keluar masuk kampus memprovokasi mahasiswa ketika pemerintah sedang berusaha keras menahan gempuran finansial asing,@charleswiggins83,0
Bin apaan tolol,@PamanStalin,0
Goto tuh pas,@PamanStalin,0
"​ @PamanStalin males gw goto mah, gaje dia, lol",@MeiSusilawati-d6e,0
Singapore oi singapur . Kaya boleh tapi jangan ngerampok SDA Indonesia.  Apa ingin netizen Indonesia turun ranting lu punya usaha ? Masih nggak jera,@AzmiNirul,96
"24 Juni tetep di EM, tapi masih freeze buat nambah emiten.
banyak yang fear biar ritel pada jual , harga sahamnya murah, asing bisa serok 🤣",@ariwardianto8322,3
"Gara2 nonton chanel ini jadi ketularan mengumpat""anjing anjing piaraan j soros""",@supart4166,0
Ini salah S'pore dan M'sia ... Iri dengki dengan kehebatan Indonesia.,@EfendiHasan-l6o,24
Mantab om benix😊,@yeniulfa1952,11
🎉🎉🎉🎉🎉🎉🎉🎉🎉🎉🎉🎉🎉🎉🎉🎉🎉,@bangroy8946,0
"Doa sy  Bennik jd org dekat presiden biar bisa ngasih masukan luar biasa.sy ikutin pdhal ngk py saham dll ,analisanya slalu tepat cara sampein lugas,",@zumrotinj4397,5
Ayo rakyat INDONESIA STOP JALAN JALAN KE SINGAPUR .....,@dederusni8624,42
Malah gue seneng jika IHSG sampai 3000....saat all in lagi,@devalleichannel9742,0
👍👍👍🎉,@deddyirawan5140,0
"MSCI Review Indonesia kalah dari negara China dan satu lagi negara Malaysia rupanya 
Mungkin karena Malaysia mau jadi budak Amerika Serikat",@valentinoaldriansidabutar6191,3
India😂,@user-et3nz7zf8p,0
Maju terus om benik..💪,@RizkiFathu,12
Saya yakin seyakin yakinnya bahwa indonesia bisa bangkit lagi.saat ini mmg indonesia baru bersih2 tikus2 berdasi tp kedepannya pasti akan normal kmbl🤲💪❤,@lilikzlh,14
"Goerge soros kapan metongnya sihhhh, orang kaya dajjal gitu awet bener hidupnya",@ariexotic6638,0
Sell singapura,@SaptaMuhammadwidakdo-u5d,1
❤❤👍👍👍👍👍❤❤,@portgassace9873,0
Lembaga asing cuma pom pom....panic selling is a opportunity....mereka juga pinging serok bawah....😂😂😂😂,@devalleichannel9742,6
Kebingunganku sudah dijawab bennik👍,@YudhaaGaruda,15
"Itu' karena anjing""  🐕🐶 George Soros 🫵 🤨😠😡🤬",@intawaker,0
Singapore tanpa maling mana bisa kaya ...?,@fajarialfan8814,3
​ @fajarialfan8814 maling itu kuat di indon😂😂😂😂,@FitriHakim-o1g,0
Kita serang map Singapura aja hayu,@ArsidGaul-v4u4l,1
"Sebenarnya sudah sangat lama, cuma pemerintahan yang dulu nggak ada yang berani, sampah dari Singapur dibuang semua ke indo, coba pemerintah berani stop total sampah dari Singapor, nggelinding negara itu, mereka ambil yang baru dari indo sudah jadi sampah dibuang ke indo",@muslihanhadi940,0
Jangan mau kt di adu domba oleh bangsat2 asing aseng yg ingin Indonesia hancur. krna mreka tau Indonesia adalah lahan surga yg bs di ambil keuntungan utk negara mreka yg sampah.mreka ga mau Indonesia jd negara kuat krna akan mnyulitkan mreka bangsat2 itu utk mengeruk kekayaan alam serta uang dari Indonesia. mmg sengaja Indonesia di buat miskin dan bodoh spy gampang di perbudak. INGAT KITA BANGSA INDONESIA JANGAN JADI ORG TOLOL YG GAMPANG DI PECAH BELAH DAN DI BENTURKAN SPY SESAMA KITA BERANTAM. KITA PERTAHANKAN KEKAYAAN ALAM KITA SPY TDK DI CURI LG.,@lakimantap3584,0
Mangkanya pinter biar ga di maling,@regiazeek6724,0
Singapure yg anjlok kaleee... indonesia stop kerjasama sm singapur bs sekarat mereka.,@kocengOyen-d7t,0
​ @kocengOyen-d7t ya ayo putusakn hubungan diplomasi singapore gak gentar😂😂😂 sama negara indon miskin😂😂😂😂,@FitriHakim-o1g,0
indon rupiah anjlok😂😂😂,@FitriHakim-o1g,0
Tenggelam kan singapore,@sodikin1937,0
uasaha apa ya yang singapore punya di indon😂😂😂😂,@FitriHakim-o1g,0
Salahkan pejabat kita yg jadi mafia.......,@mypuspus9061,6
"​ @mypuspus9061  konglomerat kita yg ngearampok yg lu salahin pemerintah...oh ya,btw konglomerat kita itu statusnya msh rakyat loh walaupun golongan menengah atas,dan ya...ternyata rakyat kita itu bermental maling tp suka nyalah2in pemerintah alias sudah nyata salah tp malah nyalahin orang lain😅",@mierebuspaketelor4996,0
​ @mypuspus9061 pejabat apa konglomerat maling toh mental rakyat kita juga begitu belum ada jabatan mencaci setelah dapat jabatan ikut maling juga,@zaenalabid2729,2
Woi blog Londo Ireng dah mendarah daging.......,@okelahco,1
Dalam sistem kapitalis memang hal itu boleh boleh saja kembali lagi emang yang bolehin indo dirampok siapa warga apa oknumnya,@ARGUSEROR,0
"Selama Russia & Tiongkok masih berdiri kokoh, Insya Allah Indonesia aman2 saja",@alparslankhaan1071,2
😂😂😂,@navigasiin,1
Ini semua salah malaydesh 🤣🇲🇾♥️🇧🇩,@malaydesh_babu_british,0
"​ @malaydesh_babu_british 
Betul ... Habis semua tkw dientoot'nya. 

👉👉👉 #tkwvsbangla",@EfendiHasan-l6o,1
"Tp pr pejabat pr artis , org kaya Indonesia pd suka jalan 2 belanja 2 berobat dan menyimpat dwitnya ke singalapar .",@Eyangjoliejolie,2
 @Eyangjoliejolie Singa Poor = Singa Miskin 😂😂,@alparslankhaan1071,0
Bilangin hilangkan dari peta asia 😂,@Belumliat,1
​ @Belumliat jatuhin gas LPG 3 kg😂 mo nyumbang brp?,@Operasisenyap-x4t,0
Ah jangan jangan lu aja kali yang ga mampu jalan jalan ke singapura. Sirik aja jadi orang,@maRvelus01,0
saya termasuk,@sozang7306,0
"hahahah bodoh tiada kaitan dgn USA pon, sikit2 budak amerika. bangang",@hfzhnrazz,0
"Tapi benar usaha  di indonesia ini bahaya , tidak transparan dan lain lain . Intinya kita ini KKN masalah terbesarnya , saham saham ini penuh gorengan , terutama saham pemerintah itu direksi titipan semua bahaya itu , kaya bank cuma 1 saja yang benar dan kuat BCA  ,  mandiri bri bni saham yang di kuasai pemerintah yang jalanin saja gak jelas negara saja di korupsi apalagi usaha .  Fakta di lapangan itu pemerintah tidak pro usaha yang tidak mau di ajak KKN dan menghasilkan bagi oligarki",@finalchoice8668,0
websitge KSEI nya aja kayaknya udah lamaaaa gak diupdate,@hannadanarslan,0
"Media2 yg nyebarin berita hoak, mereka itu kurang MBG 😂😂😂 jd banyak yg stanting bang 😂😂😂😂",@antoniBaturaja-d8m3w,0
Orang tolol dan bodoh....juga antek antek asing banyak di Indonesia termasuk menyusup menggunakan tangan mahasewa mahasewa bodoh,@riawanprabowo5600,0
Majalah tempe tahu.bikin k,@SunarSunarjo-z9h,0
"Emak sama bapak u bikin u gelap gelapan, Indonesia baik2 aja orang goblok yang doain negaranya bangkrut",@kingfarm4147,0
Wkwkwkw... Tukang cireng sempol sampai emak emak penjual jamu sudah faham  politik ekonomi apalagi jos Soros,@ayomain2022,0
"Masih menunggu video Om Bennix roasting ""Professor peliharaan Goerge Soros""😂😂",@pembayunbuyung7059,1
"Yg selalu mengambil kesimpulan negatif tentang Indonesia, mereka kaum sakit hati/kaum kalah pilpres   .",@Nurinsan01,0
"MSCI group nya JP Morgan... Fakta terbukti manipulasi bursa dan terjerat hukum.. Dia minta transparan ke negara lain agar mudah dimanipulasi. 
Dari dulu Gua gak percaya review nya.. Bodoh amat
Maju terus indo.. Tetep perbaiki jangan peduli MSCI",@mustamekonline,1
"OJK keliatannya msh pasif, dibanding bapepam dulu",@langitcerah-jt7qk,1
"ya ada plus minusnya sih bursa kita ambruk gara2 george soros , kapan lagi bisa beli BBCA di 5000.",@vendry7234,11
"Waduh memang kacau untuk para analis di negeri wakanda, memang cuman bisa membuat masyarakat panik doang sampah",@andregista,1
Mas tyo itu salah satu orang yg berjasa buat george soros g ya?,@stoklingbos,0
"MSCI lagi nunggu ""cuaca"" paling menguntungkan Bossnya apa..sebaiknya in time of storm stay rooted..focus pada value dan evaluasi fundamental :_SEDIH:",@felixnyoman,0
negara salah urus,@xxx-x2q4r,0
Lah bukannya yg ngegoreng isu MSCI ke frontier market kan elu juga om 🗿,@lhunt1371,0
"Yg jelas banyak yg g suka kalau indonesia makmur dan sejahtera jadi hati"" warga negara indonesia.jgn mudah di Adu domba karena nantinya anak cucu kita yg sengsara.tetap kita gaungkan bersatu kita teguh bercerai kita runtuh. Jgn tergiur uang receh .kita harus satukan hati tegak kan KEDAULATAN RAKYAT.💪💪💪",@WiniYuliati,1
"Alhamdulillah.
Terimakasih Bennix, kamu memberi pencerahan diantara manusia dungu yang memikirkan perutnya sendiri.",@WahyuHidayat-d5o,1
"klo MSCI mengumumkan tgl 23 Juni, Ramalan Bang Ben Miss,hehe MSCI tdk mengundur jadwal pengumumannya.",@hannadanarslan,0
Saya suka imfo benik datanya obyektif .dan tetap bela kepentingan rakyat.,@undangleo5863,120
🤣👍,@hakeemdj368,0
"Me too. Bahkan yg dikeluarkan dr MSCI juga perusahaan yang masih worth it untuk dibeli. MSCI kan cuman indeks, untuk memudahkan, kurasa investor punya cara berpikir masing2",@rossyacrochet,0
4000 😂😂😂,@firmanhadiwicaksono3397,0
emang kapan dia ngomong klo indo bakalan pasti ke frontier?😂,@fajrimaulanasaputra3400,0
​​ @fajrimaulanasaputra3400 gak ngomong bakal ke frontier market tapi ada videonya konteks a indonesia diserang MSCI bahkan om bennix bilang sendiri 60% dia percaya kalau Indonesia bakal di down grade saat itu,@lhunt1371,0
"Jika benar Bennix memihak kepada anak bangsa kenapa dikenakan yuran belajar trading 10juta? Gratisin aja bikin konten tutorial.. sok ngomong aja si bennix ni, ujungnya sama spt yang diatas, memeras yang dibawah.. sedihnya ramai yang belum sadar.",@mycatmaui1969,3
​ @mycatmaui1969  kalo kasih gratis trus org yg udah di bantu apa mau jg kasih ilmunya gratis ke orang lain ya.,@Manusiatanpautang,1
"​ @mycatmaui1969 anda benar harusnya gratis, karena yang masuk trading pasti orang-orang miskin",@widiyantozaini752,0
​ @mycatmaui1969 10 JT tuh tarket marketingnya orang kaya yang mau menggandakan kekayaan bukan orang miskin,@FajarWijaya-oz8yd,0
Buzzer?,@rakyatbiasa837,1
"​​ @rakyatbiasa837 kalau buzzer boleh berarti orang yang selalu optimis tentang keadaan negara ini, mungkin iya buzzer. Lawannya buzzer adalah orang yang selalu mengeluh dan pesimis tentang kondisi negara ini, bahkan merasa negara sudah gelap, bahkan kepingin nya hancur. Buzzer > < ant3k-ant3k anj1n9 eh salah ant3k-ant3k asin9",@widiyantozaini752,0
 @rakyatbiasa837  buzzer singapura sampah!!,@kangcilok4878,0
Berat sebelah iya 😂,@dedecahyaaa,0
"Objektif versi wowo, lucu😂😂😂",@YorisGilar,2
"​ @YorisGilar orang yang berfikir secara subyektif, nggak akan nyambung dengan orang yang berfikir secara obyektif. Kalau sudah benci sama yang ""melakukan"" tidak akan peduli dengan apa yang ""dilakukan""",@widiyantozaini752,5
😊😊😊😊😊😊😊😊😊😊Saatnya INDONESIA MENJAJAH....MANTAPPPPPPP❤❤❤❤❤❤❤❤❤❤❤❤❤❤❤❤❤,@bguy8994,0
"Klo masih ada uang BUY aja , mau frontier market,mau apa aja gada masalah 
Saatnya gua harus kaya Raya Lagi diskon 50%
Rubah T1 jangan T2 kelamaan udh libur Mulu",@Ridwan11-l2d,1
Percaya lah kawan..... kita akan di adu domba dg saudara sendiri.yakin asing akan gerakan mahasewa untuk gulingkan pemerintah.... sabar pak prabowo saya keluarga petani siap bentengi dan geger geden sama mahasewa,@sutano45,0
"Buat patriot bangsa, satukan langkah kita mengawal Indonesia maju, pengkhianat harus kita sikat, brp pun harga yg harus kita bayar atas sikap ini, anak bangsa tdk pernah takut atas konspirasi pengkhianat dan musuh bangsa Indonesia",@newblackberry7921,11
Sakti hariyoso hadir....mas Bennix,@sitifathonah4838,0
Weh... ternyata Malaysia yang bagus bursa efeknya :face-blue-smiling::face-blue-smiling::face-blue-smiling::face-blue-smiling::face-blue-smiling::face-blue-smiling:,@johnsuparko9900,2
Indonesia BISA Indonesia BANGKIT 🔥,@hudandaily_channel9410,10
Para ternak soros dan ternak jokowi tidak pernah senang melihat pemerintahan prabowo,@asdarlasi,1
Nonton pengamat di TV juga pada ngaco 😂😂😂,@alihamzah1492,7
"Mahasiswa tloll yg tidak berguna bagi negara...
Demo dibayar oleh oligarki penghianat bangsa yg membuat Indonesia semakin hancur",@lutfiza4098,1
Pasti bnyk yg ga terima ini dibongkar?,@raisamanah,8
Org indo sukanya tempe bacem soalnya bg🤣🤣21:40,@amogtuzz2582,0
"listing tiba2 gocap, GOJEKK WKWKWK",@hood-v4s,0
"Hancurkan perekonomian Raja Singa ,biar miskin 😂",@djunaidinatan5964,0
Kukira ga upload😂,@riyanhidayat3434,0
Jepang atau sgp yg k2?,@raisamanah,0
Kreeen,@dinasmrsuaraalam3518,0
Lihat ekonomi lemah lesu bang. Sudah La bukti yg kita butuh kan bukan angan2 dan surga teLinga. Lihat ke bawah bang mencret ekonomi nya,@lisacen8901,0
"MSCI akan mundurin pengumuman 3 bulan lagi supaya IHSG bisa dijatuhin sekali lagi kah ????
kalau langsung dibuka lampu hijau, enak lah jadi indonesia bisa fokus benahin semua kebijakkan ekonomi dari MBG, ekspor satu pintu, kalau bisa import juga satu pintu, lalu Hasil devisa bisa diendapin buat memperkuat nilai rupiah, dan yang terutama pembenahan di sektor energi termasuk import bbm dan subsidi gas masak.",@wellywinarto1364,78
Hajarr om ben😂😂😂otak2 oyosss itu😂😂,@Muzyogifalih09,0
Mantappp,@bguy8994,0
INDONESIA BANGKITTTTTT BOSSS,@bguy8994,0
ternyata Om @Bennix ogah nyebutnya 😂😂😂:_MARAH::_MARAH::_MARAH:,@felixnyoman,0
👍,@Riskikurniawan-e3y,0
Makanya aku udah gak pernah nonton debat² pengamat di tv..dah enek,@deastea79,1
"Sama saya juga,udah ga nonton debat2 ditv lagi,saya sekarang pantengin yutub bennix aja, biar ga bodoh😊😊",@mounime_official,0
Saya suka Tuempek,@Tuempek72,0
"di live member sudah dijelaskan sama Om Ben udah dari berapa minggu lalu memang bakal ditunda ini kalau seandainya tidak langsung diturunkan di frontier market makanya MSCI itu bisa jadi tunda untuk menunggu event besar yang bakal obrak abrik indonesia, terutama di bagian minyak. supaya ada alasan buat turunin frontier🤣 😂",@yuuza7818,9
Ambil sisi positifnya buang mental negatif,@endragoxglobal2853,4
"​ @endragoxglobal2853 benar dari tampilan saja yg nehatif slalu pesimis,nada teriak2 slalu jauh dari akhlak dan sifatnya bkn rahmatn lil al amin tapi buat gerombolannya sj jauh dari kedaulatan negri nya jg amat tdk nasionalis.",@samiadi2163,3
​ @endragoxglobal2853 amiiin,@wellywinarto1364,0
Gpp 3 bulan gajian allin 😂,@AgusSupriyadi-g6q,0
"Kalau Juni ini masih freeze, berarti mereka belum selesai akumulasi masifnya..!??",@ibrohimbaim1474,0
"​​ @ibrohimbaim1474 investor asing akan hold dananya, kemungkinan dana akan masuk akhir Juli setelah laporan keuangan kwartal II keluar, itupun paling sekitar 20%, baru harga saham akan naik. Tetapi ada satu hal yang akan mengakibatkan pasar saham kembali tertekan atau masuk mode bearish selama satu bahkan 3 bulan. Makanya repot juga.",@wellywinarto1364,0
"​ @ibrohimbaim1474 salah, mereka itu belum masuk karena mereka mau masuk di harga lebih murah lagi, sadis emang bro fund asing ini. liat aja bursa saham india dikasih hancur lebur dulu baru asing masuk besar. di indo mah belum masuk gede",@yuuza7818,0
MSCI juga galau 😂,@tu-tti-fru-tti,0
"Makanya dengerin bennix, klo media2 indo😂😂😂, apalagi influencernya😂😂😂",@Priaisya-t7j,0
"Siap siap next level ges, game nya makin sulit kedepan. yang gak siap biar mereka mati dengan kebodohan sendiri",@KUR0T0D21,1
Gassss nonton bang ben🎉🎉🎉,@asrychanel9844,10
Hoax itu perlu untuk menjatuhkan,@ZiaTanisa-n2g,0
Berarti rakyat kita sendiri yg bikin anjlok.,@1931-n2d,0
"Yg jelek adalah ngapura banyak menipu perdagangan komoditi Indonesia dgn underinvoicing., bahkan merusak mental penguasa Indonesia dengan menyuap agar bermain kotor yg menguntungkan Singapura. Ini kurang ajar, hrs nya MSCI beri rating down grade negara Singapura penjahat dan penjajah.",@Abraham-c2b4g,3
Narasi-narasi pembodohan bergentayangan.😂,@DjiniWuryanti,1
"Bang bennix.

Tolong jelasin ke prof Fery biar dia tau yg sebenar nya biar dia gak nyebarin isu klw indonesia mejuju bangkrut.",@Fasuq7765,1
Klu ada netizen yg sebar hoax seharus kita sama2 blokir akunnya aja.dan bikin dia bisa dicabut kewarganegaraannya.,@sahrulsaputra6868,0
Hadir nyimak,@adamcholizz3078,0
Mereka anjg2 asing tidak akan berhenti menyerang Indonesian,@BalvirKsp,1
#mantap,@nusapostchannel4396,0
"Folowers media Tempo rata-rata orang yg literasinya rendah, pemalas,  sumbu pendek, hobinya ngamuk2 gk jelas. Klo mereka pinter, bisa cek sendiri data real nya di internet apalagi sudah ada ai. Biar gk kena tipu media abal-abal macam Tempo, dll. 😅",@kucrit008,124
Kmrin suda dibuka 1% kepemilikn saham ini msih lanjut ga sih?,@raisamanah,0
"Ulah Asing dan Aseng..
Vietnam dapat pulung nya",@dwioktanugroho,0
"mantab bang benn, lanjutkan",@windtalkers4556,6
Apakah artinya sudah waktunya masuk om?,@ahmadnurrokhim7016,0
Biasa bang karna kan banyak agen CIA  di Indonesia bang mengadu domba biar makin ngak karuan,@OktaAdiprayoga,0
"biar harga saham beberapa perusahaan turun drastis dan Rupiah melemah om, biar bisa beli saham harga diskon 2X (kurs dan lot).
 dan masih menunggu koruptor diLindas pakai Tank!",@Anbu_Kazakhstan,8
"Termasuk mahasewa juga ikut ikutan, dan jadi korban hoak",@nurochibropiek709,12
"Kan tu negara ternakan Amerika, pasti ngga terima lahhh, entar kalau mamarika dapet suplai chain mahal kolaps lah mereka",@ariexotic6638,2
Tiap hari udah di bilang profesor Abal Abal masak kamu gak paham,@BusanaHijabJilbabCantik,0
Ya susah bos apa anda gk curiga kenapa sipropesor itu kok slalu tebar pesimis dan kesannya profokatif banget gk secuilpun buka real data2 kayak bang ben slalu jual narasi?????😂😂😂😂,@samiadi2163,0
Sahamnya ada yang di miliki oleh jos Soros,@kaseman6113,9
Media tempe=corong usa/ eropa,@chozinudin5825,9
​ @chozinudin5825 Tempe kalau nggak jadi jongos nggak punya duit....,@dwimulyati1440,0
Tempo itu tiruan majalah Times amerika😅,@neneklampir6664,4
"Follower tribun,tempo rata rata ternak Abah",@bintangbara9743,3
Seharusnya dipenjarakan semua orang di media tempe itu,@taubatannasuhah..2,0
followersnya rata-rata barisan sakit hati sjw twiter,@mephisto9260,0
"Majalah tempe itu memang benalu dan parasit yg hidup dr menghasut ,hoax,Demi cuan kucuran dana asing ,majalah inilah nyata penjilat pantat asing",@yosotanaka269,0
"Makanya ada MBG, supaya generasi selanjutnya punya batok kepala itu isinya otak bukan angin 😂",@RambutGulali,0
Sampeyan pancen ngene👍,@hustonoarifin7215,0
Kata benix Anjeng-anjing peliharaan itu😅,@cobacoba6746,0
Ngomong kok nyata sih😂,@jagadsamoedra5828,0
"Media TEMPE memang sudah waktunya Haris di BACEM?! nitizennya isinya orang"" pesimis dan suka nyinyir",@RiniKolektion-st7bm,0
TEMPE ... ADALAH  ALAT MEDIA ASING UNTUK SELALU MENYEBARKAN BERITA HOAX DAN MELAWAN KEBIJAKKAN PEMERINTAH  ...LARENA TEMPE ADALAH SALALH SATU MEDIA YANG DIBIAYAI GEORGE  SOROS..DAN JUGA OLIGARKI...MEREKA INI ADALAH MEDIA PENGKIANAT  BANGSA..,@anwarjayaabadi5679,0
Setuju. Banyak yang mengira media Tempo itu NETRAL. Padahal media itu banyak proxy asing. 😊,@hakeemdj368,7
​ @hakeemdj368 cerdaas...,@SuryantiSutrisno,0
Si tempe bacem mah jls2 sdh dpt langganan aliran dana secara rurin,@kucinggarong-sg3ex,6
Haahaha.. soros lg soros lg. Gkda yg laen bg😅,@rendrapribadi,3
​ @rendrapribadi  emang belum tau ya kamu kalau ada dana dari yayasan dari LN,@edobae7391,7
" @rendrapribadi  Bang Bennix fokusnya sama Soros doang keknya. Pdhal ada juga Blackrock dan Vanguard. 
Moga kapan"" bang Bennix mau bongkar jg kelakuan kartel saham itu biar makin banyak yg terkaing-kaing.",@InovasiSDM,1
"​ @rendrapribadi ada bang, anjingnya 😅",@cobacoba6746,1
ada yang keberatan PERTAMAX naik.. pro kantong dewe...:_MARAH: apakah kualitas terpelajar ?,@felixnyoman,1
Bukan korban hoak tapi bayaran,@permen-gpp,1
Bukan korban tp emang udah ada pesanan,@adolffranz9502,1
Itu settingan ada doktrinisasi dibalik itu mereka dijadikan penganten/pion majikan tinggal pegang remot😂😂😂dibalik layar nya ya itu2 doang😂😂😂😂😂,@samiadi2163,0
"Banyak peserta aksi demo tidak pernah bertanya mengenai isi rekening korlapnya. 😊
Mungkin dikira para korlap itu manusia suci semua.
FYI, sejak menjelang Reformasi 1998, aksi demo itu sudah jadi bisnis tersendiri. Tarifnya mulai dari puluhan juta hingga milyaran rupiah. 😊
Sungguh naif para mahasiswa yang gak paham itu.",@hakeemdj368,0
mahasewa semua otaknya goblok,@wayanadiantara6035,0
Lucunya para pengkhianat bangsa. Mereka terima uang dari golongan golongan yang ingin beli aset2 Indonesia di harga sampah tanpa menyadari mereka sendiri bakal dijadikan tumbal 😂,@ChenLiangHuang,0
"Sadar GK Sih Komentar Mereka Aja Yg Udah Ke Cuci Otaknya Oleh Media Media Itu, Kalau Di Tanya Kesimpulan Aja GK Bisa Jawab. Bisanya Cuma FOMO Indonesia Gelap, Lihat Tuh Yg Kemarin Mahasiswa Ngaku Di Pantau Sampe Di Pasang Alat GPS, Ngakunya Gara Gara Ikut Demo Kritik Pemerintah, Mana Pas Demo Paling Mencolok, Curiga Bayaran GS And Gank",@AldiSahputra-x6o,8
"Mereka jual hoax, buat nyerok di harga bawah.. sebab Ritel lokal yg invest panic akhirnya jual barang bagus 🤣🤣. Ajaibnya ritel fomo Indonesia malah memburu emiten yg dibuang MSCI 🤣🤣",@zulfikararma4536,8
Krn  bnyk media sdh dibeli oleh george soros om Ben.....utk menurunkan kepercayaan investor luar thdp pemerintahan skrg...,@D4nkee,1
"Hoax, Scam… sejak digitalisasi, kadang yang otaknya ga nyampe, selalu di telan mentah2😅 setuju memang BEI dan Danantara harus bebenah.. dan transparansi🎉",@LiesNandiana-z2e,0
"Trimakasih bang Bennix❤❤❤almost loosing a hope for a better Indonesia last day.
Miss you always",@AkunBelajaribuk,5
emang investor itu manusia makanya banyak tololnya 😂🤣,@Nakaya123,0
Emang media pengkhinat bangsa,@kingfarm4147,0
Selalu hadir👍,@YuniYuni-t5s8m,6
"Brrti msci masih banyak pr untuk menurunkan rating indo? Msci butuh waktu lebih, pengumuman diundur..",@adhit1200,0
Selalu hadir nyimak full om bennix.,@fuzimay611,6
Influencer indo banyak yang goblok juga ternyata,@ajuncepplux8412,0
Hadir donggg like om Ben 👍,@FebriWaldi-f2k,1
"Saham PURE, BEI tangkapi semua dong",@ibrahimwei4801,0
"Jijik gw memuji bursa efek Indonesia😂😂😂😂
Asli ini",@nobodycares1-123,13
Tebak negara masuk perempat final pildun 🤑😁,@pojiajaib,0
Amerika selain China,@hadigunawan-f7s,0
Hadir,@adityapratama90,0
Saya ucapkan terima kasih atas crash karena perusahaan bagus sahamnya harga diskon 😍😍😍😍,@aefsaefulmunawar4260,0
msci standar internasional jadi yang percaya juga dari luar,@Doniudinkk,0
"mahasiw aneh,",@adityahendry,0
"Yg ga maen saham pasti ga paham, gw lagi nunggu ihsg turun dikit lagi biar enak nyeroknya, ada satu badan yg gw incer poinny belum turun2. Kemarin pas saham diatas gw jual semua soalny kata bennix bakal turun dan bener njirr, demen banget gw klo udh begini. Lol.",@MeiSusilawati-d6e,2
 @MeiSusilawati-d6e  apa tuh?,@anakbandun778,0
​​ @MeiSusilawati-d6e LSIP kah bang? Karena di tengah2 berita msci ini emiten ini salah satu yg paling gacor pertumbuhan sahamnya,@rahmatkarim90,0
Pinteeeerrrrrrrrr,@maRvelus01,0
"Mening nonton ini
Maren sy nonton Aa Gym
Percuma sy kapok Demo
Rezeki kita BKN dari dolar
Rezeki kt dr Allah
Klo ud rezeki kt gk akn kmana
Jgn mnuhankn Uang
Allah yg mmberin Kebahagian
Bkn uang bkn dolar

Tolong pa bennix d respons
Klo ada ulama mengutip dalil
Gmn mnyikapinya spy Tdk mmbingungkn
Makasi",@pawerrenzer,2
kenapa sekarang medianya cnn cnbc Bloomberg emang tvri rri dan antara pada kemana... kayaknya pada makan gaji buta doang media yang di bayar negara...,@maspulhamidi8856,5
bangga dengan kertapi laju tapi muka petak malu membahas sekolah di indon seperti kandang binatang muka jijik muka panik yang bodoh IQ 78 muka kotak yang bodoh seperti gorila apa lagi presiden indon yang bodoh dan jijik seperti binatang dan tidak hairanlah presiden kamu seperti binatang sekolah kamu pun seperti kandang binatang dan muka kotak sok sok pintar tapi bodoh muka petak seperti gorila membahas negara orang tapi negara sendiri tidak bercermin bodoh,@rajinansimin,0
"Om ban ada berita pabrik suku cadang mobil jepang pindah ke Vietnam, berarti sistem demokrasi Indonesia gak cocok di terapkan di Indonesia banyak perubahan elektronik dan lain lain pindah ke Vietnam, lama lama kaya gini kaya hegonomi demokrasi sistem buat Amerika Serikat kalah dengan sistem komunis Vietnam China ,media milik negara mereka pintar menyebarkan propaganda pariwisata dan lain lain , salut dengan Vietnam",@PUTRI.OKTAVIA.1,1
"Tenang saja kawan indonesia akan baik baik saja ❤❤
Jayalah negeriku jayalah Indonesiaku ❤❤
I love negeriku INDONESIA ❤❤",@agenagen1310,249
Gilaaaa orang” jahat kek bgtu apa mereka gak bertuhan ya ? Apakah mereka kira uang bisa membeli kehidupan yg lebih kekal setelah di dunia ini dengan membeli hakim sidang di depan tuhan 😢,@hallolala9025,1
Bukannya lokal malah gak takut? Buktinya tiap hari beli buangan asing yg kabur dari IHSG,@yonasrioanggara1628,8
Setia selalu nonton Bennix,@hendrikhendrik5963,57
Giring mulu,@tommynugroho4335,0
"Ganti semua Mentri pariwisata ganti juga pimpinan media milik negara,kita harus contoh Vietnam pariwisata berkembang devisa mengalir karna media gencar melakukan propaganda di luar negeri menarik turis pariwisata investasi investor  kebijakan satu expor harus di manfaatkan dengan baik",@Indonesianmen123,0
Hadir nyimak Om Benn,@dionatla1406,1
Yg bilang IHSG akan di downgrade ya siapa lagi kl bukan Ferry Latuhihin yg doktorNYA kagak jelas KAGAK PUNYA JOURNAL. Mana ada doktor kagak bikin journal 😜😜😜 ini mah title NGARANG!! Ini org udh gelar nembak ngejar jabatan dgn bluffing doang😜😜,@blueepenguin5322,0
"Om kok om apdet terus sih baca news terus ya om, gimana cara konsisten baca news om",@NafindiHaliyanto,1
Akibat bilang negara jiran bangkrut akhirnya negara sendiri bangkrut 😂,@mohdazli3516,0
Bang tanya kalo main Forex gold judi apa ga itu mohon penjelasannya,@bimasaktisy,0
Apa sisi positifnya cabutnya 139T dari indonesia?,@dwiokvi4112,0
"Dua pabrik otomotif perakitan mobil akan sgra henkang dr indo ke Vietnam,sktr 3000 pekerja atau buruh akan sgra di rumahkan ,pabriknya ada di Mojokerto",@BudiPratomo-x4y,0
Bukannya lu sendiri bang yg bilang indonesia akan di downgrade ke frontier market,@heriyansyah684,0
"Investor kabur penghianat bangsa bertaburan dimana mana rakyat Indonesia mudah diadu domba,, lengkap semua tantangan Indonesia untuk jadi negara berdaulat dan maju",@ahmadzaki-z4q,67
Tumben upload malam bg ben..,@danzai_kunn91,0
"Kalau sudah ngomongin agama. Terutama agama yg ono, agak sensitive. Jadi tidak perlu ada komentar. Sudah pada gede, jadi mikir sendiri sendiri saja",@maRvelus01,1
S & J,@rheydinata1009,0
kalau pabrik Produser passenger - car buka di indonesia.. walau ada produser yang pindah..yang terpenting ada yang beli 😮 dan ingat indonesia konsumer yang cukup besar. lagian sehat untuk fiscal Indonesa..still a WIN untuk Indoneisa... Imho,@felixnyoman,0
"Kita harus saling bahu membahu, dikampung biasa² saja semua kerja, cuma dikota yang banyak kepanasan karena diatur oligarki",@muslihanhadi940,4
​@muslihanhadi940 coba mas luangkan waktu untuk memperbanyak literasi. Efek domino kepemimpinan amburadul dan pengelolaan keuangan negara yang tidak baik jg berpengaruh ke banyak sektor. Tidak melihat anda orang kota ataupun desa. Tidak perlu menjadi buzzer dan penjilat dengan mengatasnamakan orang desa,@rakyatbiasa837,2
Aamiin yra ..Insha Allah Indonesia baik2 aja.enyahlah para pengkhianat bangsa...aamiin,@ritaadivaraeyrza6581,2
"Betulll indonesia tidak akan kelaparan, nasi melimpahhh lauk pauk asal ada kail melimpah, ternak melimpah yg ngaco memang media yg bawa berita2 hoax",@adamjupriofficial3716,1
wakwakwak😂😂😂,@DodyCivil07,0
​ @DodyCivil07 lu lihat sampai selesai kagak,@HariYadi-m7i,1
Tolol,@hadihadidijalan4091,0
"Indonesia baik2x saja bro, IHSG anjlok karena M3G & KXXX dan 
msci koreksi saham indoneisa di tambah om wowok byk pegang mic",@lirangkingdurian,0
Jangan mau kt di adu domba oleh bangsat2 asing aseng yg ingin Indonesia hancur. krna mreka tau Indonesia adalah lahan surga yg bs di ambil keuntungan utk negara mreka yg sampah.mreka ga mau Indonesia jd negara kuat krna akan mnyulitkan mreka bangsat2 itu utk mengeruk kekayaan alam serta uang dari Indonesia. mmg sengaja Indonesia di buat miskin dan bodoh spy gampang di perbudak. INGAT KITA BANGSA INDONESIA JANGAN JADI ORG TOLOL YG GAMPANG DI PECAH BELAH DAN DI BENTURKAN SPY SESAMA KITA BERANTAM. KITA PERTAHANKAN KEKAYAAN ALAM KITA SPY TDK DI CURI LG.,@lakimantap3584,0
indONEsia... Nomero uno,@mreza1122,0
"Karena Indonesia dan india adalah saudara kandung sedarah, salam rahayu para jamet prindavan ❤",@kolakpisang2758,2
wakwakwak😂😂😂,@DodyCivil07,0
Loker jadi buzzer dmn?,@rakyatbiasa837,0
 @rakyatbiasa837 buzzer teriak buzzer cak kocak😂,@jalilfaza,2
​ @rakyatbiasa837 coba tanya anis kan di Ketua buzzer nya,@dimasbaskarayudha9742,0
Tetep aja porsinya beda kan,@LeiteFrandale,0
Agen VOC di Indonesia,@RiyandaTaswarTaswar,1
Tiba-tiba nongol dr dulu nga tau dia ada😂 komplit dgn outfit nya yg ala2😂😂,@YuniYuni-t5s8m,0
Abis dapet buff ungu kali .😂,@rheydinata1009,0
😅jenius bro benix sekali baca langsung 😅 tahu,@BusanaHijabJilbabCantik,0
Suka suka lu. Uda gede masih aja nanya beginian,@maRvelus01,0
"yg namanya ""main"" dari jaman simbah saya itu nama halus dari judi. spekulasi = judi. 

Apa lagi spekulasi harga 10 menit kedepan, 1-2 hari kedepan, 1 minggu kedepan.

Ga ada orang namem padi panennya 10 menit, 1-2 hari, 1 minggu.",@roe_goodknight,0
Judi,@Bennix,0
"​ @Bennix master gema Astronacci main itu bang saya kelahiran 98
Dan dia juga buka edukasi Trading Forex Gold XAU tapi dari sisi pemerintah Indonesia tidak melarang trading forex gold


Kalo Saham ada perusahaan si A dan si B udah pasti ada barang jasa yg beroperasi dan berproduksi dan ada Kode PT perusahaan apa ada tempat fisik lapangan juga kalo dicari jadi Saham bagus buat investasi tapi Dana harus besar pas masuk dan paham Analisis Fundamental dan teknikal juga 

Terimakasih Bang Benik",@bimasaktisy,0
"Sisi positive nya, banyak saham bagus jatuh harganya. Kesempatan emas",@maRvelus01,0
"Byd baru buka pabrik
Hal biasa",@Sepatupriakeren,1
Bisa dialihin sih buat pabrik alutsista,@danzai_kunn91,0
​ @danzai_kunn91 buat panzer tpi yg di psen negara cuma 4 biji,@ardisantoso6017,0
"Buruh bakal banyak yg hilang, tapi president buruhnya sendiri aja bukan buruh statusnya 😂",@maRvelus01,0
Lah kocak saham vietnam aja di frontier market,@andiarnandi1567,0
"Akibat KALAH PILPRES, DENGKI 😂",@NgoaMumtaz,13
​ @NgoaMumtaz nah ini dia bro memang benar akibat hidup pake kebencian jadi bego negara aja dikorbanin  mereka tahan buat berita hoax biar negara yg di pimpin pemerintah sekarang terlihat Keos target mereka orang orang yg kurang paham cara pakai medsos .orang yg mudah ke tipu hoax pasti langsung emosi tanpa cek situs resminya 😅,@RobyPrimantara-s2n,1
Sepemikiran,@rmviralchanel2883,3
"Biarkan saja, 😊 ekonomi Indonesia itu terlalu berlimpah untuk di tinggalkan investor, santai saja, perkuat ekonomi Indonesia di dalam negri,",@INTROVERT-INTJ-w4g,0
"Bursa Indonesia 55% itu ritel, bursa bisa buat money laundry (ya.. mau gimana lagi), semoga oligarki yg mau tobat balik lagi ke Indonesia. Sebentar lagi menuju Indonesia Emas, kembalilah ke Ibu Pertiwi, enakan di Indonesia nanti. Itung-itung penebusan dosa dan memutihkan kembali harta2mu. Berbagilah kalau udah Tajir Keblinger, Indonesia Maju Bersatu.",@WyrexMan,0
"Ya pengkhianatnya di istana semua 😂. Lu kira dadan botak itu siapa kalo bukan lingkaran ring 1 juga 😂. Coba bongkar semua siapa pemainnya bareng di Dadan botak. Asing sebenernya cuma nunggu momen saat trigernya muncul. Saat ngomong ""Saham itu Judi"", ""Di desa tidak pakai dolar"", ""purbaya masih senyum ekonomi aman"" momen epic nya ya pas dadan Botak ketangkep + motor listrik nya itu. Berapa duit yg dihamburkan buat kaos kaki, sepatu, dan motor listrik. 😂 Kan memperkuat dugaan warga Konoha sendiri terkait korupsi embege 😂",@anjimukti7268,5
"​ @anjimukti7268 siapa yg bilang penghianat negara cuman ada di satu sisi?? dia bilang ""ada di mana2"" jelas paling banyak ya yang punya kepentingan lagi2 ya di lingkaran pemerintah, pengusaha yg di rugikan juga banyak, tapi ga usah menutup mata kalo banyak rakyat sendiri yg ngedoain negara nya sendiri ancur. Itu di sebut apa?? Penghianat negara kan?",@chikachuu7756,14
​ @anjimukti7268 nonron benix kok gak cerdas2 bang .,@muhahani5837,0
❤,@marlianberlian582,0
gasss serokkkk,@lingkaranhening9481,1
"dari zaman VOC, yang namanya org asing itu ga suka org pribumi NKRI ini maju.",@alcarhm2023,0
Efek jogo nya kalh,@ekoeko9363,0
bener bangettt om ben,@contact28,0
"Bahas ni bang!! Kenapa TURMENIKISTAN serahkan sumur Migasnya bernilai Milyaran Dollar AS ke MALAYSIA??😮https://youtu.be/Jp8d4HzCI4w?si=4KWBVaals8wBV1Uk😮
😮😮😮😮",@MIRACLICIOUS,6
"Termul2 pada cari BODREX, krn roy CS dibebaskan, krn kasus nya gak bisa p21. Mulyono gak ada ijazah.",@langitgakpunyatiang,2
⏳ Real Time ⌛,@limanliem,0
Cegah Hoax bang Benix gw,@keluargabhgia5069,0
"Memang kupret asing tidak senang negara ini maju,,,
Semangat om ben kupas tuntas mencerdaskan bangsa melalui konten edukatif tentang ekonomi regional🎉❤",@hya8745,120
Cilegon Banten hadir bang Benix,@keluargabhgia5069,8
Msci ini kenapa nyerang indo mulu? Fix ada agenda nya ini,@frhnalfrzi1182,1
"Maju terus pantang mundur!
Merdeka!💪",@setyowido2615,12
Malang nyimak,@Irwancanary,0
Absen pertama om ben dr bogor 🎉,@hya8745,1
Karena Petronas perusahaan raksasa dunia.,@mohdazli3516,3
​ @mohdazli3516 minyak milik sabah kembalikan ke rakyat sabah🥴 dokong free sabah✌,@RiyandaTaswarTaswar,0
Up,@leon-1je,1
up,@bendailylife,0
Apa sih buzer tolo. Gk nyambung blok,@EbotZ-Al,0
Yg lebih parah tu plat g askanezy kok ngakunya plat j😂😂😂😂😂jauh amat pembodohan masiv dg modal ngaku2 parahnya semua budak2nya slalu melawan negara .,@samiadi2163,0
Bikin kacau.. kecuali abud Yaman jadi presiden,@Ramos-sofian,0
​ @Ramos-sofian tambah hancur berkeping2 sejarah sdh membuktikan suka nempel doang budak2nya suruh kerja buat setoran😂😂😂😂😂😂,@samiadi2163,2
Kalo Indonesia maju malah jadi ga bisa di kuasain..Indonesia itu bakalan di lepas kalo dah ga ada gunanya lagi 😌,@meryankorrin5182,0
"Susah y jelasin ke IQ cuma 78. Ya jelas kok, itu Suharto juga kan sama konsepnya, disetel agar turun. Yg gk paham y gitu😂😂😂.

Skrg gini, deh.. yg BEM UI dpt mobil😂. Yg ketemu Gibran dibayar😂
Yg film pesta beb itu jg dpt dana asing 😂. Pdhl jelas2 kejadian yg di papua itu udh sejak jaman Jokowi. Kenapa pelurunya disimpen, trus sengaja ditembak semua ke Prabowo?

Ya sesimpel Prabowo keluar naskah😂

Penertiban perusahaan sawit, ekspor SDA satu pintu, pembentuknya SWF atau whale fund negara no 10 terbesar di dunia. Beli saham gojek agar dpt nurunin komisi aplikator supaya ojol lebih untung.

ini semua keluar naskaaah😂. 

Yg gak paham malah tereak ""asiiiing jgn keluar""

Sekalian aja teriak ""jajah kami donk""😂😂😂",@DesaPangkalBeras,0
maju apanya😂😂😂 dari merdeka sampai sekarang negara pada mundur terus😂😂😂,@FitriHakim-o1g,0
"Kok asing yg disalahin? Yg tidak mau negara ini maju ya pemerintah kita sendiri yg bikin birokrasi berbelit dan preman dan ormas dipelihara. Belum lagi semua lini, dari executive - legislative - yudicative isinya pada bermental korup semuanya.",@maRvelus01,6
"​ @maRvelus01 lihat topiknya dulu bro,memang data ilmiahnya menunjukkan asing  selalu mengganggu perekonomian indonesia yang di maksud asing benalu yang hidupnya menggerogoti negara kita",@maftukinhadilaksito1551,4
​ @maRvelus01  ini sslah satu penjilat singapore dan george soros.😂,@Arismardean,0
Terbalik. Justru karena banyak saham konglo yang sebenernya jelek mau jebak dan memaksakan agar masuk ke MSCI. Mereka mau nipu MSCI agar bisa jual saham mereka diharga tinggi dan ternyata MSCI tidak sebodoh para  pahlawan bursa yang sukanya beli saham gorengan and yang berkolesterol tinggi,@maRvelus01,0
